2,270,16,401,8,495,1,1,1
16,401,16,477,8,495,1,1,1
130,957,234,959,0,959,7,6,3
2,793,2,670,5,756,2,2,2
2,793,1,803,2,670,2,2,2
726,409,727,228,727,534,1,1,1
708,744,727,680,727,959,2,2,1
700,828,708,744,727,959,2,2,1
35,451,16,401,45,448,1,1,1
16,477,35,451,45,448,1,1,1
35,451,16,477,16,401,1,1,1
286,3,174,0,343,1,16,9,7
286,3,253,4,174,0,16,7,6
727,228,716,139,727,0,1,1,1
653,12,599,11,727,0,2,2,2
2,670,19,697,5,756,1,1,1
1,803,17,886,0,959,2,3,0
47,905,17,886,34,887,2,3,1
54,524,16,477,45,448,1,1,1
696,772,708,744,700,828,2,2,2
494,958,661,956,727,959,16,16,14
705,907,700,828,727,959,2,2,2
727,680,723,625,727,534,2,3,1
174,0,33,2,0,0,2,2,2
9,16,1,62,0,0,2,2,2
9,16,22,28,1,62,2,2,2
33,2,9,16,0,0,2,2,2
9,16,33,2,22,28,2,2,2
1,194,1,62,14,114,1,1,1
1,62,1,194,0,0,1,1,1
1,194,0,959,0,0,1,2,1
1,194,1,803,0,959,1,2,1
47,201,1,194,29,183,1,1,1
1,62,94,65,14,114,1,1,1
716,139,704,84,727,0,2,2,2
38,956,130,957,0,959,2,3,1
17,886,20,853,34,887,2,3,1
6,765,2,793,5,756,3,3,2
16,757,6,765,5,756,2,2,2
16,757,34,724,48,735,2,2,2
19,697,34,724,5,756,1,1,1
34,724,16,757,5,756,2,2,2
17,886,14,930,0,959,2,3,1
14,930,17,886,47,905,2,3,1
14,930,38,956,0,959,2,3,0
16,477,37,522,8,495,1,1,1
54,524,37,522,16,477,1,1,1
714,483,726,409,727,534,2,2,1
726,409,709,360,727,228,2,2,1
696,772,685,800,646,788,2,3,1
685,800,696,772,700,828,2,2,1
661,956,600,948,647,917,2,2,1
661,956,689,937,727,959,2,2,2
689,937,705,907,727,959,2,2,2
723,625,691,573,727,534,2,3,1
1,194,10,237,2,270,1,1,1
47,201,10,237,1,194,1,1,1
101,148,62,154,92,117,2,2,2
61,194,62,154,98,181,2,2,1
61,194,47,201,29,183,1,1,1
62,154,61,194,29,183,1,1,1
27,178,62,154,29,183,1,1,1
27,178,1,194,14,114,1,1,1
1,194,27,178,29,183,1,1,1
62,154,51,132,92,117,2,2,2
94,65,51,132,14,114,1,1,1
51,132,94,65,92,117,2,2,2
22,28,49,24,1,62,2,2,2
49,24,94,65,1,62,1,1,1
33,2,49,24,22,28,2,2,2
191,37,165,42,177,22,2,2,1
599,11,444,0,727,0,3,3,2
444,0,599,11,471,7,4,3,3
444,0,420,2,343,1,30,19,13
174,0,444,0,343,1,21,13,9
438,15,444,0,446,12,33,17,12
704,84,686,134,674,103,2,2,2
686,134,704,84,716,139,2,2,2
672,186,716,139,727,228,2,2,1
304,897,325,879,328,887,10,10,6
449,959,314,958,388,958,91,50,37
314,958,449,959,234,959,68,39,29
449,959,494,958,727,959,16,16,12
374,933,358,938,366,918,15,11,8
321,910,304,897,328,887,24,16,12
344,917,321,910,328,887,17,12,9
321,910,344,917,335,920,45,21,14
142,910,138,918,127,890,2,2,1
130,957,203,958,234,959,12,11,6
73,904,72,885,127,890,2,2,1
20,853,72,885,34,887,2,3,1
72,885,47,905,34,887,2,3,1
72,885,73,904,47,905,2,3,1
73,904,53,916,47,905,2,3,0
53,916,14,930,47,905,2,3,1
14,930,53,916,38,956,2,3,1
14,832,19,834,20,853,3,3,1
14,832,17,886,1,803,2,3,0
14,832,20,853,17,886,2,3,1
22,780,16,757,48,735,2,2,1
40,792,22,780,48,735,2,2,2
22,780,6,765,16,757,2,2,1
54,801,107,817,102,820,2,2,2
54,801,36,804,40,792,2,3,1
54,801,40,792,48,735,2,2,2
36,804,54,801,19,834,2,2,1
19,834,54,801,20,853,2,3,1
72,885,54,801,102,820,2,2,1
54,801,72,885,20,853,2,3,1
373,836,363,830,375,823,25,10,4
88,444,54,524,45,448,1,1,1
24,333,16,401,2,270,1,1,1
35,295,24,333,2,270,1,1,1
2,541,9,581,2,670,1,1,1
2,541,2,270,8,495,1,1,1
37,522,2,541,8,495,1,1,1
2,541,1,194,2,270,1,1,1
1,803,2,541,2,670,2,2,1
1,194,2,541,1,803,1,1,1
40,668,19,697,2,670,1,1,1
57,535,73,542,61,570,1,1,1
704,338,701,306,727,228,2,2,1
701,306,694,281,727,228,2,2,1
708,356,704,338,727,228,2,2,2
709,360,708,356,727,228,2,2,2
709,364,726,409,710,382,2,3,1
709,364,709,360,726,409,2,3,1
566,46,564,18,594,16,2,2,2
564,18,599,11,594,16,2,2,2
599,11,564,18,471,7,4,3,3
564,18,503,24,471,7,12,7,6
599,11,638,17,594,16,2,2,2
653,12,638,17,599,11,2,2,2
643,249,626,255,629,237,36,25,20
696,772,649,749,708,744,2,2,2
510,954,587,954,494,958,33,34,28
669,944,689,937,661,956,2,2,2
630,871,690,868,647,917,2,2,1
705,907,690,868,700,828,2,2,1
687,617,691,573,723,625,2,3,1
691,573,687,554,727,534,2,3,1
587,954,550,939,558,939,33,34,30
50,132,27,178,14,114,1,1,1
51,132,50,132,14,114,2,2,2
27,178,50,132,62,154,1,1,1
50,132,51,132,62,154,2,2,2
177,22,150,19,174,0,2,2,2
165,42,150,19,177,22,2,2,2
371,48,388,42,394,60,17,14,9
409,53,404,55,406,47,7,7,2
420,103,407,89,429,99,10,11,7
373,43,371,48,367,44,50,36,27
371,48,373,43,388,42,25,19,12
420,2,387,3,343,1,30,18,13
328,2,286,3,343,1,16,14,9
328,2,318,6,286,3,16,13,9
318,6,313,15,286,3,13,11,7
329,37,326,46,315,28,16,15,10
339,64,329,72,325,62,72,42,33
286,3,263,9,253,4,42,20,15
263,9,261,14,253,4,54,25,18
230,58,210,41,228,32,37,19,11
210,41,222,31,228,32,36,23,16
211,54,230,58,222,61,58,23,11
230,58,211,54,210,41,38,17,9
222,31,210,28,219,18,33,16,12
210,28,191,37,177,22,9,5,4
191,37,210,28,199,42,33,17,12
210,28,177,22,174,0,2,2,1
219,18,210,28,174,0,3,2,2
179,65,189,50,191,59,61,27,15
189,50,197,55,191,59,73,30,16
449,19,442,16,446,12,82,23,12
442,16,438,15,446,12,75,20,14
669,74,704,84,674,103,2,2,2
669,74,674,63,704,84,2,2,2
635,98,669,74,674,103,2,2,1
669,74,635,98,632,93,1,2,1
638,17,669,74,632,93,2,2,1
669,74,638,17,674,63,2,2,2
704,84,706,33,727,0,2,2,2
674,63,706,33,704,84,1,1,1
706,33,653,12,727,0,2,2,2
706,33,674,63,653,12,2,2,2
652,154,675,159,652,165,2,2,2
675,159,686,134,716,139,2,2,2
672,186,675,159,716,139,2,1,1
325,879,330,881,328,887,12,8,5
379,899,369,894,373,884,44,19,10
426,956,449,959,388,958,105,60,50
280,951,286,956,280,955,23,14,2
286,956,280,951,281,947,34,17,6
286,956,314,958,234,959,30,23,14
285,933,290,943,281,947,39,19,11
290,943,286,956,281,947,47,19,9
286,956,290,943,302,949,59,24,14
338,948,326,957,320,941,58,30,22
312,946,326,957,314,958,69,31,20
326,957,312,946,320,941,59,30,21
314,958,326,957,388,958,88,46,34
326,957,376,956,388,958,96,50,38
310,956,312,946,314,958,69,33,22
312,946,310,956,302,949,75,37,25
286,956,310,956,314,958,40,26,18
310,956,286,956,302,949,65,29,17
310,942,312,946,302,949,52,29,21
290,943,310,942,302,949,57,27,18
315,925,310,942,309,924,19,19,12
312,946,310,942,320,941,35,27,21
310,942,315,925,320,941,19,18,12
382,926,378,916,387,914,11,11,8
378,916,382,926,366,918,12,13,8
382,926,374,933,366,918,10,10,6
374,933,372,940,358,938,19,13,10
317,921,315,925,309,924,31,27,19
326,932,333,926,341,936,41,17,8
338,948,325,935,341,936,28,21,16
325,935,326,932,341,936,25,14,6
325,935,338,948,320,941,30,24,18
315,925,325,935,320,941,21,18,13
326,932,325,935,315,925,21,17,12
344,917,352,888,360,903,13,11,7
352,888,369,894,360,903,25,12,7
142,910,146,917,138,918,7,6,4
153,809,107,817,143,772,2,1,1
153,780,153,809,143,772,2,2,2
138,939,143,921,150,919,9,9,4
143,921,138,939,138,918,7,7,3
138,939,109,928,138,918,2,2,1
138,918,109,928,127,890,2,2,1
109,928,73,904,127,890,2,2,1
109,928,53,916,73,904,2,2,1
38,956,109,928,130,957,2,3,1
53,916,109,928,38,956,2,3,1
280,951,269,939,281,947,46,18,11
259,955,280,951,280,955,15,13,4
259,955,262,945,280,951,28,16,8
286,956,259,955,280,955,14,13,4
14,832,9,807,19,834,2,3,0
9,807,36,804,19,834,2,3,0
9,807,14,832,1,803,2,3,0
36,804,16,786,40,792,2,3,1
16,786,22,780,40,792,2,2,2
6,765,16,786,2,793,3,3,1
22,780,16,786,6,765,2,3,1
189,773,176,754,197,762,16,4,2
153,809,157,784,164,795,16,4,1
157,784,153,809,153,780,8,1,0
410,782,426,786,418,795,4,4,2
397,799,376,809,397,798,2,3,0
373,836,379,831,388,838,29,17,10
363,830,364,842,358,839,43,20,14
364,842,363,830,373,836,36,18,12
347,815,345,822,340,824,18,12,6
363,830,345,822,347,815,31,11,6
239,800,257,807,247,812,38,8,3
257,807,253,780,268,797,25,6,1
339,800,342,787,352,794,6,5,2
346,805,339,800,352,794,17,6,2
70,531,119,516,73,542,1,1,1
70,531,57,535,54,524,1,1,1
57,535,70,531,73,542,1,1,1
24,333,28,389,16,401,1,1,1
16,401,28,389,45,448,1,1,1
42,683,34,724,19,697,1,1,1
40,668,42,683,19,697,1,1,1
40,668,38,652,64,634,1,1,1
38,652,58,617,64,634,1,1,1
38,652,40,668,2,670,1,1,1
9,581,38,652,2,670,1,1,1
58,617,19,583,61,570,1,1,1
2,541,19,583,9,581,1,1,1
19,583,38,652,9,581,1,1,1
38,652,19,583,58,617,1,1,1
107,817,117,752,143,772,1,1,1
54,801,117,752,107,817,2,2,2
41,532,2,541,37,522,1,1,1
41,532,37,522,54,524,1,1,1
57,535,41,532,54,524,1,1,1
41,532,19,583,2,541,1,1,1
41,532,57,535,61,570,1,1,1
19,583,41,532,61,570,1,1,1
687,554,685,528,727,534,2,2,1
726,409,711,396,710,382,2,2,1
714,483,707,447,726,409,2,3,1
701,320,701,306,704,338,3,5,2
353,114,363,109,362,118,70,32,18
376,116,376,104,391,121,17,14,8
376,104,375,102,377,99,19,18,13
375,102,367,97,377,99,14,12,8
367,97,375,102,365,105,14,13,8
431,101,420,103,429,99,16,16,14
564,18,549,39,536,33,3,2,2
467,11,455,9,471,7,14,13,12
545,48,549,39,550,45,47,20,13
674,63,650,14,653,12,2,2,2
650,14,638,17,653,12,2,2,2
638,17,650,14,674,63,2,2,2
682,290,701,306,694,311,14,3,2
701,306,682,290,694,281,12,2,1
626,262,625,279,615,270,22,22,20
578,336,566,329,583,322,63,47,39
578,336,590,342,578,338,107,59,45
566,329,578,318,583,322,66,47,39
640,285,638,297,636,284,77,24,8
620,292,620,301,615,290,43,34,25
638,297,620,292,636,284,82,31,18
522,326,534,337,528,348,148,150,139
515,317,522,326,514,318,99,96,86
522,326,540,330,534,337,152,155,143
489,347,491,354,490,353,134,136,127
665,840,685,800,700,828,2,2,1
665,840,654,827,685,800,2,2,2
654,827,665,840,628,858,2,2,2
685,800,652,797,646,788,2,3,1
654,827,652,797,685,800,2,2,1
648,750,696,772,646,788,2,2,2
648,750,649,749,696,772,2,2,2
649,749,664,721,708,744,2,2,1
664,721,649,749,650,732,3,2,2
664,721,667,703,708,744,2,2,1
714,648,687,617,723,625,2,3,0
687,617,714,648,678,641,2,3,0
521,950,587,954,510,954,34,34,29
550,939,521,950,522,949,24,24,20
521,950,550,939,587,954,30,31,27
596,955,600,948,661,956,2,2,2
596,955,661,956,494,958,21,21,18
587,954,596,955,494,958,32,33,28
690,868,660,921,647,917,2,2,1
660,921,690,868,705,907,2,2,1
689,937,660,921,705,907,2,2,2
669,944,660,921,689,937,2,2,2
660,921,661,956,647,917,2,2,2
660,921,669,944,661,956,2,2,2
600,948,596,931,647,917,2,2,1
604,878,630,871,647,917,2,2,1
596,931,604,878,647,917,2,2,1
604,878,596,931,585,905,2,2,1
630,871,604,878,628,858,2,2,2
687,617,677,593,691,573,3,4,1
328,543,334,535,336,541,17,9,7
331,531,334,535,328,543,21,15,13
335,523,334,535,331,531,66,64,60
61,194,73,239,47,201,2,1,1
33,260,73,239,75,246,2,2,2
33,260,10,237,47,201,1,1,1
73,239,33,260,47,201,2,1,1
33,260,82,275,35,295,1,1,1
62,154,99,168,98,181,2,2,1
101,148,99,168,62,154,2,2,2
110,151,99,168,101,148,3,3,1
110,151,123,173,107,172,5,5,3
118,115,114,126,92,117,2,2,2
118,115,123,107,123,111,5,5,2
118,115,136,119,114,126,7,5,3
136,119,118,115,123,111,7,7,3
145,120,149,125,144,123,43,12,4
136,119,145,120,144,123,10,5,2
144,140,140,144,141,138,44,15,6
131,29,165,42,129,60,2,2,1
131,29,150,19,165,42,2,2,2
282,129,269,145,266,138,43,28,17
333,219,312,217,321,200,31,27,18
333,79,329,72,337,74,19,17,9
339,72,362,65,350,89,15,12,7
341,84,339,72,350,89,17,12,8
329,72,339,72,337,74,21,19,12
339,64,339,72,329,72,57,36,27
398,71,401,66,405,73,9,10,5
398,80,398,71,405,73,10,11,6
407,89,398,80,405,73,10,9,5
406,122,394,120,409,112,12,13,8
376,104,394,120,391,121,17,14,9
406,122,413,113,416,125,11,12,7
413,113,406,122,409,112,11,11,7
410,100,409,112,404,95,10,11,6
407,89,410,100,404,95,9,9,5
420,103,410,100,407,89,9,10,6
367,97,379,87,377,99,14,13,9
374,76,379,87,367,97,13,11,7
384,30,378,8,394,26,26,19,13
380,4,378,8,343,1,14,13,9
387,3,380,4,343,1,15,13,10
380,4,387,3,378,8,15,12,8
413,20,406,37,398,24,54,24,15
406,37,413,20,419,28,53,25,17
398,38,406,37,406,47,12,13,8
300,25,313,15,315,28,9,8,4
313,15,300,25,286,3,11,10,5
300,25,272,23,286,3,12,10,5
272,23,300,25,292,35,8,8,4
322,12,313,15,318,6,15,14,10
353,22,356,24,354,33,18,17,13
353,22,343,13,343,1,13,11,7
378,8,353,22,343,1,14,13,9
356,24,353,22,378,8,15,14,10
332,57,339,64,325,62,69,34,27
326,46,305,43,315,28,15,14,10
305,43,300,25,315,28,11,11,7
300,25,305,43,292,35,9,9,5
329,37,330,39,326,46,18,17,13
352,58,366,51,362,65,24,18,13
346,53,354,33,367,44,53,31,24
266,15,263,9,286,3,24,14,9
272,23,266,15,286,3,17,12,7
266,15,272,23,261,14,10,10,5
273,34,272,23,292,35,8,8,5
197,55,199,56,191,59,75,28,15
199,56,204,61,191,59,61,24,12
204,61,199,56,202,57,58,23,10
228,29,225,22,228,21,67,38,30
241,6,219,18,174,0,5,3,2
253,4,241,6,174,0,3,2,1
249,11,250,10,261,14,52,24,17
250,10,249,11,246,7,53,24,19
212,36,222,31,210,41,43,26,19
212,36,210,28,222,31,60,33,26
191,37,190,47,165,42,6,3,2
190,47,189,50,165,42,13,7,4
189,50,190,47,197,55,73,35,23
444,0,447,1,446,12,18,14,10
447,1,455,9,446,12,17,14,10
447,1,444,0,471,7,10,9,6
455,9,447,1,471,7,11,10,8
454,14,449,19,446,12,82,30,22
455,9,454,14,446,12,24,15,9
442,21,441,24,438,15,104,30,21
442,16,442,21,438,15,125,35,26
442,21,442,16,449,19,122,32,17
675,159,654,179,652,165,12,7,6
330,881,329,878,333,871,40,15,6
329,878,330,881,325,879,22,8,1
342,885,330,881,333,871,39,16,9
330,881,342,885,328,887,17,9,5
352,888,342,885,348,883,34,10,4
342,885,344,917,328,887,14,11,8
342,885,352,888,344,917,13,10,7
385,904,379,899,387,895,56,19,15
385,904,394,909,387,914,17,6,3
378,916,385,904,387,914,11,8,5
360,903,374,900,366,918,12,12,9
374,900,378,916,366,918,13,12,9
369,894,374,900,360,903,21,11,5
379,899,374,900,369,894,43,16,8
374,900,385,904,378,916,16,10,7
385,904,374,900,379,899,32,11,8
447,958,426,956,433,949,81,44,34
426,956,447,958,449,959,73,31,22
424,946,438,938,433,949,35,34,29
499,956,510,954,494,958,22,23,18
494,945,499,956,494,958,11,12,6
510,951,521,950,510,954,26,27,22
499,956,510,951,510,954,17,18,13
510,951,499,956,494,945,12,12,7
394,948,388,953,384,945,96,87,80
376,956,388,953,388,958,133,94,81
400,951,426,956,388,958,120,84,75
356,939,352,944,341,936,23,14,9
342,946,338,948,341,936,24,15,12
352,944,342,946,341,936,23,15,10
346,952,326,957,338,948,75,31,21
326,957,346,952,376,956,86,38,27
342,946,346,952,338,948,53,24,16
346,952,342,946,352,944,44,25,15
379,947,372,940,384,945,70,71,65
372,940,379,947,376,956,75,61,54
388,953,379,947,384,945,102,92,86
379,947,388,953,376,956,109,87,80
325,927,326,932,315,925,24,18,13
317,921,325,927,315,925,45,28,20
325,927,333,926,326,932,38,18,9
333,926,325,927,335,920,75,29,20
325,927,321,910,335,920,62,27,19
325,927,317,921,321,910,63,31,22
345,919,333,926,335,920,68,22,12
358,938,345,919,366,918,31,14,9
345,919,360,903,366,918,11,11,8
345,919,344,917,360,903,10,11,8
146,917,144,920,138,918,7,6,4
144,920,143,921,138,918,6,5,3
144,920,146,917,150,919,14,12,7
143,921,144,920,150,919,12,11,6
203,958,217,946,234,959,21,18,11
262,945,263,944,280,951,38,18,11
263,944,269,939,280,951,45,21,14
249,934,263,944,262,945,72,32,20
271,937,285,933,281,947,44,21,13
269,939,271,937,281,947,50,21,14
217,946,236,941,234,959,30,24,17
259,955,239,958,258,954,43,31,21
239,958,286,956,234,959,26,21,12
239,958,259,955,286,956,26,21,12
236,941,239,958,234,959,34,27,19
245,946,239,958,236,941,37,29,20
294,908,297,911,287,913,44,32,26
317,921,307,915,321,910,69,33,24
307,915,317,921,309,924,48,29,22
296,922,290,943,285,933,25,18,11
296,922,307,915,309,924,33,28,25
307,915,296,922,297,911,40,31,26
287,913,296,922,285,933,26,24,17
297,911,296,922,287,913,32,30,25
310,942,296,922,309,924,22,19,12
296,922,310,942,290,943,23,19,12
282,912,287,913,274,923,58,42,34
274,907,282,912,274,923,74,44,36
282,912,294,908,287,913,50,32,27
133,953,203,958,130,957,11,10,6
133,953,135,948,203,958,12,10,6
135,947,109,928,138,939,3,3,1
135,948,135,947,138,939,8,9,4
133,953,135,947,135,948,8,9,4
109,928,135,947,130,957,2,3,2
135,947,133,953,130,957,7,8,4
10,798,1,803,2,793,4,4,2
10,798,9,807,1,803,3,3,1
9,807,10,798,36,804,3,4,0
300,674,301,687,295,680,4,5,1
319,690,301,687,300,674,4,4,1
301,687,319,690,316,693,7,4,0
264,710,261,695,277,696,11,5,2
301,687,288,682,295,680,7,5,0
291,675,300,674,295,680,5,4,2
271,777,267,775,273,762,49,23,11
267,775,253,780,255,775,24,3,1
243,743,245,761,235,749,30,23,15
251,768,267,775,255,775,24,5,3
251,768,243,778,245,761,10,5,2
158,757,153,776,143,772,2,1,1
191,744,176,754,187,740,13,2,1
176,754,191,744,197,762,13,3,1
191,744,197,748,197,762,10,4,2
228,771,231,772,224,779,20,10,7
220,738,213,746,212,725,13,7,2
167,774,189,773,178,786,23,7,2
189,773,167,774,176,754,19,4,2
158,757,167,774,153,776,12,2,1
167,774,158,757,176,754,17,3,2
209,767,213,746,219,760,23,6,3
153,778,157,784,153,780,9,0,0
153,776,153,778,143,772,2,2,2
153,778,153,780,143,772,2,2,1
167,774,153,778,153,776,17,4,1
153,778,167,774,157,784,18,4,1
382,784,376,809,352,794,5,4,1
376,809,382,784,397,798,18,7,4
402,759,407,757,409,771,3,4,2
376,818,367,813,376,809,15,6,2
382,882,390,886,387,895,36,25,17
382,882,379,899,373,884,44,21,13
379,899,382,882,387,895,46,25,17
373,880,382,882,373,884,28,25,23
382,882,373,880,386,872,52,51,48
379,831,388,831,388,838,33,20,14
388,831,379,831,389,829,35,17,13
379,831,377,825,389,829,30,15,10
376,818,377,825,375,823,29,8,6
377,825,376,818,389,829,19,9,5
377,825,373,836,375,823,22,8,3
377,825,379,831,373,836,23,10,4
354,852,360,844,358,858,78,77,69
348,834,363,830,358,839,41,20,13
348,834,345,822,363,830,37,16,10
288,842,290,835,308,837,21,7,3
290,835,288,842,284,834,41,15,9
300,857,288,842,308,837,41,13,5
299,864,300,857,308,868,70,18,5
328,850,300,857,308,837,38,12,6
320,875,325,879,304,897,11,9,6
299,884,320,875,304,897,16,11,6
329,878,320,875,333,871,37,12,5
320,875,329,878,325,879,24,8,1
298,887,299,884,304,897,24,14,8
299,884,298,887,288,882,66,19,9
289,874,299,884,288,882,63,18,9
346,805,332,807,339,800,34,7,4
321,819,309,827,312,814,38,7,3
377,698,378,699,376,703,95,33,23
407,757,395,748,399,744,3,3,1
402,759,395,748,407,757,3,3,1
336,560,328,543,336,541,8,2,1
309,590,278,576,299,558,5,3,2
257,531,261,523,272,527,7,2,1
168,519,161,509,190,497,2,2,1
70,531,121,505,119,516,1,1,1
116,474,121,505,70,531,2,1,1
94,317,89,347,24,333,1,1,1
34,724,64,709,48,735,2,2,2
42,683,64,709,34,724,1,1,1
44,675,40,668,64,634,1,1,1
44,675,42,683,40,668,2,2,2
44,675,64,709,42,683,1,1,1
171,731,134,740,126,709,1,1,1
193,737,191,744,187,740,15,3,1
191,744,193,737,197,748,16,5,2
213,746,193,737,212,725,18,4,2
193,737,213,746,197,748,22,5,2
73,542,77,588,61,570,1,1,1
96,591,77,588,73,542,1,1,1
77,588,58,617,61,570,1,1,1
75,621,112,632,64,634,1,1,1
75,621,96,591,112,632,1,1,1
58,617,75,621,64,634,1,1,1
77,588,75,621,58,617,1,1,1
75,621,77,588,96,591,1,1,1
711,396,703,394,710,382,48,48,43
711,400,711,396,726,409,1,2,0
671,464,667,446,697,453,176,177,168
694,281,690,265,727,228,2,2,1
690,265,686,247,727,228,2,2,1
690,265,678,251,686,247,12,6,4
678,251,690,265,678,270,11,5,3
671,201,672,186,727,228,3,2,2
675,219,671,201,727,228,3,2,2
708,356,704,343,704,338,10,11,9
701,326,701,320,704,338,5,6,3
709,378,709,364,710,382,4,5,2
692,367,708,356,709,360,77,76,71
709,364,692,367,709,360,83,81,76
413,287,396,282,402,273,24,25,23
396,282,413,287,392,304,27,28,25
455,389,477,384,471,394,159,15,21
439,405,435,415,429,414,54,4,8
376,116,373,110,376,104,16,11,3
375,102,373,110,365,105,21,17,9
373,110,375,102,376,104,13,11,4
362,65,370,69,350,89,13,12,8
370,69,374,76,350,89,14,13,9
366,51,370,69,362,65,14,12,7
370,69,366,51,371,48,14,13,8
370,69,371,48,394,60,14,13,8
374,76,360,96,350,89,15,13,9
360,96,374,76,367,97,15,13,9
360,96,367,97,365,105,17,12,7
415,139,406,122,416,125,12,13,8
564,61,554,50,566,46,37,20,15
554,50,564,61,553,57,43,24,18
638,17,595,73,594,16,2,2,2
595,73,592,71,594,16,2,2,1
595,73,638,17,632,93,3,3,2
432,136,436,136,440,142,16,16,13
436,136,443,137,440,142,13,14,9
443,137,445,145,440,142,10,11,5
406,37,421,41,406,47,13,12,7
421,41,406,37,419,28,21,15,8
407,89,428,77,429,99,10,10,7
467,11,458,13,455,9,16,13,11
458,13,454,14,455,9,22,15,12
549,39,534,46,536,33,35,16,11
545,48,534,46,549,39,50,23,17
514,125,523,124,517,134,15,13,11
632,93,615,96,604,88,8,5,4
615,96,610,103,604,88,28,15,10
311,243,325,239,313,250,24,21,15
381,213,383,193,397,200,23,22,18
335,207,333,219,321,200,25,22,14
349,225,360,223,353,235,25,23,19
360,223,349,225,355,214,20,17,14
427,460,430,468,412,467,170,171,166
543,458,536,442,540,441,112,30,16
536,442,543,458,539,459,107,28,16
539,459,546,469,527,467,54,7,4
543,458,546,469,539,459,77,15,8
551,314,550,303,565,310,69,71,64
634,260,626,262,626,255,29,30,27
539,320,522,326,537,315,144,146,134
522,326,539,320,540,330,176,178,166
514,307,515,317,514,318,132,90,77
546,349,528,360,528,348,130,131,122
543,333,542,341,534,337,94,96,85
542,341,543,333,549,336,94,96,86
534,337,534,343,528,348,110,111,101
534,343,546,349,528,348,163,165,155
534,343,542,341,546,349,163,165,155
548,346,542,341,549,336,122,124,114
542,341,548,346,546,349,149,150,141
565,339,578,336,578,338,38,42,36
578,336,565,339,566,329,40,44,37
598,371,594,365,604,367,39,39,33
594,365,598,371,594,376,32,31,24
574,345,565,339,578,338,38,42,37
583,350,590,342,590,353,133,58,43
590,342,583,350,578,338,110,60,46
583,350,574,345,578,338,60,44,36
598,296,605,299,596,304,38,39,37
605,299,611,306,596,304,39,39,37
589,326,578,336,583,322,119,61,48
578,336,589,326,590,342,110,57,43
566,317,578,318,566,329,39,38,33
555,325,566,317,566,329,59,60,53
566,317,551,314,565,310,72,74,66
566,317,555,325,551,314,65,66,58
592,311,589,326,583,322,88,54,47
589,326,592,311,598,315,29,29,26
632,362,617,356,623,348,14,15,14
590,342,598,348,590,353,41,35,30
622,283,620,292,615,290,99,36,14
625,279,622,283,615,270,35,29,25
622,283,625,279,636,284,36,28,22
620,292,622,283,636,284,85,28,12
468,364,478,361,481,367,71,72,67
477,384,468,364,481,367,46,30,28
509,338,522,326,528,348,147,149,137
409,309,407,310,392,304,17,17,15
492,320,505,322,500,336,161,127,115
488,326,492,320,500,336,160,122,110
492,320,488,326,488,315,115,73,63
488,326,484,334,475,333,109,89,76
484,334,488,326,500,336,145,107,95
489,347,484,334,500,336,125,111,99
475,311,467,319,460,301,133,135,125
460,301,451,294,460,281,80,81,73
673,853,690,868,630,871,2,2,2
673,853,630,871,628,858,2,2,2
665,840,673,853,628,858,2,2,1
690,868,673,853,700,828,2,2,1
673,853,665,840,700,828,2,2,1
622,848,654,827,628,858,2,2,1
622,848,621,831,654,827,2,2,1
622,848,618,845,621,831,4,2,2
621,831,624,823,654,827,2,2,1
624,823,632,812,654,827,2,3,2
656,723,664,721,650,732,4,2,1
724,671,723,625,727,680,3,3,1
724,671,714,648,723,625,2,3,1
642,638,641,642,635,628,12,10,6
677,593,688,572,691,573,4,4,1
688,572,687,554,691,573,2,4,1
688,572,682,563,687,554,2,4,1
409,803,405,790,418,795,49,20,14
383,504,383,498,396,505,170,169,164
383,504,366,501,383,498,170,168,164
366,501,383,504,369,513,165,163,159
329,524,335,523,331,531,77,76,70
335,521,329,524,333,518,84,85,78
329,524,335,521,335,523,80,81,74
329,524,328,511,333,518,94,93,86
328,511,329,524,318,517,85,81,76
550,939,555,929,558,939,16,16,14
522,926,555,929,550,939,10,10,7
15,268,35,295,2,270,1,1,1
15,268,33,260,35,295,1,1,1
10,237,15,268,2,270,1,1,1
33,260,15,268,10,237,1,1,1
82,275,80,296,35,295,1,1,1
80,296,24,333,35,295,1,1,1
80,296,94,317,24,333,1,1,1
149,76,140,83,129,60,4,3,2
94,65,121,90,92,117,2,2,2
121,90,94,65,129,60,2,1,1
140,83,121,90,129,60,3,2,2
108,136,110,151,101,148,2,2,1
108,136,101,148,92,117,2,2,2
114,126,108,136,92,117,2,2,2
108,136,114,126,128,145,5,5,2
110,151,108,136,128,145,6,5,2
103,169,110,151,107,172,3,4,1
110,151,103,169,99,168,3,4,2
103,169,107,172,98,181,3,3,2
99,168,103,169,98,181,3,3,2
133,153,110,151,128,145,6,6,2
133,153,123,173,110,151,5,5,2
140,137,136,119,144,123,13,5,2
140,137,140,144,128,145,9,6,3
140,144,140,137,141,138,22,6,0
114,126,140,137,128,145,7,5,2
136,119,140,137,114,126,7,5,2
144,135,149,125,154,124,52,21,12
144,135,144,140,141,138,42,13,5
140,137,144,135,141,138,34,10,3
149,125,144,135,144,123,60,22,13
144,135,140,137,144,123,18,4,2
95,14,49,24,33,2,2,2,2
95,14,33,2,174,0,2,2,2
271,187,278,188,272,194,87,69,47
289,138,282,129,294,127,66,32,19
303,139,289,138,294,127,31,24,14
289,138,303,139,299,146,32,27,19
299,146,289,151,287,148,40,34,24
330,162,320,160,324,144,44,36,26
315,166,305,167,309,159,50,41,28
334,184,317,190,334,183,32,27,18
328,193,335,207,321,200,28,26,17
334,184,328,193,317,190,29,24,15
312,229,311,243,306,236,27,25,17
312,229,325,239,311,243,28,24,17
325,226,333,219,326,228,35,32,24
325,226,312,217,333,219,29,25,17
268,102,284,97,279,111,17,15,9
307,93,319,88,316,104,36,22,15
313,77,319,88,307,93,75,31,17
284,97,289,105,279,111,19,16,9
289,105,287,114,279,111,20,16,7
287,114,289,105,293,108,43,20,8
289,105,284,97,298,94,29,18,11
305,117,303,139,294,127,31,23,15
307,93,304,95,298,94,82,29,13
304,95,307,93,316,104,42,24,16
267,74,261,82,259,72,18,14,9
269,60,267,74,259,72,26,17,9
273,73,267,74,269,60,30,18,10
282,120,263,123,279,111,21,19,12
287,114,282,120,279,111,24,18,8
267,130,282,129,266,138,33,23,15
267,130,282,120,282,129,27,23,16
282,120,267,130,263,123,26,22,15
267,130,260,124,263,123,23,20,11
250,79,249,64,259,72,15,12,7
261,82,250,79,259,72,17,14,9
210,58,204,61,202,57,53,22,10
210,58,204,52,211,54,70,26,13
210,58,211,54,222,61,60,22,11
204,61,210,58,222,61,43,18,7
333,79,336,82,327,90,87,38,25
336,82,336,98,327,90,70,32,19
336,98,336,82,341,84,76,35,21
339,72,338,76,337,74,21,19,13
338,76,339,72,341,84,18,13,9
336,82,338,76,341,84,18,12,6
338,76,333,79,337,74,16,15,8
338,76,336,82,333,79,20,13,5
349,61,339,72,339,64,22,16,9
349,61,346,53,352,58,64,40,29
349,61,352,58,362,65,16,14,8
339,72,349,61,362,65,17,13,8
398,68,401,66,398,71,6,6,2
382,75,398,68,398,71,12,11,7
401,66,398,56,404,55,12,11,7
388,42,398,56,394,60,11,10,7
404,55,398,56,406,47,9,9,5
398,56,398,38,406,47,10,11,6
398,38,398,56,388,42,12,11,7
388,81,382,75,398,71,13,13,8
398,80,388,81,398,71,13,13,8
389,85,388,81,398,80,13,11,7
382,75,388,81,383,83,14,14,10
395,92,398,80,407,89,10,9,5
395,92,389,85,398,80,9,8,4
394,120,390,126,391,121,10,11,6
390,126,376,116,391,121,35,18,9
412,108,413,113,409,112,10,10,6
410,100,412,108,409,112,12,12,7
412,108,410,100,420,103,17,16,13
380,88,382,93,377,99,12,11,7
379,87,380,88,377,99,14,12,8
380,88,379,87,383,83,12,11,7
379,87,379,78,383,83,13,11,7
379,78,379,87,374,76,13,11,7
379,78,382,75,383,83,11,11,6
379,78,374,76,382,75,9,8,4
399,10,413,20,398,24,33,18,11
399,10,398,24,394,26,26,17,9
378,8,399,10,394,26,21,17,11
387,3,399,10,378,8,18,15,11
391,34,398,38,388,42,26,19,11
391,34,384,30,394,26,84,42,30
328,2,329,5,318,6,18,16,12
329,5,322,12,318,6,19,17,13
329,5,328,2,343,1,16,14,10
313,15,318,27,315,28,9,9,6
322,12,318,27,313,15,10,10,6
318,27,329,37,315,28,13,12,8
337,40,329,37,343,13,12,10,6
353,22,337,40,343,13,14,12,8
337,40,353,22,354,33,15,13,9
337,40,330,39,329,37,14,12,8
330,39,337,40,337,47,16,14,10
346,53,337,40,354,33,33,21,15
337,40,346,53,337,47,25,15,10
320,55,332,57,325,62,21,13,9
366,50,366,51,352,58,39,27,20
346,53,366,50,352,58,54,35,27
366,50,346,53,367,44,76,43,35
371,48,366,50,367,44,40,28,19
366,51,366,50,371,48,16,14,6
346,53,341,54,337,47,36,16,11
332,57,341,54,339,64,81,42,32
341,54,349,61,339,64,74,45,34
349,61,341,54,346,53,90,52,42
263,9,264,13,261,14,25,13,5
264,13,266,15,261,14,10,11,4
266,15,264,13,263,9,16,11,4
287,42,273,34,292,35,8,8,4
285,58,298,63,290,67,74,31,17
190,47,200,48,197,55,64,30,19
211,54,208,43,210,41,33,18,12
204,52,208,43,211,54,35,18,11
200,48,208,43,204,52,35,21,14
208,43,200,48,199,42,43,28,22
228,21,230,16,232,15,48,19,17
228,17,230,16,228,21,49,19,18
230,16,228,17,219,18,14,3,2
241,6,230,16,219,18,17,6,5
230,16,241,6,232,15,21,7,6
223,20,228,17,228,21,31,11,8
225,22,223,20,228,21,52,25,19
228,17,223,20,219,18,18,6,3
223,20,222,31,219,18,47,26,16
223,20,225,22,222,31,57,32,20
225,22,225,30,222,31,63,36,23
225,30,225,22,228,29,63,37,29
222,31,225,30,228,32,32,23,11
225,30,228,29,228,32,28,23,12
251,6,250,10,246,7,46,19,14
261,14,251,6,253,4,56,25,19
250,10,251,6,261,14,58,27,20
209,38,212,36,210,41,51,32,24
209,38,208,43,199,42,70,38,30
208,43,209,38,210,41,43,27,22
210,28,209,38,199,42,47,24,19
212,36,209,38,210,28,66,36,29
686,134,650,133,674,103,2,2,2
650,133,635,98,674,103,2,2,1
675,159,650,133,686,134,2,2,2
650,133,675,159,652,154,2,2,2
641,162,652,154,652,165,13,13,11
640,148,650,133,652,154,4,4,4
615,189,636,188,615,199,21,17,13
615,189,600,173,615,172,13,13,11
347,877,342,885,333,871,41,16,9
342,885,347,877,348,883,46,15,8
390,886,393,892,387,895,32,20,11
393,892,393,896,387,895,55,27,14
396,887,393,892,390,886,22,17,11
393,896,392,901,387,895,70,30,20
392,901,385,904,387,895,63,24,18
385,904,392,901,394,909,36,10,8
447,958,450,944,449,959,68,36,28
424,946,423,953,414,944,91,87,76
423,953,400,951,414,944,109,90,80
400,951,423,953,426,956,115,81,73
426,956,423,953,433,949,81,54,43
423,953,424,946,433,949,65,51,41
424,946,423,936,438,938,33,36,31
506,937,494,945,502,935,28,11,5
506,937,510,951,494,945,15,9,4
521,950,518,941,522,949,14,15,10
510,951,518,941,521,950,13,14,9
506,937,518,941,510,951,11,12,7
400,951,396,952,394,948,69,55,45
396,952,400,951,388,958,132,102,92
502,935,487,941,497,928,55,20,10
494,945,487,941,502,935,44,16,10
346,952,357,950,376,956,80,41,29
357,950,346,952,352,944,44,27,17
357,950,372,940,376,956,59,41,33
372,940,357,950,358,938,36,30,24
357,950,356,939,358,938,31,21,16
356,939,357,950,352,944,31,22,16
400,951,407,939,414,944,119,94,83
395,931,382,926,387,914,7,8,5
344,917,344,918,335,920,41,17,7
344,918,345,919,335,920,43,18,8
345,919,344,918,344,917,16,14,10
333,926,342,933,341,936,50,16,7
345,919,342,933,333,926,63,20,10
342,933,356,939,341,936,35,12,6
356,939,342,933,358,938,35,11,6
342,933,345,919,358,938,42,15,9
168,817,153,809,164,795,18,6,2
258,877,269,873,271,893,44,23,14
209,943,203,958,208,942,15,13,8
209,943,217,946,203,958,17,15,9
268,930,263,944,249,934,69,32,21
263,944,268,930,269,939,66,38,28
268,930,271,937,269,939,57,35,25
271,937,277,928,285,933,34,25,15
287,913,277,928,274,923,47,35,27
277,928,287,913,285,933,36,29,20
256,950,249,934,262,945,67,30,19
256,950,245,946,249,934,63,28,19
239,958,256,950,258,954,43,30,20
256,950,239,958,245,946,45,29,20
245,946,242,940,249,934,55,30,21
242,940,245,946,236,941,36,27,17
298,887,288,890,288,882,65,19,9
294,908,288,890,304,897,71,38,28
288,890,298,887,304,897,51,23,14
305,902,307,915,297,911,70,41,30
305,902,294,908,304,897,79,48,37
294,908,305,902,297,911,78,46,34
321,910,305,902,304,897,44,23,18
307,915,305,902,321,910,64,31,24
16,786,10,797,2,793,4,5,2
10,797,10,798,2,793,4,5,2
10,797,16,786,36,804,3,3,1
10,798,10,797,36,804,3,4,0
296,699,286,722,277,696,27,7,3
259,694,250,702,257,692,2,4,0
260,737,259,730,266,736,28,13,5
235,732,224,729,239,718,18,10,4
224,729,220,738,212,725,17,12,5
227,740,213,746,220,738,14,9,5
224,729,227,740,220,738,24,18,10
291,675,289,663,300,674,3,3,1
289,663,291,675,275,671,24,8,5
288,682,288,681,295,680,7,5,1
288,681,291,675,295,680,6,4,3
247,676,260,684,257,692,14,4,2
273,683,260,684,275,671,10,4,2
253,780,273,790,268,797,20,4,1
267,775,273,790,253,780,22,4,1
273,790,267,775,271,777,16,4,0
240,784,243,778,253,780,8,3,1
231,772,240,784,224,779,16,9,5
243,778,240,784,231,772,12,7,4
243,742,235,732,248,739,24,14,6
243,743,243,742,248,739,31,21,11
243,742,243,743,235,749,34,26,16
253,774,251,768,255,775,15,0,1
251,768,253,774,243,778,7,1,0
253,780,253,774,255,775,18,1,1
243,778,253,774,253,780,6,2,0
176,754,159,755,160,753,11,3,1
158,757,159,755,176,754,12,3,1
209,767,200,764,213,746,35,7,3
197,748,200,764,197,762,22,5,3
213,746,200,764,197,748,32,6,3
200,764,189,773,197,762,17,6,3
228,771,218,766,219,760,17,10,4
218,766,209,767,219,760,32,10,3
218,766,228,771,224,779,25,14,8
209,767,218,766,224,779,26,11,6
423,802,432,787,438,801,4,4,4
379,780,382,784,352,794,6,4,1
368,821,363,830,347,815,31,11,5
363,830,368,821,375,823,24,7,2
368,821,376,818,375,823,30,7,5
368,821,367,813,376,818,23,7,3
346,805,357,808,347,815,30,9,5
357,808,368,821,347,815,28,9,4
368,821,357,808,367,813,29,9,4
369,894,366,881,373,884,42,18,11
352,888,366,881,369,894,40,16,9
366,881,373,880,373,884,21,12,8
373,851,373,836,388,838,42,22,16
376,862,368,873,367,866,56,56,52
368,873,365,870,367,866,57,57,54
373,880,368,873,386,872,51,52,47
368,873,376,862,386,872,56,57,51
366,881,368,873,373,880,32,32,27
364,842,359,841,358,839,40,17,13
360,844,359,841,364,842,34,14,10
349,847,355,841,354,852,69,67,59
355,841,360,844,354,852,60,56,47
355,841,359,841,360,844,28,17,9
359,841,355,841,358,839,31,14,6
355,841,348,834,358,839,33,16,9
348,834,355,841,349,847,39,29,21
345,822,344,832,340,824,41,23,19
348,834,344,832,345,822,38,19,15
288,842,275,841,284,834,40,15,8
273,862,275,841,288,842,16,7,3
293,860,273,862,288,842,20,8,3
300,857,293,860,288,842,39,14,6
293,860,299,864,296,866,35,11,4
293,860,300,857,299,864,35,12,5
305,872,320,875,299,884,24,10,5
299,864,305,872,296,866,66,16,6
305,872,289,874,296,866,50,15,6
289,874,305,872,299,884,56,17,8
326,861,320,875,308,868,41,11,6
300,857,326,861,308,868,54,16,6
326,861,300,857,328,850,43,14,5
320,875,326,861,333,871,38,13,7
305,746,315,747,300,770,27,6,3
259,730,268,728,266,736,25,12,6
272,718,264,710,277,696,8,4,1
286,722,272,718,277,696,13,5,1
268,728,272,718,286,722,2,3,0
268,799,264,804,268,797,5,3,0
264,804,257,807,268,797,20,7,1
268,829,264,804,280,819,19,8,3
309,827,305,820,312,814,17,4,1
305,820,299,810,312,814,19,6,3
286,818,280,819,286,806,3,2,0
332,807,331,801,339,800,36,6,4
321,819,328,828,309,827,47,15,10
328,828,330,816,340,824,49,30,25
317,813,321,819,312,814,37,6,3
317,813,331,801,332,807,21,6,1
261,523,266,521,272,527,15,1,1
266,521,272,515,272,527,50,8,11
306,492,312,500,302,497,87,83,77
316,483,304,468,327,471,148,144,139
180,452,169,445,170,442,28,10,7
209,483,205,485,205,482,10,8,6
333,494,328,511,328,496,131,127,122
333,494,330,487,351,486,164,160,154
362,718,347,717,345,702,2,2,1
368,710,362,718,345,702,2,3,1
347,717,362,723,344,729,3,3,2
362,723,347,717,362,718,3,3,2
378,699,383,707,376,703,87,38,27
383,707,368,710,376,703,43,13,8
336,560,325,559,328,543,8,2,0
346,693,345,696,332,691,6,4,3
345,696,328,701,332,691,9,6,3
328,701,345,696,345,702,4,6,2
250,608,256,611,250,622,39,12,7
265,656,271,659,265,665,28,6,3
247,491,255,498,236,494,23,6,6
236,481,247,491,236,494,13,1,1
325,669,319,690,300,674,6,4,1
325,669,325,689,319,690,11,5,2
313,606,309,590,334,605,11,5,3
302,595,279,585,278,576,8,5,3
309,590,302,595,278,576,13,7,5
302,595,286,604,279,585,10,6,4
267,574,264,554,278,576,2,3,1
279,585,267,574,278,576,4,4,2
169,445,147,426,170,442,3,2,2
127,483,121,505,116,474,19,3,2
121,505,127,483,129,494,22,4,3
116,463,114,471,109,455,5,1,0
114,471,116,463,116,474,10,1,0
114,471,88,444,109,455,1,1,1
88,444,114,471,54,524,1,1,1
114,471,70,531,54,524,1,1,1
114,471,116,474,70,531,1,1,1
129,466,116,463,128,449,29,3,2
116,463,129,466,116,474,22,3,2
121,505,122,507,119,516,6,1,0
230,484,236,481,236,494,4,1,0
236,481,230,484,228,481,6,1,2
219,168,200,170,199,156,23,20,11
107,172,118,185,98,181,4,4,2
80,296,103,302,94,317,5,5,2
96,335,89,347,94,317,4,2,1
64,709,95,728,48,735,1,1,1
95,728,54,801,48,735,2,2,1
95,728,117,752,54,801,1,2,1
95,728,134,740,117,752,1,1,1
165,747,176,754,160,753,9,3,1
176,754,165,747,187,740,11,3,1
165,747,171,731,187,740,8,2,1
127,632,112,632,138,614,1,1,1
127,632,127,659,112,632,1,1,1
44,675,94,679,64,709,1,1,1
94,679,44,675,64,634,1,1,1
658,532,646,525,662,517,11,3,2
658,540,652,544,657,537,77,28,15
652,544,658,540,656,552,79,29,17
658,532,658,540,657,537,49,15,9
674,536,658,540,658,532,10,4,1
680,553,673,564,656,552,39,21,14
658,540,680,553,656,552,34,18,12
680,553,658,540,674,536,27,15,9
674,536,677,527,685,528,4,1,0
686,499,677,527,662,517,10,2,1
677,527,686,499,685,528,7,2,1
677,527,658,532,662,517,8,1,0
677,527,674,536,658,532,6,2,0
707,447,705,454,697,453,65,64,58
705,454,698,475,697,453,40,40,35
705,454,707,447,714,483,2,2,1
698,475,705,454,714,483,12,12,10
667,497,686,499,662,517,12,3,2
686,499,667,497,678,491,39,37,32
591,609,583,611,588,606,34,28,26
703,394,703,381,710,382,53,53,48
703,381,709,378,710,382,49,50,43
711,400,703,398,711,396,49,50,45
703,398,703,408,699,399,157,157,148
707,406,711,400,726,409,5,6,4
707,406,703,398,711,400,49,50,45
703,398,707,406,703,408,79,80,74
678,251,668,263,668,254,26,25,20
668,263,678,251,678,270,24,23,19
647,258,652,264,644,268,63,32,24
650,252,652,264,647,258,40,25,23
678,251,680,246,686,247,21,9,6
671,201,668,191,672,186,27,10,10
675,219,672,213,671,201,12,6,2
658,230,660,216,669,222,44,29,24
696,315,689,314,694,311,18,2,3
701,306,696,315,694,311,10,3,2
701,320,696,315,701,306,10,3,2
693,330,701,326,704,338,16,8,7
668,327,693,330,690,335,29,6,6
677,296,673,289,682,290,16,6,5
677,296,682,290,694,311,19,3,3
689,314,677,296,694,311,21,4,4
673,289,677,296,668,291,16,12,10
703,408,681,405,699,399,157,157,145
681,405,703,408,679,410,157,157,145
694,393,703,381,703,394,157,157,147
694,393,703,394,699,399,163,164,154
681,405,694,393,699,399,147,146,135
694,393,681,405,686,390,133,131,120
700,348,704,343,708,356,40,43,40
692,367,700,348,708,356,70,68,63
681,405,682,387,686,390,93,86,77
672,353,700,348,692,367,55,27,26
388,263,389,271,386,270,29,23,12
396,282,389,271,402,273,29,30,28
389,271,396,282,388,283,25,26,22
420,439,431,437,433,449,140,141,136
431,437,420,439,425,433,135,136,131
319,361,317,360,337,352,20,1,1
318,331,317,360,304,332,19,2,1
317,360,318,331,337,352,18,1,0
365,416,359,424,356,422,159,156,150
369,111,363,109,365,105,50,26,15
373,110,369,111,365,105,30,21,11
363,109,369,111,362,118,104,39,23
369,111,376,116,362,118,84,33,17
369,111,373,110,376,116,41,21,10
374,76,371,70,382,75,13,11,7
370,69,371,70,374,76,17,16,12
382,75,371,70,394,60,13,12,8
371,70,370,69,394,60,14,12,8
360,96,347,91,350,89,29,19,13
336,98,347,91,339,101,90,40,25
347,91,341,84,350,89,27,17,9
347,91,336,98,341,84,75,34,20
347,91,353,106,339,101,78,36,21
353,106,347,91,360,96,64,31,19
430,134,415,139,429,129,10,9,5
554,50,557,44,566,46,17,6,6
557,44,554,50,550,45,43,19,16
549,39,557,44,550,45,12,5,4
557,44,564,18,566,46,2,2,2
557,44,549,39,564,18,3,2,2
545,51,554,50,553,57,29,15,11
545,51,545,48,550,45,62,27,19
554,50,545,51,550,45,59,27,21
535,62,545,51,546,65,8,8,5
545,51,535,62,532,53,8,8,5
534,46,545,51,532,53,18,10,6
545,51,534,46,545,48,23,12,6
561,76,577,68,573,78,17,12,8
577,68,561,76,564,61,26,14,10
564,61,551,60,553,57,28,18,12
551,60,547,67,546,65,6,6,5
551,60,561,76,547,67,8,8,5
561,76,551,60,564,61,9,9,5
545,51,551,60,546,65,12,8,7
551,60,545,51,553,57,19,11,8
595,73,592,78,592,71,8,8,1
496,127,482,122,501,115,13,14,11
496,127,514,125,499,135,12,12,10
482,122,496,127,489,143,15,14,11
496,127,499,135,489,143,15,14,10
499,135,502,139,489,143,19,16,12
502,139,514,125,517,134,18,14,12
514,125,502,139,499,135,15,14,11
449,128,459,116,463,121,8,9,7
434,107,441,102,437,117,10,10,6
435,98,431,101,429,99,12,11,8
435,98,434,107,431,101,10,9,5
434,107,435,98,441,102,13,12,8
431,101,426,114,420,103,11,10,8
434,107,426,114,431,101,10,10,7
434,119,426,114,437,117,12,13,8
426,114,434,107,437,117,9,9,5
459,116,456,110,459,109,10,10,7
441,102,456,110,437,117,12,12,8
456,110,449,128,437,117,11,12,9
449,128,456,110,459,116,11,11,9
459,109,456,110,449,100,11,10,6
456,110,441,102,449,100,10,10,5
460,90,453,84,463,86,11,10,7
454,14,451,27,449,19,110,37,23
458,13,451,27,454,14,89,34,24
451,27,442,21,449,19,104,26,10
442,21,451,27,441,24,92,23,8
437,31,451,27,437,32,29,16,7
451,27,437,31,441,24,45,17,7
504,88,487,95,486,89,12,10,7
534,46,530,35,536,33,45,22,16
526,42,519,47,521,38,14,10,3
526,42,530,35,534,46,46,23,17
531,117,523,124,530,113,114,32,14
508,112,503,116,501,115,13,14,10
503,116,496,127,501,115,15,16,12
496,127,503,116,514,125,14,15,12
508,114,503,116,508,112,12,13,9
503,116,508,114,514,125,15,15,12
378,243,389,238,383,250,29,17,11
325,239,344,241,344,245,27,26,20
325,239,328,255,313,250,22,20,14
328,255,325,239,344,245,27,26,20
381,213,373,198,383,193,21,19,15
395,234,393,237,389,238,46,18,11
373,198,357,196,355,187,23,21,17
359,208,360,223,355,214,18,16,14
353,201,350,209,343,202,24,22,17
350,209,359,208,355,214,20,18,13
359,208,350,209,353,201,23,21,16
368,242,361,246,353,235,19,17,13
360,223,368,242,353,235,20,19,15
360,223,373,221,377,229,25,24,19
368,205,373,221,367,205,23,22,18
359,208,373,221,360,223,23,21,17
344,241,346,230,346,238,17,16,10
342,143,344,142,350,146,20,18,11
333,103,336,98,339,101,27,18,14
333,115,333,103,339,101,20,17,11
430,468,418,476,412,467,172,173,168
432,480,418,476,430,468,174,174,170
418,476,432,480,424,485,172,172,169
478,475,469,468,473,463,147,149,141
469,458,469,468,457,467,156,157,150
469,468,469,458,473,463,139,140,133
512,493,522,483,525,494,141,11,17
431,437,435,434,433,449,142,141,135
435,434,431,437,425,433,135,136,130
480,438,481,448,471,451,70,11,17
485,465,478,475,473,463,143,145,137
435,415,430,423,429,414,56,50,44
430,423,425,416,429,414,84,84,77
413,448,418,450,412,467,166,167,162
418,450,427,460,412,467,165,166,161
400,462,413,448,412,467,168,169,164
404,478,400,462,412,467,169,170,165
506,437,508,447,507,446,115,3,9
543,458,548,444,551,454,100,44,31
548,444,543,458,540,441,120,42,25
591,452,572,450,593,446,46,35,28
567,466,568,465,569,466,62,61,54
556,462,543,458,551,454,99,44,29
556,462,546,469,543,458,106,37,24
562,451,556,462,551,454,40,41,34
568,465,556,462,562,451,47,49,43
556,462,568,465,567,466,51,53,47
514,516,503,528,498,515,119,99,93
525,507,531,504,532,505,145,14,20
531,504,533,497,532,505,83,22,22
522,516,525,507,532,505,93,9,11
525,507,522,516,516,514,51,29,25
533,621,537,606,548,618,21,22,19
585,603,577,597,585,596,157,53,28
588,798,599,808,589,810,18,10,8
515,833,521,822,526,828,6,7,5
548,270,558,265,557,283,73,75,69
548,305,550,303,551,314,71,73,63
607,291,605,299,598,296,30,32,27
650,252,642,253,643,249,74,30,20
642,253,650,252,647,258,82,37,28
643,249,642,253,626,255,34,26,20
642,253,634,260,626,255,38,32,27
682,290,684,283,694,281,11,2,1
684,283,690,265,694,281,7,2,1
690,265,684,283,678,270,10,4,2
684,283,673,286,678,270,15,10,7
673,286,673,289,668,291,29,29,24
673,289,673,286,682,290,16,8,6
673,286,684,283,682,290,15,7,5
675,313,668,327,669,308,19,7,4
677,296,675,313,669,308,16,10,8
675,313,677,296,689,314,22,4,4
693,330,675,313,689,314,26,6,6
675,313,693,330,668,327,25,6,5
620,292,630,305,620,301,46,34,30
630,305,620,292,638,297,52,33,25
630,305,638,297,640,298,47,35,24
632,313,630,305,640,298,31,25,17
634,260,638,273,626,262,19,19,17
638,273,625,279,626,262,24,22,20
625,279,638,273,636,284,32,28,24
546,313,548,305,551,314,75,76,67
522,326,527,311,537,315,130,129,118
527,311,522,326,515,317,117,109,98
529,301,527,311,516,304,140,100,86
527,311,514,307,516,304,148,105,92
514,307,527,311,515,317,122,91,80
505,322,500,309,514,318,139,105,93
540,330,541,331,534,337,91,93,81
541,331,543,333,534,337,102,103,92
544,324,541,331,540,330,178,181,169
542,341,535,340,534,337,77,79,69
535,340,534,343,534,337,130,132,122
534,343,535,340,542,341,96,97,88
581,374,571,375,582,363,35,36,29
558,383,571,375,561,391,44,48,42
571,375,558,383,557,373,52,56,49
549,388,558,383,561,391,49,52,45
558,383,549,388,557,373,54,58,50
544,362,528,360,546,349,120,122,112
544,362,536,367,528,360,103,105,95
536,367,544,362,544,364,110,113,102
556,335,555,325,566,329,63,65,57
565,339,556,335,566,329,64,66,59
556,335,548,346,549,336,83,84,75
589,354,583,350,590,353,126,50,35
583,350,589,354,581,355,124,57,41
594,365,589,354,590,353,70,31,22
589,363,589,354,594,365,71,31,22
574,345,564,344,565,339,41,46,40
564,344,556,335,565,339,60,62,57
571,375,578,359,582,363,34,34,28
575,352,583,350,581,355,66,54,44
583,350,575,352,574,345,64,52,43
575,352,573,357,563,351,55,59,53
563,356,571,375,557,373,48,51,45
563,356,573,357,571,375,43,46,41
573,357,563,356,563,351,58,62,56
630,305,623,312,620,301,20,19,15
623,312,630,305,632,313,12,12,8
614,303,611,306,605,299,37,36,34
620,301,614,303,615,290,43,36,28
623,312,614,303,620,301,23,23,21
614,303,623,312,611,306,18,18,16
614,303,607,291,615,290,38,36,30
607,291,614,303,605,299,34,34,29
602,324,589,326,598,315,31,31,28
578,318,569,312,575,307,48,42,34
566,317,569,312,578,318,34,31,24
575,307,569,312,565,310,57,58,52
569,312,566,317,565,310,48,49,43
578,318,580,316,583,322,131,69,56
580,316,592,311,583,322,93,49,42
580,316,578,318,575,307,70,39,27
592,311,580,316,575,307,82,47,39
611,306,595,308,596,304,32,32,30
595,308,611,306,598,315,18,19,17
607,356,617,356,604,367,24,25,22
601,360,594,365,590,353,35,23,16
598,348,601,360,590,353,31,23,17
594,365,601,360,604,367,27,27,21
601,360,607,356,604,367,22,23,20
501,383,513,388,503,400,68,68,62
504,356,507,350,511,352,146,98,90
511,352,510,344,528,348,144,142,132
510,344,509,338,528,348,116,115,105
505,322,511,328,500,336,146,132,119
511,328,509,338,500,336,178,162,148
452,327,445,328,450,323,60,61,55
455,321,452,327,450,323,98,99,92
422,293,421,303,418,295,23,24,19
413,287,416,297,392,304,30,31,28
416,297,409,309,392,304,25,26,23
421,303,416,297,418,295,19,19,15
416,297,421,303,409,309,30,30,27
484,353,489,347,490,353,64,65,56
484,353,482,351,489,347,71,72,63
482,351,484,353,478,361,119,120,113
491,354,484,353,490,353,71,72,65
478,340,484,334,489,347,122,93,77
488,326,482,313,488,315,164,157,142
475,311,482,313,467,319,115,117,106
482,313,469,329,467,319,134,136,125
482,313,488,326,475,333,139,130,117
469,329,482,313,475,333,132,133,121
467,319,458,302,460,301,110,111,102
455,321,458,302,467,319,96,98,89
458,302,451,294,460,301,70,71,62
451,294,456,282,460,281,84,85,78
621,827,624,823,621,831,2,3,0
641,801,652,797,654,827,2,2,2
632,812,641,801,654,827,2,2,2
664,721,662,710,667,703,4,4,2
680,623,671,621,687,617,4,4,1
724,671,715,681,714,648,3,4,1
715,681,724,671,727,680,3,4,1
708,744,715,681,727,680,2,2,1
663,647,677,652,659,667,14,7,4
596,943,596,931,600,948,3,3,1
596,943,588,936,596,931,6,6,4
571,931,587,954,558,939,30,31,27
596,931,589,923,585,905,3,4,2
619,806,625,803,626,807,24,11,7
625,803,619,806,623,799,23,10,7
619,806,607,800,623,799,12,6,5
651,551,652,544,656,552,87,28,17
673,595,687,617,668,602,15,8,4
673,595,677,593,687,617,7,5,2
676,570,688,572,677,593,7,4,2
668,575,676,570,677,593,49,19,9
673,564,666,566,656,552,36,21,14
666,566,655,562,656,552,21,17,12
655,562,666,566,657,576,21,14,9
402,797,405,790,409,803,63,21,13
402,797,397,799,397,798,34,4,0
402,797,409,803,397,799,45,12,7
393,875,396,887,390,886,44,45,40
393,875,410,885,396,887,61,52,45
393,875,382,882,386,872,46,46,42
382,882,393,875,390,886,42,42,37
376,862,384,864,386,872,54,56,51
405,818,398,828,389,829,5,4,1
397,799,405,818,376,809,4,3,0
409,803,405,818,397,799,12,5,2
405,818,376,818,376,809,3,3,0
376,818,405,818,389,829,11,6,3
405,818,413,808,420,822,9,3,2
366,501,376,487,383,498,171,170,166
375,475,376,487,359,482,171,170,167
407,491,397,503,390,484,173,173,169
383,498,397,503,396,505,171,170,166
390,484,397,503,383,498,173,171,168
397,503,402,510,396,505,167,169,165
407,481,390,484,404,478,174,174,170
407,481,407,491,390,484,175,175,171
407,481,404,478,412,467,170,170,166
418,476,407,481,412,467,176,177,172
343,525,334,535,335,523,82,80,74
335,521,343,525,335,523,86,85,79
295,503,285,495,302,497,62,51,48
272,515,281,525,272,527,58,11,13
279,545,264,554,266,547,2,3,1
264,554,279,545,278,576,2,3,1
278,576,279,545,299,558,4,2,1
279,545,296,549,299,558,8,2,1
329,524,321,529,318,517,74,69,65
321,529,311,522,318,517,52,44,42
321,529,329,524,331,531,63,60,55
321,529,331,531,328,543,18,12,10
293,516,281,525,292,514,11,2,1
513,892,526,893,525,912,54,22,14
526,893,513,892,515,887,24,20,12
544,907,556,912,555,929,6,7,4
519,882,521,885,515,887,11,11,8
521,885,526,893,515,887,22,19,12
526,893,532,910,525,912,52,21,14
503,881,519,882,515,887,9,5,3
86,226,73,239,61,194,3,2,2
89,224,86,226,61,194,2,2,1
149,85,149,76,165,88,31,12,5
149,76,149,85,140,83,17,12,7
165,42,160,60,129,60,2,2,1
133,153,139,165,123,173,15,7,2
122,92,127,102,123,107,5,3,2
118,115,122,92,123,107,3,3,2
122,92,118,115,92,117,2,2,2
121,90,122,92,92,117,2,2,2
123,107,126,110,123,111,10,8,4
127,102,126,110,123,107,9,7,4
126,110,136,119,123,111,8,7,2
151,106,145,120,136,119,19,9,4
166,117,176,107,179,119,12,11,6
161,112,151,106,161,108,50,17,11
144,140,149,145,140,144,63,25,16
149,145,150,150,140,144,61,24,15
149,145,144,135,154,124,51,21,12
144,135,149,145,144,140,75,32,21
150,150,137,152,140,144,50,19,11
140,144,137,152,128,145,11,6,3
137,152,133,153,128,145,7,6,3
94,65,104,42,129,60,2,2,2
104,42,131,29,129,60,2,2,2
49,24,104,42,94,65,1,1,1
95,14,104,42,49,24,2,2,2
131,29,125,16,150,19,2,2,2
150,19,125,16,174,0,2,2,2
125,16,95,14,174,0,2,2,2
104,42,125,16,131,29,2,2,2
125,16,104,42,95,14,2,2,2
290,163,291,186,278,170,98,80,57
290,163,298,182,291,186,104,88,63
230,155,218,151,226,143,24,21,14
218,151,219,168,199,156,23,19,11
216,146,218,151,199,156,21,18,10
264,184,268,183,271,187,124,73,50
249,149,257,150,250,154,31,26,18
257,150,249,149,254,140,27,24,15
288,141,299,146,287,148,35,30,22
288,141,289,138,299,146,31,26,19
282,129,288,141,269,145,57,32,20
289,138,288,141,282,129,86,39,24
303,139,315,150,310,153,32,28,18
315,150,317,134,324,144,29,26,17
317,134,315,150,303,139,28,25,16
289,151,285,152,287,148,51,48,34
285,152,290,163,278,170,75,54,39
290,163,285,152,289,151,53,41,27
330,162,321,168,320,160,49,41,30
321,168,315,166,320,160,45,37,26
321,168,316,173,315,166,48,40,29
335,188,342,194,334,191,34,28,20
328,193,335,188,334,191,30,25,15
335,188,328,193,334,184,31,25,15
335,188,334,184,334,183,37,30,21
317,192,328,193,321,200,26,23,13
328,193,317,192,317,190,22,18,9
339,199,328,193,334,191,33,29,21
328,193,339,199,335,207,29,26,19
335,207,339,199,343,202,22,20,13
339,199,342,194,343,202,30,25,18
342,194,339,199,334,191,35,29,22
324,227,312,229,312,217,26,22,14
325,226,324,227,312,217,26,22,14
324,227,325,226,326,228,31,28,20
325,239,324,227,326,228,19,16,10
312,229,324,227,325,239,30,26,19
278,188,279,191,272,194,84,67,46
287,189,279,191,278,188,77,62,39
312,217,308,208,321,200,42,35,25
263,123,266,109,279,111,19,18,11
266,109,268,102,279,111,16,15,9
284,97,286,86,298,94,17,14,8
326,80,333,79,327,90,92,40,28
319,88,326,80,327,90,70,30,18
333,79,326,80,329,72,34,22,13
313,77,326,80,319,88,83,33,18
300,78,307,93,298,94,40,17,9
300,78,313,77,307,93,62,25,14
293,107,289,105,298,94,37,19,10
289,105,293,107,293,108,31,16,4
304,95,293,107,298,94,68,26,16
296,118,287,114,293,108,72,31,18
315,119,311,112,316,104,17,17,10
305,117,311,112,315,119,16,17,10
267,74,268,76,261,82,17,14,9
282,129,283,122,294,127,74,32,19
282,120,283,122,282,129,29,13,3
283,122,282,120,287,114,27,16,4
260,135,260,124,267,130,29,25,16
260,135,254,140,245,128,26,22,12
260,124,260,135,245,128,23,20,10
227,95,250,91,247,113,14,12,8
259,97,250,91,261,82,14,12,7
247,113,250,91,259,101,17,15,10
250,91,259,97,259,101,16,14,9
250,91,250,79,261,82,14,13,8
250,79,250,91,247,83,15,12,8
398,56,396,63,394,60,7,8,3
396,63,398,56,401,66,10,9,5
398,68,396,63,401,66,8,9,4
396,63,382,75,394,60,13,13,8
396,63,398,68,382,75,13,12,8
397,94,407,89,404,95,14,13,9
397,94,395,92,407,89,13,13,8
409,112,397,94,404,95,11,11,7
394,120,397,94,409,112,11,12,7
397,94,394,120,376,104,16,14,9
397,94,376,104,377,99,15,15,10
382,93,397,94,377,99,13,13,9
415,139,400,141,406,122,14,13,9
395,92,386,91,389,85,8,8,4
386,91,397,94,382,93,9,10,5
397,94,386,91,395,92,9,10,6
444,0,424,6,420,2,35,21,14
438,15,424,6,444,0,51,20,11
399,10,415,5,413,20,25,18,10
415,5,421,11,413,20,44,19,12
415,5,387,3,420,2,45,23,17
415,5,399,10,387,3,27,19,13
413,20,424,23,419,28,82,35,22
421,11,424,23,413,20,60,24,14
380,35,371,36,384,30,71,38,30
371,36,356,24,378,8,21,17,12
384,30,371,36,378,8,32,22,17
354,33,371,36,367,44,52,29,23
356,24,371,36,354,33,21,19,14
371,36,373,43,367,44,99,56,47
371,36,380,35,373,43,92,52,43
386,39,380,35,384,30,89,49,39
391,34,386,39,384,30,81,43,32
386,39,391,34,388,42,40,25,16
373,43,386,39,388,42,48,29,23
380,35,386,39,373,43,77,44,36
395,29,391,34,394,26,93,48,36
391,34,395,29,398,38,67,38,26
398,24,395,29,394,26,80,33,25
406,37,395,29,398,24,62,30,20
395,29,406,37,398,38,43,25,15
329,5,332,9,322,12,18,16,12
329,37,332,9,343,13,12,10,6
343,13,332,9,343,1,14,12,8
332,9,329,5,343,1,15,13,9
318,27,332,9,329,37,12,11,7
332,9,318,27,322,12,12,11,7
330,39,334,49,326,46,17,15,11
334,49,332,50,326,46,18,16,12
334,49,330,39,337,47,16,14,10
341,54,334,49,337,47,18,11,5
332,50,334,49,332,57,17,12,6
334,49,341,54,332,57,31,16,8
321,52,305,43,326,46,16,14,9
332,50,321,52,326,46,15,14,10
321,52,332,50,332,57,13,12,7
320,55,321,52,332,57,13,11,7
272,23,250,32,261,14,11,9,5
273,34,250,32,272,23,10,9,5
250,32,249,11,261,14,19,11,7
305,43,291,41,292,35,11,11,7
291,41,287,42,292,35,8,7,3
287,42,276,53,273,34,10,9,6
276,53,263,51,273,34,9,8,4
263,51,276,53,267,54,28,11,8
276,53,285,58,269,60,59,24,12
267,54,276,53,269,60,69,26,15
321,52,312,59,305,43,16,14,8
312,59,321,52,320,55,14,13,7
200,48,197,44,199,42,71,45,40
197,44,200,48,190,47,70,40,34
197,44,191,37,199,42,41,18,15
197,44,190,47,191,37,43,20,17
202,55,200,48,204,52,45,19,8
199,56,202,55,202,57,76,27,13
202,55,199,56,197,55,77,28,14
200,48,202,55,197,55,46,21,9
202,55,210,58,202,57,75,28,14
210,58,202,55,204,52,69,26,12
251,6,251,5,253,4,27,12,4
251,5,251,6,246,7,22,7,2
251,5,241,6,253,4,14,5,1
241,6,251,5,246,7,15,5,1
600,173,597,191,597,174,16,17,14
641,162,640,169,634,160,36,20,12
640,169,641,162,652,165,15,16,11
650,133,636,133,635,98,2,2,1
639,159,641,162,634,160,17,14,8
641,162,639,159,652,154,12,13,12
639,159,640,148,652,154,10,10,10
621,146,617,130,631,132,38,16,10
634,152,639,159,634,160,16,14,8
639,159,634,152,640,148,16,15,11
636,188,634,181,639,187,90,36,16
600,173,608,167,615,172,15,16,14
600,171,600,173,597,174,27,27,25
600,171,608,167,600,173,17,17,15
346,872,347,877,333,871,43,19,12
345,865,346,872,333,871,23,15,7
346,872,345,865,347,867,15,15,8
392,901,400,905,394,909,51,21,11
443,950,447,958,433,949,83,43,34
443,950,450,944,447,958,70,38,31
438,938,443,950,433,949,37,31,25
450,944,443,950,438,938,40,31,25
456,934,450,944,438,938,25,26,21
521,934,518,941,506,937,10,9,6
390,954,388,953,394,948,101,84,77
396,952,390,954,394,948,93,77,68
388,953,390,954,388,958,155,117,106
390,954,396,952,388,958,145,112,102
449,959,475,957,494,958,21,13,6
481,940,474,930,497,928,49,27,19
487,941,481,940,497,928,53,24,16
475,957,484,947,494,958,19,12,6
469,886,463,894,459,879,38,20,11
469,886,478,872,483,891,53,19,10
475,924,474,920,480,917,19,20,13
465,909,451,911,462,905,41,14,6
474,920,465,909,480,917,6,7,4
465,909,474,900,480,917,8,5,3
409,935,407,939,399,932,83,50,39
400,941,400,951,394,948,60,51,41
400,941,407,939,400,951,115,85,74
407,939,400,941,399,932,84,51,40
400,941,395,931,399,932,44,28,24
395,931,383,934,382,926,7,6,4
382,926,383,934,374,933,5,6,2
372,940,383,934,384,945,41,42,37
383,934,372,940,374,933,18,18,14
233,809,239,800,247,812,17,5,3
157,784,172,790,164,795,22,5,1
172,790,167,774,178,786,19,5,1
167,774,172,790,157,784,22,5,1
258,877,264,869,269,873,47,25,15
233,809,227,824,220,815,11,8,2
268,930,273,929,271,937,53,35,24
273,929,277,928,271,937,42,29,18
273,929,268,930,274,923,67,41,30
277,928,273,929,274,923,42,30,17
258,952,256,950,262,945,45,25,16
256,950,258,952,258,954,36,21,9
259,955,258,952,262,945,36,23,13
258,952,259,955,258,954,27,19,8
296,698,288,682,301,687,15,7,2
296,698,296,699,277,696,32,9,4
254,708,248,716,250,702,15,8,4
248,716,254,708,251,715,22,12,7
257,719,254,708,264,710,4,5,1
272,718,257,719,264,710,2,3,0
224,729,229,712,239,718,20,11,4
211,721,224,729,212,725,16,10,5
261,695,263,686,277,696,19,6,4
263,686,260,684,273,683,16,6,3
259,694,263,686,261,695,20,4,4
263,686,259,694,257,692,18,4,3
278,688,296,698,277,696,31,9,4
296,698,278,688,288,682,31,10,5
263,686,278,688,277,696,18,6,4
278,688,263,686,273,683,13,5,1
260,737,252,735,259,730,38,11,4
235,732,252,735,248,739,26,13,5
234,734,224,729,235,732,19,13,6
234,734,227,740,224,729,24,17,10
243,742,234,734,235,732,22,13,5
227,740,234,734,235,749,27,20,13
234,734,243,742,235,749,28,20,10
297,646,289,663,283,652,4,4,4
280,662,275,671,275,660,41,13,8
280,662,289,663,275,671,22,8,5
289,663,280,662,283,652,4,4,4
256,672,265,665,275,671,13,5,3
260,684,256,672,275,671,12,4,2
256,672,247,676,248,669,23,6,5
256,672,260,684,247,676,21,5,4
275,787,273,790,271,777,18,5,1
273,790,275,787,278,789,13,2,0
280,765,271,777,273,762,46,25,12
326,767,315,747,329,762,9,5,1
315,747,326,767,300,770,20,6,2
238,794,240,784,253,780,19,6,3
238,794,257,807,239,800,39,9,4
257,807,238,794,253,780,30,7,3
240,784,238,794,224,779,20,9,5
233,752,233,758,219,760,3,4,0
233,752,227,740,235,749,25,19,12
245,761,233,752,235,749,25,20,13
233,758,233,752,245,761,22,16,10
213,746,233,752,219,760,9,5,2
227,740,233,752,213,746,14,9,5
234,763,228,771,219,760,12,8,3
233,758,234,763,219,760,4,5,0
228,771,234,763,231,772,6,5,2
234,763,233,758,245,761,8,6,3
234,763,243,778,231,772,6,5,2
243,778,234,763,245,761,5,4,2
201,765,209,767,204,782,30,7,3
201,765,200,764,209,767,35,8,3
195,781,201,765,204,782,31,7,3
201,765,195,781,189,773,22,7,2
200,764,201,765,189,773,18,6,3
432,787,444,791,438,801,4,4,4
468,811,462,814,465,808,48,8,1
410,782,400,776,409,771,3,3,1
382,784,394,781,397,798,43,16,11
405,785,400,776,410,782,3,3,1
379,780,365,766,379,772,47,16,7
347,761,350,768,329,762,5,4,2
343,750,347,761,339,749,40,12,6
339,749,347,761,329,762,23,8,4
359,758,349,763,349,760,64,14,8
349,763,347,761,349,760,19,2,0
347,761,349,763,350,768,11,2,0
355,804,346,805,352,794,11,5,2
355,804,357,808,346,805,28,7,5
376,809,355,804,352,794,7,4,2
367,813,367,812,376,809,8,5,2
357,808,367,812,367,813,24,8,4
367,812,355,804,376,809,13,5,3
355,804,367,812,357,808,18,6,4
367,846,364,842,373,836,41,21,17
373,851,367,846,373,836,45,30,26
367,846,360,844,364,842,37,19,15
360,844,367,846,358,858,74,70,63
369,860,367,866,358,858,62,63,57
367,846,369,860,358,858,79,76,70
369,860,367,846,373,851,78,74,69
369,860,376,862,367,866,60,59,54
369,860,373,851,376,862,88,86,80
362,874,366,881,360,875,19,15,9
362,874,368,873,366,881,23,21,16
368,873,362,874,365,870,49,49,45
342,853,340,855,342,849,82,81,77
341,843,344,832,348,834,24,15,9
341,843,348,834,349,847,34,29,23
341,843,330,840,344,832,17,14,8
257,807,255,821,247,812,45,11,2
264,804,255,821,257,807,39,11,3
255,821,264,804,268,829,31,9,3
275,841,274,836,284,834,38,14,8
268,829,274,836,268,834,33,11,6
274,836,267,839,268,834,19,7,2
267,839,274,836,275,841,14,6,1
289,874,281,868,296,866,22,12,3
281,868,293,860,296,866,14,8,2
269,873,281,868,288,882,24,16,8
281,868,289,874,288,882,21,13,5
320,875,306,870,308,868,29,7,4
305,872,306,870,320,875,25,6,5
306,870,299,864,308,868,66,16,5
306,870,305,872,299,864,68,17,6
326,861,331,863,333,871,30,12,6
331,863,345,865,333,871,21,14,7
331,863,340,855,345,865,28,29,24
305,746,308,740,315,747,35,8,2
309,731,308,740,296,727,42,9,4
308,740,305,746,296,727,36,8,4
333,739,333,743,315,747,27,10,4
315,747,333,743,329,762,10,5,2
333,743,339,749,329,762,26,8,4
316,733,333,739,315,747,35,12,6
308,740,316,733,315,747,29,8,2
316,733,308,740,309,731,32,9,3
280,819,275,803,286,806,4,2,1
264,804,275,803,280,819,11,5,2
275,803,264,804,268,799,4,3,0
275,803,273,790,278,789,7,3,0
275,803,268,799,268,797,3,4,0
273,790,275,803,268,797,3,3,0
305,826,305,820,309,827,7,2,0
297,808,310,792,299,810,17,5,2
297,808,286,818,286,806,4,3,0
286,818,297,808,299,810,4,4,0
275,803,289,802,286,806,5,2,0
289,802,275,803,278,789,12,3,0
289,802,297,808,286,806,13,4,2
299,810,312,793,312,814,18,6,3
310,792,312,793,299,810,16,6,2
312,793,317,813,312,814,16,9,2
312,793,319,795,317,813,15,9,2
305,820,291,823,299,810,6,4,1
291,823,286,818,299,810,3,3,0
305,826,291,823,305,820,2,3,0
331,801,329,798,339,800,33,6,3
342,787,329,798,327,796,15,5,3
329,798,342,787,339,800,16,5,3
329,798,319,795,327,796,26,8,3
317,813,329,798,331,801,21,6,1
319,795,329,798,317,813,20,7,1
308,831,305,826,309,827,11,2,1
332,811,347,815,340,824,30,15,9
330,816,332,811,340,824,41,21,15
332,811,346,805,347,815,32,8,3
332,811,332,807,346,805,35,8,4
317,813,323,817,321,819,43,7,4
328,828,323,817,330,816,58,31,25
323,817,328,828,321,819,59,26,22
323,817,332,811,330,816,37,12,6
323,817,317,813,332,807,31,8,3
332,811,323,817,332,807,32,9,4
277,502,263,501,271,490,19,3,3
310,489,304,468,316,483,133,130,124
306,492,310,489,312,500,92,88,83
310,489,321,499,312,500,108,105,99
324,455,316,454,318,444,169,164,159
304,468,292,482,299,467,108,105,97
292,482,285,472,299,467,92,89,81
285,472,292,482,287,480,85,82,74
292,482,310,489,306,492,92,89,82
310,489,292,482,304,468,108,104,97
292,482,306,492,302,497,88,84,77
270,484,279,488,271,490,12,3,1
279,488,277,502,271,490,11,2,1
277,502,279,488,285,495,20,11,9
129,466,136,458,131,469,25,7,4
136,458,129,466,128,449,23,6,4
136,458,128,449,128,439,16,5,3
147,426,136,458,128,439,6,3,2
183,470,183,464,191,465,63,29,26
183,464,169,445,180,452,24,10,8
161,509,157,501,190,497,2,2,1
236,481,228,476,227,467,8,2,2
228,476,236,481,228,481,7,2,2
228,476,212,479,227,467,3,2,0
212,479,209,483,205,482,8,7,5
201,475,212,479,205,482,9,9,7
212,479,228,476,228,481,3,2,0
201,475,189,478,191,465,31,21,15
321,386,323,391,314,395,121,116,110
323,391,322,403,314,395,139,136,129
323,407,322,403,335,406,150,146,140
371,467,368,463,375,455,170,166,163
330,490,330,487,333,494,160,156,150
330,487,327,481,329,478,167,163,158
328,701,342,708,327,709,3,5,3
384,722,388,736,377,732,4,4,1
362,723,361,743,344,729,3,4,2
325,700,325,689,332,691,41,12,5
328,701,325,700,332,691,33,11,5
325,700,328,701,327,709,6,6,2
388,736,392,737,395,748,2,3,0
390,705,383,707,378,699,58,29,19
393,706,390,705,402,683,5,5,2
334,566,325,559,336,560,18,4,4
325,559,317,556,328,543,8,2,0
404,679,407,681,402,683,3,4,1
338,581,353,587,334,605,2,2,1
334,566,340,568,337,573,20,3,4
354,581,340,568,365,569,13,2,2
338,581,354,581,353,587,3,2,1
351,546,340,568,336,560,9,3,1
340,568,351,546,365,569,11,6,4
220,612,228,614,222,617,31,6,4
256,611,258,616,250,622,36,11,5
263,628,260,638,250,622,29,8,3
263,628,269,633,260,638,24,9,3
275,637,275,632,280,630,4,4,3
275,632,275,637,269,633,3,3,2
275,632,263,628,280,630,4,3,3
263,628,275,632,269,633,5,3,2
269,633,266,645,260,638,41,17,10
275,637,266,645,269,633,12,8,5
252,493,255,490,255,498,75,32,33
247,491,252,493,255,498,40,11,12
252,493,247,491,255,490,65,28,29
325,689,336,677,332,691,49,11,5
325,669,336,677,325,689,32,8,4
336,677,346,693,332,691,37,10,6
336,677,349,676,346,693,33,9,5
349,676,336,677,348,673,73,15,6
353,587,354,589,334,605,2,2,1
354,589,338,608,334,605,2,2,1
338,608,354,589,348,609,2,2,1
354,581,354,589,353,587,6,2,2
287,613,293,627,280,630,3,3,2
321,612,313,606,334,605,15,7,4
302,595,298,602,286,604,8,7,3
298,602,306,600,304,607,20,7,1
306,600,298,602,302,595,36,11,3
256,545,257,531,266,547,3,2,1
116,463,114,456,128,449,27,3,2
114,456,116,463,109,455,4,1,0
147,426,172,428,170,442,5,3,2
88,444,112,443,109,455,1,1,1
127,436,147,426,128,439,3,2,2
127,436,133,414,147,426,3,2,2
133,414,127,436,119,422,22,3,2
168,519,151,512,161,509,12,4,2
151,512,157,501,161,509,13,4,2
126,479,127,483,116,474,22,3,2
126,479,129,466,131,469,11,1,1
129,466,126,479,116,474,21,3,2
198,516,168,519,190,497,3,3,2
153,527,151,512,168,519,13,4,3
153,527,116,587,130,517,1,1,1
116,587,119,516,130,517,1,1,1
119,516,116,587,73,542,1,1,1
116,587,96,591,73,542,1,1,1
218,505,221,513,212,506,11,11,6
221,513,210,515,212,506,10,9,5
221,513,218,505,236,494,5,5,2
233,523,221,513,236,494,5,5,2
257,531,253,517,261,523,3,2,1
255,498,253,517,236,494,8,2,1
253,517,233,523,236,494,5,2,1
285,359,285,328,304,332,25,4,3
191,183,199,191,184,200,32,26,16
180,196,191,183,184,200,33,26,17
180,196,178,180,191,183,34,28,18
196,166,200,170,191,183,28,22,14
178,180,196,166,191,183,28,23,14
200,170,196,166,199,156,21,17,10
196,166,191,150,199,156,20,16,9
118,185,96,191,98,181,4,5,2
150,175,139,165,148,164,46,25,16
123,173,123,174,107,172,4,4,2
123,174,118,185,107,172,4,4,2
152,330,152,332,144,333,60,31,21
103,302,109,320,94,317,11,10,5
109,320,96,335,94,317,5,3,1
135,741,134,740,171,731,2,1,1
165,747,135,741,171,731,2,2,1
135,741,165,747,160,753,2,2,1
159,755,135,741,160,753,1,1,1
135,741,159,755,158,757,1,1,1
135,741,158,757,143,772,1,1,1
117,752,135,741,143,772,1,1,1
134,740,135,741,117,752,1,1,1
106,669,127,659,126,709,1,1,1
127,659,106,669,112,632,1,1,1
112,632,106,669,64,634,1,1,1
106,669,94,679,64,634,1,1,1
134,740,113,711,126,709,1,1,1
95,728,113,711,134,740,1,1,1
113,711,106,669,126,709,1,1,1
106,669,113,711,94,679,1,1,1
100,709,95,728,64,709,1,1,1
94,679,100,709,64,709,1,1,1
100,709,113,711,95,728,1,1,1
113,711,100,709,94,679,1,1,1
210,598,205,609,202,604,8,3,1
247,676,234,664,248,669,23,5,3
229,674,234,664,247,676,24,5,2
653,534,658,532,657,537,46,17,13
653,534,646,525,658,532,16,8,7
652,544,653,534,657,537,72,27,16
682,550,680,553,674,536,27,11,8
682,550,685,528,687,554,5,2,1
682,550,674,536,685,528,14,6,4
682,563,684,556,687,554,3,3,1
680,553,684,556,682,563,10,4,3
684,556,682,550,687,554,6,4,2
682,550,684,556,680,553,13,5,4
682,490,686,499,678,491,55,54,48
698,475,686,474,697,453,150,151,140
686,474,671,464,697,453,168,169,160
699,494,714,483,727,534,2,2,1
685,528,699,494,727,534,3,2,2
686,499,699,494,685,528,6,4,2
645,496,646,498,641,503,74,10,11
646,498,649,503,641,503,49,5,5
653,484,646,498,645,496,51,6,6
649,503,646,498,667,497,21,2,2
662,622,662,623,659,626,24,9,1
671,621,666,615,687,617,13,7,4
632,592,633,591,642,601,43,23,15
633,603,632,592,642,601,34,20,14
603,580,615,583,603,593,44,44,39
641,571,655,562,657,576,72,23,13
621,567,641,571,624,577,25,18,12
641,571,621,567,633,559,37,21,13
633,591,646,598,642,601,37,21,13
646,598,633,591,645,584,64,26,14
641,609,633,603,642,601,8,10,7
633,603,641,609,632,610,7,8,7
654,624,662,622,659,626,41,14,5
654,624,642,638,635,628,42,17,9
623,625,639,620,635,628,10,10,9
639,620,623,625,632,610,9,9,8
639,620,654,624,635,628,36,15,9
703,395,703,394,711,396,49,50,45
703,398,703,395,711,396,49,50,45
703,394,703,395,699,399,156,157,148
703,395,703,398,699,399,156,158,148
711,419,711,418,726,409,1,2,0
711,418,707,406,726,409,5,5,3
673,429,675,431,667,446,122,118,108
675,431,673,429,676,430,157,155,147
650,433,673,429,667,446,162,50,58
679,410,674,425,668,414,84,51,48
676,430,674,425,679,410,115,111,103
701,433,699,443,676,430,177,176,165
699,443,675,431,676,430,180,179,168
667,446,699,443,697,453,175,175,165
675,431,699,443,667,446,166,165,153
699,443,707,447,697,453,70,69,64
699,443,704,437,707,447,66,64,60
703,408,705,422,679,410,160,159,148
705,422,676,430,679,410,158,157,146
661,259,655,250,668,254,15,17,13
652,264,661,259,660,267,27,27,25
661,259,652,264,650,252,22,22,19
655,250,661,259,650,252,16,16,13
681,234,680,246,667,240,40,22,16
680,246,681,234,686,247,10,4,0
686,247,681,234,727,228,2,2,1
681,234,675,219,727,228,3,2,2
634,181,642,184,639,187,83,34,16
668,191,666,185,672,186,33,13,14
666,185,675,159,672,186,5,2,2
666,185,654,179,675,159,15,8,7
640,235,644,243,629,237,51,30,24
629,232,640,235,629,237,32,27,23
629,232,617,224,633,223,10,13,11
640,235,640,226,645,229,102,40,25
629,232,640,226,640,235,23,17,12
640,226,629,232,633,223,19,12,6
630,210,618,209,615,199,10,11,8
636,188,630,210,615,199,16,13,10
659,231,658,230,669,222,39,29,24
666,185,661,195,654,179,49,26,22
661,195,666,185,668,191,68,32,30
669,217,675,219,669,222,31,17,10
669,217,672,213,675,219,22,12,6
701,326,697,324,701,320,10,3,2
693,330,697,324,701,326,16,4,4
697,324,696,315,701,320,11,3,2
696,315,697,324,689,314,22,4,6
697,324,693,330,689,314,24,6,8
669,412,679,410,668,414,81,29,28
688,385,694,393,686,390,140,142,130
688,385,682,387,688,384,60,49,42
682,387,688,385,686,390,70,61,53
703,381,688,385,688,384,145,145,135
694,393,688,385,703,381,151,151,140
704,343,698,342,704,338,39,38,35
698,342,672,353,690,335,35,9,8
672,353,698,342,700,348,41,16,15
698,342,693,330,704,338,22,15,14
693,330,698,342,690,335,29,14,14
689,380,703,381,688,384,143,143,132
689,380,689,375,703,381,137,138,127
682,387,689,380,688,384,59,48,41
689,375,692,370,703,381,130,130,120
692,370,692,367,709,364,92,91,84
709,378,692,370,709,364,99,99,92
703,381,692,370,709,378,106,107,99
667,336,668,327,690,335,28,4,4
672,353,667,336,690,335,36,2,3
668,327,667,336,657,329,22,12,7
678,368,672,353,692,367,41,3,2
657,355,646,361,647,351,19,18,16
388,263,380,255,383,250,104,45,28
380,255,368,269,369,254,42,25,18
368,269,380,255,386,270,67,34,23
380,255,388,263,386,270,105,48,31
389,271,399,264,402,273,25,25,24
399,264,388,263,399,262,17,17,14
399,264,389,271,388,263,23,24,21
367,178,373,198,355,187,22,20,15
373,198,367,178,379,186,21,19,15
415,290,422,293,418,295,31,32,27
416,297,415,290,418,295,25,26,21
415,290,416,297,413,287,35,35,32
456,391,455,389,471,394,200,23,34
458,400,456,391,471,394,221,51,61
460,402,461,403,459,404,250,138,134
458,400,460,402,459,404,248,142,136
461,403,460,402,471,394,231,58,69
460,402,458,400,471,394,231,63,73
439,405,444,421,435,415,52,5,8
425,416,425,408,429,414,32,14,12
425,408,425,416,423,408,41,33,29
445,398,448,399,439,405,27,1,1
448,399,458,400,459,404,141,61,60
448,399,445,398,446,397,48,3,1
448,399,456,391,458,400,230,108,108
317,305,307,302,315,300,103,0,2
317,360,315,364,313,365,18,10,7
319,361,315,364,317,360,15,5,3
315,364,319,361,323,382,58,52,47
311,329,318,331,304,332,15,1,1
337,325,325,327,326,323,72,1,3
325,327,337,325,337,352,30,1,1
207,327,211,314,217,325,21,0,0
211,314,200,306,205,305,15,2,0
225,233,240,239,221,243,87,52,33
365,416,366,418,359,424,156,152,147
365,416,353,412,362,401,148,145,139
353,412,350,408,362,401,145,142,136
353,412,365,416,356,422,158,154,149
455,389,457,372,477,384,103,9,12
457,372,468,364,477,384,68,15,15
468,364,457,372,459,360,68,20,13
457,372,452,365,459,360,80,7,6
364,347,337,325,370,340,38,1,1
367,348,364,347,370,340,47,1,1
364,347,367,348,362,358,15,0,0
354,107,363,109,353,114,92,39,23
353,106,354,107,353,114,63,32,15
363,109,354,107,365,105,94,42,28
354,107,360,96,365,105,47,23,14
354,107,353,106,360,96,69,32,19
421,143,430,134,432,136,14,15,10
430,134,421,143,415,139,12,12,8
421,143,432,136,440,142,14,15,11
433,135,436,136,432,136,16,17,14
430,134,433,135,432,136,26,27,23
421,143,414,149,415,139,16,14,8
561,76,556,81,547,67,7,8,5
556,81,536,77,547,67,7,8,5
577,68,583,77,573,78,48,27,20
571,58,564,61,566,46,25,12,11
571,58,577,68,564,61,38,17,14
571,58,566,46,594,16,2,2,2
592,71,571,58,594,16,6,4,3
583,77,574,80,573,78,19,11,5
574,80,583,77,583,83,17,10,5
556,81,574,80,554,89,6,6,4
574,80,561,76,573,78,7,7,5
574,80,556,81,561,76,7,7,5
596,95,599,85,604,88,56,28,22
610,103,596,95,604,88,48,22,15
599,81,592,78,595,73,15,11,5
592,78,599,81,599,85,45,26,19
599,85,599,81,604,88,17,11,10
599,81,632,93,604,88,8,5,5
599,81,595,73,632,93,9,6,4
596,95,592,94,599,85,61,28,18
456,154,455,156,445,145,19,18,15
483,223,477,204,488,207,26,27,23
459,116,462,111,463,121,7,8,5
462,111,474,118,463,121,9,9,6
462,111,459,116,459,109,9,9,6
476,126,474,118,478,120,19,19,17
474,118,476,126,463,121,12,12,10
476,126,478,120,482,122,18,19,16
476,126,482,122,489,143,14,14,11
474,118,483,103,478,120,13,12,10
448,144,445,145,443,137,14,14,8
448,144,453,140,457,148,11,10,7
456,154,448,144,457,148,18,16,14
448,144,456,154,445,145,19,17,14
436,136,437,128,443,137,12,13,10
433,135,437,128,436,136,7,7,5
453,140,450,138,460,131,12,13,10
450,138,449,128,460,131,14,15,12
450,138,448,144,443,137,13,14,8
448,144,450,138,453,140,9,10,6
460,130,449,128,463,121,10,11,8
449,128,460,130,460,131,16,16,14
463,153,456,154,457,148,22,21,17
453,140,463,133,457,148,12,12,10
463,133,453,140,460,131,12,13,10
463,133,463,153,457,148,15,14,11
463,153,463,133,477,147,11,12,9
460,130,463,133,460,131,8,8,6
476,126,463,133,463,121,14,14,12
463,133,460,130,463,121,8,8,6
435,98,445,93,441,102,15,14,10
436,87,435,98,429,99,10,9,6
428,77,436,87,429,99,13,12,8
436,87,428,77,437,80,16,14,10
426,114,419,115,420,103,10,9,6
419,115,412,108,420,103,16,15,11
412,108,419,115,413,113,13,13,9
413,113,419,115,416,125,12,12,8
410,59,404,55,409,53,10,9,5
410,59,401,66,404,55,12,11,6
419,74,428,77,407,89,11,10,7
417,52,409,53,406,47,8,9,4
421,41,417,52,406,47,11,11,6
428,77,431,72,437,80,9,9,4
431,72,446,75,437,80,11,10,5
419,74,431,72,428,77,8,7,5
431,72,419,74,425,64,10,10,8
468,23,458,13,467,11,59,30,22
468,23,451,27,458,13,71,31,21
503,24,485,18,471,7,30,17,12
469,60,469,45,478,50,46,16,9
453,36,439,39,437,32,17,15,9
451,27,453,36,437,32,29,16,8
509,103,528,104,508,112,61,21,10
528,104,534,112,530,113,18,7,4
534,112,531,117,530,113,36,12,9
503,66,510,82,500,72,56,17,7
510,82,503,66,513,56,26,11,6
489,74,497,81,486,89,19,13,8
497,81,504,88,486,89,27,15,10
547,67,536,64,546,65,7,7,5
536,77,536,64,547,67,7,8,5
536,64,535,62,546,65,7,7,5
530,35,529,34,536,33,27,13,5
529,34,526,42,521,38,49,23,15
526,42,529,34,530,35,58,28,21
518,55,528,49,532,53,6,7,4
528,49,518,55,519,47,6,7,4
526,42,528,49,519,47,7,8,4
528,49,534,46,532,53,7,8,6
528,49,526,42,534,46,13,9,7
516,29,529,34,521,38,50,25,16
529,34,516,29,536,33,35,18,11
516,29,564,18,536,33,6,4,3
516,29,503,24,564,18,9,5,4
519,47,510,32,521,38,23,15,7
510,32,516,29,521,38,50,25,14
510,52,518,55,513,56,6,7,4
518,55,510,52,519,47,6,7,4
510,52,510,32,519,47,18,13,6
510,32,510,52,499,37,13,11,5
493,28,485,18,503,24,55,29,20
485,18,493,28,484,20,57,29,21
479,83,489,74,486,89,15,15,10
514,125,515,119,523,124,16,13,9
508,114,515,119,514,125,15,16,13
523,124,515,119,530,113,69,23,12
515,119,508,114,508,112,15,16,13
515,119,528,104,530,113,76,24,11
528,104,515,119,508,112,58,22,12
311,329,317,306,326,323,95,1,3
307,302,317,306,304,312,121,1,2
317,306,307,302,317,305,106,0,2
380,298,387,291,392,304,19,20,15
396,282,387,291,388,283,22,23,19
387,291,396,282,392,304,21,23,18
380,307,380,298,392,304,27,27,23
338,275,344,284,332,286,23,22,17
337,300,337,325,326,323,60,1,2
317,306,337,300,326,323,70,1,2
337,300,317,306,317,305,62,1,2
337,300,317,305,315,300,64,1,1
311,243,305,244,306,236,29,26,19
305,244,291,240,306,236,28,23,16
309,277,301,280,302,269,37,18,14
392,167,386,154,393,165,21,19,15
383,193,391,192,397,200,21,19,15
397,200,391,192,407,199,25,24,20
391,192,391,189,407,199,23,22,18
410,184,391,189,399,172,21,19,14
410,173,410,184,399,172,22,19,14
410,184,414,188,407,199,18,17,13
391,189,410,184,407,199,22,21,17
392,167,387,180,378,176,19,18,12
387,180,392,167,399,172,16,15,10
356,132,351,123,362,118,17,15,9
362,144,357,164,350,146,21,20,13
357,164,362,144,371,148,17,16,10
361,246,351,240,353,235,22,21,16
358,249,351,240,361,246,23,21,17
383,281,389,271,388,283,32,33,26
387,291,383,281,388,283,26,28,22
380,277,368,269,386,270,73,34,22
380,277,383,281,379,279,33,26,21
356,256,358,249,369,254,26,24,20
358,249,356,256,355,253,16,14,10
368,269,356,256,369,254,17,15,11
355,268,356,256,368,269,17,15,11
356,256,343,258,355,253,26,25,19
344,267,343,258,355,268,25,24,20
343,258,356,256,355,268,25,24,20
373,198,382,190,383,193,21,20,16
382,190,373,198,379,186,21,19,16
373,221,387,222,377,229,17,18,13
399,244,395,234,397,233,134,67,47
399,244,393,237,395,234,125,59,40
389,238,399,244,383,250,86,44,32
393,237,399,244,389,238,109,53,36
347,195,353,201,343,202,16,14,9
342,194,347,195,343,202,18,16,9
347,195,342,194,355,187,23,22,15
349,225,345,215,355,214,16,13,9
345,215,350,209,355,214,27,24,18
376,236,360,223,377,229,21,21,16
376,236,368,242,360,223,22,22,18
368,242,376,236,378,243,29,31,26
368,242,363,247,361,246,22,20,16
358,249,363,247,369,254,29,28,24
363,247,358,249,361,246,42,40,36
370,246,368,242,378,243,27,28,23
363,247,370,246,369,254,23,23,18
370,246,363,247,368,242,17,17,12
370,203,368,205,367,205,18,17,12
357,196,370,203,367,205,24,22,17
370,203,357,196,373,198,26,24,19
377,212,373,221,368,205,23,22,18
370,203,377,212,368,205,16,15,11
377,212,373,198,381,213,20,18,14
377,212,370,203,373,198,19,17,14
373,221,362,206,367,205,21,19,15
362,206,373,221,359,208,21,19,16
362,206,357,196,367,205,24,22,17
357,196,362,206,353,201,25,23,19
362,206,359,208,353,201,24,23,18
346,230,348,235,346,238,28,27,20
351,240,348,235,353,235,39,38,32
348,235,351,240,346,238,29,27,21
348,231,349,225,353,235,33,31,26
348,231,346,230,349,225,33,32,26
348,235,348,231,353,235,36,35,29
348,231,348,235,346,230,32,31,25
336,149,330,162,324,144,39,33,24
342,143,336,149,324,144,27,24,15
329,113,333,103,333,115,20,18,11
329,113,315,119,316,104,17,16,10
336,98,326,100,327,90,36,20,10
333,103,326,100,336,98,16,13,7
319,88,326,100,316,104,21,18,11
326,100,319,88,327,90,24,19,12
326,100,329,113,316,104,17,15,10
329,113,326,100,333,103,19,17,10
436,470,432,480,430,468,175,176,170
432,480,431,486,424,485,168,168,166
431,486,430,490,424,485,158,159,156
441,484,431,486,432,480,175,176,171
431,486,441,484,430,490,170,170,166
476,477,469,468,478,475,150,151,144
476,477,478,479,473,482,158,159,153
478,479,476,477,478,475,130,131,124
526,463,536,442,539,459,56,11,6
526,463,539,459,527,467,41,3,2
546,469,533,482,527,467,51,2,4
533,482,546,469,549,475,48,3,4
525,495,512,493,525,494,131,9,13
509,508,525,507,516,514,85,76,70
514,516,509,508,516,514,136,136,128
512,493,512,484,522,483,160,12,20
519,472,512,484,508,483,125,11,17
512,484,519,472,522,483,88,5,8
436,470,446,478,432,480,172,173,167
441,484,446,478,443,483,175,176,171
446,478,441,484,432,480,172,172,167
456,474,450,471,457,467,172,173,169
469,468,462,476,457,467,156,157,151
462,476,456,474,457,467,165,166,160
462,476,476,477,473,482,161,162,156
476,477,462,476,469,468,156,157,150
435,434,447,445,433,449,135,135,129
462,444,456,454,451,452,141,142,135
456,454,469,458,457,467,150,151,145
450,459,456,454,457,467,152,153,146
469,458,456,454,471,451,143,143,138
456,454,462,444,471,451,123,122,116
489,450,496,457,492,464,103,15,17
500,455,496,457,489,450,74,10,11
481,448,481,456,471,451,78,52,51
481,456,485,465,473,463,112,110,102
481,456,481,448,489,450,106,20,23
481,456,489,450,492,464,91,28,29
485,465,481,456,492,464,78,38,35
427,427,435,434,425,433,119,121,114
435,434,427,427,437,430,120,121,114
427,427,430,423,437,430,121,123,115
423,426,420,418,425,416,106,106,99
430,423,423,426,425,416,107,108,101
427,427,423,426,430,423,115,118,110
420,418,423,426,418,419,121,120,114
423,426,427,427,425,433,131,134,127
423,426,411,422,418,419,119,118,112
420,439,417,447,413,448,159,159,155
417,447,418,450,413,448,177,177,173
417,447,420,439,433,449,146,147,142
418,450,417,447,433,449,154,154,150
400,462,398,456,413,448,166,167,163
398,456,400,462,393,458,153,156,151
421,400,425,408,423,408,47,5,9
381,450,381,454,375,455,159,159,154
373,447,381,450,375,455,175,175,171
500,443,506,437,507,446,160,15,25
500,445,500,455,489,450,54,5,6
498,443,500,445,489,450,52,5,8
500,445,503,452,500,455,84,10,13
500,443,500,445,498,443,159,30,43
500,445,500,443,507,446,189,26,39
506,437,499,433,512,422,84,3,4
500,443,499,433,506,437,146,12,19
499,433,500,443,498,443,196,35,45
526,434,506,437,512,422,50,8,8
526,434,508,447,506,437,66,4,5
508,447,526,434,512,453,69,4,6
560,448,562,451,551,454,44,46,41
548,444,560,448,551,454,46,44,40
591,452,578,456,572,450,46,44,38
578,456,591,452,589,455,47,44,38
568,465,578,456,569,466,63,62,56
570,451,568,465,562,451,51,52,46
570,451,560,448,572,450,44,46,41
560,448,570,451,562,451,45,48,42
578,456,570,451,572,450,45,47,41
570,451,578,456,568,465,56,56,51
546,469,547,470,549,475,95,13,9
556,462,547,470,546,469,119,41,28
470,487,462,476,473,482,169,170,164
462,476,470,487,469,488,167,168,162
470,487,471,495,469,488,170,170,166
471,506,471,495,474,499,156,158,153
470,508,471,506,482,517,137,141,135
503,528,498,525,498,515,122,122,114
498,525,503,528,492,537,95,57,53
503,528,517,523,519,531,112,30,32
592,604,591,609,588,606,47,31,24
592,604,589,599,601,598,162,92,74
589,599,585,603,585,596,161,92,75
585,603,589,599,588,606,128,69,53
589,599,592,604,588,606,131,73,57
583,474,578,456,589,455,48,48,41
611,647,615,654,608,659,10,10,9
592,604,606,614,591,609,34,27,23
606,614,592,604,601,598,82,50,41
602,629,611,627,607,635,16,16,14
606,614,611,627,602,629,13,14,11
623,625,611,627,613,612,11,12,10
611,627,606,614,613,612,11,12,9
526,593,541,595,537,606,19,20,16
582,607,583,611,579,615,32,25,21
582,607,577,597,585,603,126,46,24
582,607,585,603,588,606,69,37,25
583,611,582,607,588,606,33,27,26
559,610,554,589,568,605,60,32,26
554,589,559,610,546,598,37,27,22
604,721,602,713,612,719,11,10,7
649,749,647,744,650,732,9,1,2
648,750,647,744,649,749,4,3,0
639,755,647,744,648,750,27,8,4
564,705,555,701,563,692,8,8,6
588,798,597,795,599,808,36,13,8
607,800,597,795,599,791,49,13,5
597,795,595,792,599,791,103,26,8
590,794,588,798,587,797,111,31,10
590,789,590,794,587,797,80,27,9
590,794,590,789,595,792,82,27,8
597,795,590,794,595,792,106,29,10
590,794,597,795,588,798,95,24,10
549,794,567,802,554,803,116,70,60
573,730,557,729,572,712,17,16,12
526,817,521,822,521,813,9,9,8
521,822,526,817,526,828,7,7,6
526,817,532,818,526,828,7,7,7
540,819,536,800,554,803,19,12,9
536,800,540,819,532,818,14,10,8
532,818,540,819,526,828,8,8,8
576,804,588,798,589,810,37,13,7
588,798,576,804,587,797,70,21,9
455,156,439,174,445,145,24,16,12
424,179,439,174,442,187,85,33,19
448,210,464,205,463,212,24,24,20
457,199,464,205,448,210,23,24,20
401,227,405,230,397,233,134,63,43
405,230,401,227,417,216,89,48,35
407,240,421,226,418,245,36,33,28
421,226,407,240,405,230,42,35,28
407,266,399,264,399,262,25,26,24
407,266,421,272,402,273,30,30,28
399,264,407,266,402,273,30,31,29
421,278,413,287,402,273,26,26,23
421,272,421,278,402,273,24,24,22
421,278,415,290,413,287,34,35,30
415,290,421,278,422,293,39,40,35
496,265,497,277,489,275,167,168,159
547,282,535,284,535,274,139,143,135
476,290,475,311,460,301,133,134,124
476,290,460,301,460,281,112,111,101
469,273,476,290,460,281,93,80,70
480,274,469,273,474,270,119,61,48
528,253,517,244,533,240,52,54,49
528,253,525,261,519,251,107,109,102
525,261,528,253,529,256,109,110,104
548,279,548,270,557,283,82,84,78
548,279,547,282,535,274,145,148,140
577,252,583,265,570,267,99,53,39
595,259,601,271,594,264,17,18,14
595,259,608,254,601,271,19,21,17
568,255,577,252,570,267,128,66,50
568,255,558,265,555,258,53,53,48
558,265,568,255,570,267,56,50,44
558,265,567,278,557,283,49,40,34
567,278,558,265,570,267,38,36,30
593,288,591,274,600,276,96,39,25
527,311,537,306,537,315,90,78,67
537,306,527,311,529,301,118,86,71
622,283,610,280,615,270,34,24,19
615,270,610,280,612,269,21,20,16
610,280,601,271,612,269,34,25,19
601,271,610,280,600,276,44,30,23
601,271,614,263,612,269,10,11,8
608,254,614,263,601,271,20,21,18
614,263,615,270,612,269,7,8,5
614,263,626,262,615,270,14,15,12
617,238,629,232,629,237,30,31,29
617,238,617,224,629,232,19,21,19
617,224,617,238,609,225,24,25,23
548,254,528,253,533,240,43,44,40
528,253,548,254,529,256,38,40,34
524,223,531,234,514,235,39,40,35
517,244,531,234,533,240,47,50,44
531,234,517,244,514,235,48,50,45
521,221,524,223,514,235,41,43,38
667,242,678,251,668,254,37,28,22
667,242,680,246,678,251,37,24,19
680,246,667,242,667,240,39,23,17
632,313,644,317,636,318,68,48,38
638,332,628,333,636,318,25,22,18
668,327,658,323,669,308,56,24,14
658,323,658,310,669,308,56,24,14
658,323,668,327,657,329,48,24,17
654,325,658,323,657,329,22,20,18
658,310,658,323,650,312,46,24,15
653,302,650,312,640,298,105,45,30
647,294,653,302,640,298,104,35,20
607,320,617,327,612,328,35,36,31
611,306,607,320,598,315,22,22,19
607,320,602,324,598,315,35,35,32
642,278,638,273,642,272,61,39,32
642,278,651,288,640,285,84,46,34
642,278,640,285,636,284,55,40,31
638,273,642,278,636,284,55,39,32
640,266,638,273,634,260,21,16,14
640,266,647,258,644,268,93,43,29
642,272,640,266,644,268,95,49,35
638,273,640,266,642,272,52,30,24
539,320,541,321,540,330,175,179,166
541,321,544,324,540,330,185,188,176
555,325,550,323,551,314,96,98,88
509,305,514,307,514,318,145,105,93
500,309,509,305,514,318,151,120,108
514,307,509,305,516,304,158,146,131
494,314,500,309,505,322,174,146,133
494,314,493,310,500,309,173,159,145
493,310,494,314,488,315,144,96,91
521,370,523,366,533,371,115,117,107
519,375,521,370,533,371,140,140,131
540,379,544,364,557,373,71,75,67
549,388,540,379,557,373,56,59,51
520,408,524,404,527,411,110,36,23
516,399,524,404,520,408,84,43,31
541,331,546,332,543,333,109,110,99
546,332,541,331,544,324,167,169,158
550,323,546,332,544,324,130,131,122
543,333,546,332,549,336,83,85,75
546,332,550,323,555,325,110,112,102
546,332,556,335,549,336,65,67,57
556,335,546,332,555,325,90,91,82
585,369,594,365,594,376,121,52,38
571,375,578,381,561,391,41,43,37
544,364,555,361,557,373,81,83,76
544,362,555,361,544,364,87,89,81
555,361,563,356,557,373,52,55,49
555,361,544,362,546,349,73,74,65
563,356,555,361,563,351,61,63,56
530,365,536,367,533,371,128,130,122
536,367,530,365,528,360,98,99,90
523,366,530,365,533,371,108,110,101
530,365,523,366,528,360,79,81,71
594,382,594,396,587,386,124,45,28
591,427,596,440,593,446,143,37,19
563,349,564,344,574,345,41,47,41
563,349,575,352,563,351,51,56,51
575,352,563,349,574,345,45,51,46
556,335,560,347,548,346,76,78,69
564,344,560,347,556,335,58,60,54
563,349,560,347,564,344,33,37,29
560,347,563,349,563,351,60,64,56
555,361,560,347,563,351,58,60,52
548,346,560,347,546,349,83,85,75
560,347,555,361,546,349,69,71,62
579,358,581,355,582,363,39,33,20
578,359,579,358,582,363,31,28,18
573,357,576,358,571,375,34,36,30
576,358,578,359,571,375,36,38,32
576,358,579,358,578,359,48,48,42
575,352,576,358,573,357,42,43,39
576,358,575,352,581,355,57,54,45
579,358,576,358,581,355,58,55,46
628,333,621,325,636,318,22,22,19
617,327,621,325,628,333,14,15,12
589,326,595,339,590,342,32,25,20
595,339,598,348,590,342,39,33,30
595,339,598,340,598,348,40,41,38
606,330,607,320,612,328,34,35,31
607,320,606,330,602,324,44,44,41
592,311,594,309,598,315,16,17,14
594,309,595,308,598,315,16,16,14
595,308,594,309,596,304,16,17,15
632,362,619,370,617,356,25,26,24
621,372,619,370,632,362,26,28,24
617,356,619,370,604,367,25,27,23
617,356,617,349,623,348,12,13,11
607,356,617,349,617,356,13,14,11
617,349,606,330,612,328,22,23,20
617,327,617,349,612,328,22,23,20
617,349,628,333,623,348,26,27,24
617,349,617,327,628,333,22,22,20
604,356,601,360,598,348,20,21,17
601,360,604,356,607,356,13,13,10
513,388,514,397,503,400,64,64,58
516,399,514,397,516,398,71,72,61
514,397,516,399,503,400,68,69,62
484,382,477,384,481,367,39,38,32
485,381,484,382,481,367,50,51,44
488,374,485,381,481,367,66,67,60
485,381,488,374,491,377,80,81,74
488,374,499,368,491,377,95,96,88
508,369,499,368,504,356,113,98,89
499,368,508,369,504,376,101,98,92
489,347,501,355,491,354,104,102,92
501,355,507,350,504,356,110,73,63
507,350,508,345,511,352,130,95,87
508,345,510,344,511,352,110,81,72
509,338,513,327,522,326,178,181,169
511,328,513,327,509,338,179,184,170
522,326,513,327,514,318,116,115,105
513,327,505,322,514,318,90,82,71
513,327,511,328,505,322,90,90,79
467,337,469,329,475,333,111,111,101
458,324,455,321,467,319,98,99,91
469,329,458,324,467,319,114,115,107
458,324,452,327,455,321,78,79,72
469,349,468,364,459,360,105,50,34
468,364,469,349,478,361,86,64,52
482,351,478,348,489,347,82,78,67
478,348,478,340,489,347,112,95,81
478,348,469,349,471,346,124,66,46
478,348,482,351,478,361,124,123,114
469,349,478,348,478,361,90,64,51
484,334,477,335,475,333,79,53,36
478,340,477,335,484,334,130,77,59
491,228,489,241,481,233,64,65,58
483,223,491,228,481,233,56,57,52
464,213,458,217,463,212,34,34,32
458,217,464,213,468,218,34,34,32
489,241,482,240,481,233,69,70,63
467,272,469,273,460,281,85,84,74
469,273,467,272,474,270,114,54,44
463,260,462,266,456,258,80,73,63
451,286,451,294,449,291,107,108,101
451,286,456,282,451,294,90,91,84
427,300,422,293,432,288,31,32,28
438,292,427,300,432,288,29,30,27
427,300,421,303,422,293,31,32,27
421,303,427,300,422,305,38,38,33
427,300,436,302,422,305,47,48,43
444,318,455,321,450,323,77,78,71
652,797,647,793,646,788,2,4,1
632,811,632,812,626,807,5,4,1
632,811,641,801,632,812,3,3,1
625,803,632,811,626,807,7,4,1
641,801,632,811,625,803,5,4,1
628,777,633,768,646,788,7,5,2
621,786,632,790,623,799,12,7,5
632,790,625,803,623,799,13,7,5
632,790,641,801,625,803,8,5,3
632,790,628,777,646,788,5,5,2
656,723,662,720,664,721,3,3,2
662,720,662,710,664,721,5,4,2
662,710,662,720,656,723,4,4,2
641,642,627,648,635,628,14,10,6
627,648,623,625,635,628,8,8,7
677,637,687,617,678,641,2,3,1
677,637,680,623,687,617,2,3,1
679,651,677,652,678,641,3,4,1
667,703,683,684,708,744,2,2,1
683,684,715,681,708,744,2,2,1
656,687,683,684,667,703,5,3,1
656,687,651,672,659,667,59,19,11
647,679,651,672,656,687,68,23,14
635,675,651,672,647,679,24,13,7
627,677,635,675,632,688,6,6,6
635,675,636,688,632,688,7,6,5
588,936,595,944,587,954,14,14,11
596,943,595,944,588,936,7,8,5
595,944,596,955,587,954,17,18,15
596,955,595,944,600,948,6,7,4
595,944,596,943,600,948,4,4,2
583,934,588,936,587,954,24,24,22
571,931,583,934,587,954,29,30,27
555,929,566,932,558,939,20,21,18
566,932,571,931,558,939,25,26,23
588,936,586,930,596,931,6,6,4
586,930,589,923,596,931,4,4,3
583,934,586,930,588,936,15,16,13
604,878,603,853,628,858,2,2,2
603,853,622,848,628,858,2,2,2
605,847,603,853,600,852,5,3,2
622,848,603,853,618,845,3,2,2
603,853,605,847,618,845,2,2,2
579,891,604,878,585,905,2,2,1
577,881,579,866,604,878,2,2,1
601,598,599,594,603,593,110,81,68
589,599,599,594,601,598,136,94,77
655,562,653,561,656,552,52,20,12
653,561,651,551,656,552,70,26,15
641,571,653,561,655,562,81,24,14
658,600,668,588,668,602,56,21,12
668,588,673,595,668,602,47,21,11
673,595,668,588,677,593,40,17,9
680,553,678,565,673,564,49,21,14
678,565,680,553,682,563,20,9,7
668,569,666,566,673,564,67,26,15
668,569,668,575,657,576,33,18,9
666,566,668,569,657,576,31,17,10
400,891,410,885,403,893,57,36,31
410,885,400,891,396,887,53,37,33
400,891,393,892,396,887,23,17,12
393,892,400,891,393,896,38,18,8
412,879,393,875,411,869,50,38,31
393,875,412,879,410,885,66,52,46
405,904,421,907,420,913,77,29,22
424,899,421,907,405,904,85,40,32
400,905,403,898,405,904,76,32,21
403,898,400,891,403,893,40,22,10
400,891,403,898,393,896,45,22,11
403,898,392,901,393,896,72,34,22
403,898,400,905,392,901,72,32,22
445,902,447,910,440,906,75,44,32
445,902,463,894,462,905,44,18,9
451,911,445,902,462,905,54,21,10
447,910,445,902,451,911,59,27,14
429,892,431,903,424,899,35,30,24
431,903,421,907,424,899,86,64,58
417,890,429,892,424,899,28,19,12
429,892,417,890,422,878,56,47,43
417,890,412,879,422,878,81,47,40
412,879,417,890,410,885,100,49,43
417,890,424,899,405,904,65,26,18
403,898,417,890,405,904,72,24,15
422,877,412,879,411,869,64,31,24
412,879,422,877,422,878,69,37,30
405,858,390,868,394,857,68,65,58
390,868,393,875,386,872,33,34,29
384,864,390,868,386,872,46,47,42
393,875,390,868,411,869,44,37,30
390,868,405,858,411,869,72,64,57
385,854,373,851,388,838,46,27,21
373,851,385,854,376,862,77,74,66
466,859,453,858,460,841,22,9,5
478,872,466,859,478,857,26,25,19
445,874,438,889,438,871,50,51,46
453,858,447,844,460,841,38,12,7
447,844,447,840,460,841,56,9,3
413,808,424,816,420,822,21,5,3
424,816,413,808,423,802,44,10,4
413,808,421,800,423,802,60,16,6
426,786,421,800,418,795,4,3,1
432,787,421,800,426,786,3,3,3
421,800,432,787,423,802,4,3,3
435,810,423,802,438,801,18,6,3
435,810,424,816,423,802,37,10,4
424,816,435,810,434,813,59,15,6
352,485,358,480,359,482,169,167,163
375,475,369,472,376,474,180,179,175
369,472,371,467,376,474,183,181,177
369,472,368,463,371,467,172,170,166
383,489,390,484,383,498,178,176,174
376,487,383,489,383,498,164,162,158
386,465,371,467,375,455,176,174,170
381,454,386,465,375,455,171,169,165
371,467,386,465,376,474,172,171,167
386,465,385,471,376,474,169,168,164
391,477,400,462,404,478,175,176,171
390,484,391,477,404,478,170,170,166
409,482,407,481,418,476,173,173,169
409,482,424,485,419,492,176,176,174
409,482,418,476,424,485,172,173,169
407,491,409,482,419,492,177,177,175
407,481,409,482,407,491,162,163,160
333,494,345,510,328,511,141,138,132
345,510,356,507,351,519,135,135,127
364,514,362,512,369,513,151,150,144
356,507,362,512,351,519,143,142,135
321,508,328,511,318,517,89,85,80
293,516,301,513,311,522,28,17,15
295,503,301,513,292,514,42,27,26
301,513,293,516,292,514,15,4,3
286,509,277,502,285,495,10,4,1
295,503,286,509,285,495,33,21,19
277,502,286,509,277,510,14,3,3
286,509,295,503,292,514,15,6,4
311,522,298,550,291,538,15,2,2
298,550,296,549,291,538,33,2,6
321,529,298,550,311,522,14,6,5
296,549,298,550,299,558,10,2,0
296,549,288,542,291,538,31,2,5
279,545,288,542,296,549,14,2,1
282,537,288,542,279,545,15,2,1
293,516,288,534,281,525,22,3,3
288,534,282,537,281,525,46,5,10
288,534,311,522,291,538,11,2,1
288,534,293,516,311,522,13,4,3
505,933,502,922,522,926,39,14,7
521,934,505,933,522,926,28,11,6
505,933,521,934,506,937,14,9,6
505,933,506,937,502,935,36,13,3
505,933,502,935,497,928,60,20,6
502,922,505,933,497,928,57,20,9
491,919,475,924,480,917,23,24,18
474,930,491,919,497,928,31,28,21
475,924,491,919,474,930,30,29,23
506,901,513,892,525,912,52,22,14
501,895,506,901,498,903,27,12,9
513,892,506,901,501,895,44,18,14
522,926,510,914,525,912,51,19,10
502,922,510,914,522,926,53,21,12
510,914,506,901,525,912,58,23,14
506,901,510,914,498,903,28,16,10
589,923,578,906,585,905,5,6,4
532,911,544,907,555,929,7,8,5
532,911,532,910,544,907,10,9,6
532,911,555,929,522,926,11,8,5
532,911,522,926,525,912,19,11,4
532,910,532,911,525,912,27,14,5
513,892,501,889,515,887,29,10,7
501,889,503,881,515,887,13,5,3
501,889,513,892,501,895,37,13,9
508,845,495,841,515,833,6,6,5
516,844,508,845,515,833,5,6,3
504,856,508,845,515,852,44,16,5
508,845,516,844,515,852,18,10,3
516,844,519,851,515,852,13,8,3
483,866,489,854,497,860,15,11,6
483,866,478,872,478,857,28,17,13
489,854,483,866,478,857,15,12,8
508,845,499,848,495,841,16,9,6
499,848,508,845,504,856,52,16,6
92,280,90,285,82,275,13,12,7
88,290,80,296,82,275,4,5,2
90,285,88,290,82,275,8,8,4
88,290,103,302,80,296,11,9,5
88,290,103,293,103,302,15,13,7
103,293,88,290,100,288,22,18,12
172,57,160,60,165,42,4,2,1
189,50,172,57,165,42,24,11,7
172,57,189,50,179,65,55,23,13
154,70,149,76,129,60,4,2,2
149,76,154,70,165,88,32,11,6
131,104,151,106,136,119,16,9,4
126,110,131,104,136,119,9,8,3
131,104,126,110,127,102,11,9,5
169,105,176,107,166,117,11,10,5
161,112,169,105,166,117,8,7,3
169,105,161,112,161,108,7,6,3
194,129,197,104,210,118,14,12,6
154,122,166,117,154,124,14,8,3
149,125,154,122,154,124,66,27,18
140,157,139,165,133,153,28,9,5
137,152,140,157,133,153,22,7,3
139,165,140,157,148,164,61,29,21
140,157,150,150,148,164,52,25,16
140,157,137,152,150,150,46,20,11
198,152,191,150,199,139,17,14,8
216,146,198,152,199,139,19,16,8
198,152,216,146,199,156,20,17,9
170,152,196,166,178,180,26,22,13
298,182,305,172,304,178,98,81,56
290,163,305,172,298,182,96,80,56
315,166,305,172,305,167,63,52,35
316,173,305,172,315,166,64,53,37
305,167,298,161,309,159,70,58,41
305,172,298,161,305,167,74,60,41
298,161,305,172,290,163,99,84,61
298,161,310,155,309,159,54,44,28
298,161,290,163,289,151,63,52,36
250,160,245,157,250,154,31,25,16
245,157,249,149,250,154,28,24,15
249,149,245,157,243,144,31,28,18
236,155,230,155,226,143,25,22,14
243,144,236,155,226,143,27,23,15
245,157,236,155,243,144,32,29,18
236,155,245,157,239,158,29,26,16
218,151,225,161,219,168,29,25,17
225,161,218,151,230,155,27,24,16
235,163,251,173,243,178,51,42,28
236,181,235,163,243,178,47,38,25
235,163,225,161,230,155,35,31,21
236,155,235,163,230,155,35,31,21
267,164,257,150,269,145,51,41,30
267,164,285,152,278,170,85,52,34
253,162,251,173,250,160,52,42,27
253,162,267,164,265,168,64,50,36
267,164,253,162,257,150,53,44,32
253,162,250,160,250,154,44,37,26
257,150,253,162,250,154,47,39,29
251,173,254,174,243,178,52,38,22
253,162,254,174,251,173,48,37,22
254,174,253,162,265,168,72,58,43
254,174,266,171,258,179,91,72,53
266,171,254,174,265,168,88,73,55
266,171,264,184,258,179,93,68,49
264,184,266,171,268,183,113,68,46
249,149,247,144,254,140,27,24,15
247,144,249,149,243,144,36,33,23
254,140,247,144,245,128,26,22,12
247,144,243,144,245,128,26,23,14
205,127,194,129,210,118,15,13,7
211,134,216,146,199,139,19,16,8
238,115,227,95,247,113,13,12,7
232,125,238,115,245,128,16,15,10
224,126,238,115,232,125,14,12,8
316,156,310,155,310,153,51,43,31
315,150,316,156,310,153,49,41,30
310,155,316,156,309,159,59,50,39
316,156,315,166,309,159,53,44,33
315,166,316,156,320,160,41,32,21
329,113,322,126,315,119,17,16,10
305,117,316,131,303,139,22,20,13
316,131,317,134,303,139,25,22,14
316,131,305,117,315,119,19,18,11
322,126,316,131,315,119,15,15,8
285,152,284,150,287,148,51,48,32
284,150,288,141,287,148,46,35,22
288,141,284,150,269,145,67,39,25
284,150,267,164,269,145,79,46,31
267,164,284,150,285,152,81,49,32
305,172,313,180,304,178,93,78,60
331,165,321,168,330,162,48,39,28
298,182,302,185,291,186,113,95,68
302,185,303,197,291,186,116,95,70
302,185,298,182,304,178,135,116,87
292,198,287,189,291,186,148,124,91
303,197,292,198,291,186,114,93,69
268,102,261,106,259,101,16,15,9
266,109,261,106,268,102,15,14,7
261,106,247,113,259,101,18,17,10
286,68,285,58,290,67,78,34,19
286,68,283,75,273,73,19,16,9
286,68,273,73,269,60,43,23,12
285,58,286,68,269,60,61,28,14
265,96,268,102,259,101,16,14,8
259,97,265,96,259,101,14,13,6
326,80,316,73,329,72,89,36,21
316,73,326,80,313,77,104,37,20
298,63,292,71,290,67,78,32,19
300,78,292,71,298,63,55,26,14
307,110,293,107,304,95,65,27,17
307,110,304,95,316,104,31,20,13
311,112,307,110,316,104,16,14,8
293,107,307,110,293,108,62,27,16
307,110,311,112,305,117,12,11,5
307,110,296,118,293,108,54,26,19
296,118,307,110,305,117,39,22,16
296,118,295,121,287,114,83,37,22
295,121,283,122,287,114,67,30,16
283,122,295,121,294,127,75,31,19
295,121,305,117,294,127,33,23,15
295,121,296,118,305,117,33,23,16
262,136,260,135,267,130,36,30,22
260,135,262,136,254,140,31,26,17
400,141,392,133,406,122,24,18,11
392,133,394,120,406,122,16,15,10
392,133,390,126,394,120,16,13,7
380,88,383,90,382,93,6,7,2
383,90,386,91,382,93,8,9,4
424,6,423,9,420,2,77,29,19
415,5,423,9,421,11,58,24,16
423,9,415,5,420,2,70,28,18
424,23,427,25,419,28,56,26,13
427,25,437,31,437,32,23,15,9
437,31,427,25,441,24,25,15,9
239,62,239,52,244,63,51,22,11
239,52,248,54,244,63,53,22,12
239,52,239,62,230,58,53,22,10
239,52,230,58,228,32,30,16,9
250,32,242,19,249,11,29,16,11
241,6,242,19,232,15,35,14,12
249,11,242,19,246,7,46,22,18
242,19,241,6,246,7,42,19,16
241,24,242,19,250,32,15,10,6
242,19,241,24,232,15,54,25,20
250,33,263,51,252,49,13,9,5
250,33,250,32,273,34,10,9,5
263,51,250,33,273,34,10,8,4
241,24,250,33,228,32,20,14,11
250,33,241,24,250,32,15,11,7
256,61,269,60,259,72,25,16,8
249,64,256,61,259,72,16,11,5
256,61,267,54,269,60,74,28,14
256,61,263,51,267,54,63,25,12
291,41,290,45,287,42,6,7,2
276,53,290,45,285,58,22,13,8
290,45,276,53,287,42,10,10,6
300,56,298,63,285,58,50,23,12
290,45,300,56,285,58,17,14,10
635,98,619,102,632,93,2,2,1
619,102,615,96,632,93,2,2,1
615,96,619,102,610,103,19,12,7
619,102,614,108,610,103,33,18,11
604,194,615,189,615,199,16,17,15
604,194,600,173,615,189,14,15,13
604,194,597,191,600,173,14,15,13
618,209,605,208,615,199,10,13,12
605,208,604,194,615,199,12,14,13
605,208,604,211,598,198,15,16,14
604,194,605,208,598,198,16,16,14
604,211,591,214,598,198,19,20,17
623,178,615,189,615,172,12,12,10
634,181,623,178,633,177,36,20,16
623,178,636,188,615,189,25,14,9
623,178,634,181,636,188,35,17,10
623,178,629,170,633,177,35,18,11
629,170,627,166,634,160,93,33,24
640,169,629,170,634,160,67,28,19
654,179,643,175,652,165,24,21,15
643,175,640,169,652,165,23,21,14
642,184,643,175,654,179,45,27,20
617,130,626,127,631,132,27,12,8
636,133,626,127,635,98,3,3,2
626,127,636,133,631,132,7,5,4
612,131,621,146,604,140,20,11,8
612,131,617,130,621,146,30,14,9
617,130,612,131,611,126,45,14,10
640,148,637,138,650,133,3,3,2
636,141,637,138,640,148,7,8,5
637,138,636,133,650,133,2,2,1
636,133,637,138,631,132,6,6,3
632,145,636,141,640,148,10,11,7
634,152,632,145,640,148,14,14,9
613,168,627,166,615,172,15,12,7
608,167,613,168,615,172,11,13,11
346,872,354,876,347,877,23,10,7
347,877,354,876,348,883,44,17,9
354,876,352,888,348,883,42,15,8
354,876,366,881,352,888,36,16,9
366,881,354,876,360,875,22,12,7
456,934,465,948,450,944,43,35,29
445,921,446,916,449,920,18,13,12
446,916,445,921,440,922,15,10,8
528,944,522,926,550,939,12,12,9
528,944,521,934,522,926,11,9,7
528,944,550,939,522,949,23,24,19
518,941,528,944,522,949,15,16,12
521,934,528,944,518,941,10,10,7
479,948,475,957,475,953,26,13,7
479,948,484,947,475,957,26,13,7
485,946,494,945,494,958,16,11,5
484,947,485,946,494,958,16,11,5
485,946,487,941,494,945,44,16,13
463,894,469,898,462,905,47,16,8
478,897,469,886,483,891,40,14,5
423,936,435,927,438,938,41,41,36
431,925,435,927,423,936,37,37,33
475,924,454,929,474,920,55,56,50
456,934,454,929,474,930,50,51,45
454,929,475,924,474,930,63,63,58
454,929,465,909,474,920,33,31,27
454,929,445,921,449,920,73,76,69
454,929,456,934,438,938,43,44,39
465,909,450,915,451,911,24,7,2
446,916,450,915,449,920,16,9,8
450,915,454,929,449,920,62,61,56
454,929,450,915,465,909,48,44,38
450,915,447,910,451,911,35,12,3
447,910,450,915,446,916,33,11,4
407,939,415,943,414,944,125,113,100
409,935,415,943,407,939,124,111,100
415,943,424,946,414,944,80,81,72
418,933,431,925,423,936,42,41,37
404,924,405,904,420,913,58,17,11
404,924,400,905,405,904,55,10,4
400,905,404,924,394,909,33,8,3
395,931,404,924,399,932,36,8,2
394,909,404,924,387,914,21,7,3
404,924,395,931,387,914,22,7,3
400,941,392,942,395,931,43,32,29
383,934,392,942,384,945,62,65,59
392,942,383,934,395,931,39,39,36
392,942,394,948,384,945,88,90,83
392,942,400,941,394,948,60,55,46
157,905,146,901,156,899,10,8,3
146,901,142,910,127,890,2,3,1
146,901,159,879,156,899,5,5,2
144,858,157,843,150,857,7,3,3
107,817,144,858,102,820,2,2,1
153,809,153,823,107,817,2,2,1
153,823,144,858,107,817,2,2,2
144,858,153,823,157,843,5,3,2
238,794,219,791,224,779,16,8,4
198,792,195,781,204,782,42,10,3
264,869,266,868,269,873,30,21,10
264,914,274,907,274,923,86,52,42
268,930,264,914,274,923,91,53,44
250,922,268,930,249,934,64,31,22
250,901,258,877,271,893,30,20,12
242,940,231,935,249,934,52,34,25
231,935,242,940,236,941,44,35,25
218,924,229,910,231,921,64,37,31
228,849,216,829,227,824,44,25,14
255,821,249,821,247,812,44,10,2
208,883,220,888,208,897,23,20,12
187,932,138,939,150,919,18,16,9
187,932,135,948,138,939,12,11,6
135,948,187,932,203,958,13,12,7
203,958,187,932,208,942,20,17,11
278,892,281,889,288,890,72,29,19
288,890,281,889,288,882,56,22,16
281,889,269,873,288,882,40,21,13
277,905,288,890,294,908,80,35,24
282,912,277,905,294,908,66,34,26
296,699,299,706,286,722,40,10,4
259,704,261,695,264,710,4,4,1
254,708,259,704,264,710,3,4,1
259,704,254,708,250,702,3,3,0
259,694,259,704,250,702,2,4,0
259,704,259,694,261,695,4,4,0
262,726,268,728,259,730,24,14,7
257,719,262,726,259,730,27,16,8
262,726,272,718,268,728,5,4,1
262,726,257,719,272,718,9,6,2
248,718,248,716,251,715,48,29,22
248,716,248,718,239,718,52,32,21
248,718,257,719,259,730,34,16,9
252,735,248,718,259,730,34,15,7
248,718,235,732,239,718,27,12,4
248,718,252,735,235,732,29,12,5
260,684,261,685,257,692,21,5,4
261,685,263,686,257,692,23,5,4
263,686,261,685,260,684,33,7,8
279,680,288,681,288,682,49,21,15
278,688,279,680,288,682,45,17,11
279,680,278,688,273,683,16,4,1
279,680,273,683,275,671,37,8,3
291,675,279,680,275,671,31,9,6
288,681,279,680,291,675,31,12,8
272,745,266,744,266,736,14,10,2
266,744,260,737,266,736,24,8,1
252,735,254,747,248,739,39,21,12
254,747,252,735,260,737,45,19,11
254,747,243,743,248,739,36,23,12
255,752,254,747,257,750,54,28,16
243,743,255,752,245,761,39,27,15
254,747,255,752,243,743,36,24,11
289,663,312,650,300,674,3,3,2
297,646,312,650,289,663,3,3,2
312,650,325,669,300,674,4,4,1
293,627,289,631,280,630,3,4,1
289,631,275,637,280,630,3,4,2
275,637,289,631,283,652,3,4,2
289,631,297,646,283,652,4,4,3
280,765,281,775,271,777,50,28,15
285,757,294,773,283,769,22,15,7
326,767,326,771,300,770,21,6,2
350,768,326,771,329,762,4,4,1
326,771,326,767,329,762,2,4,0
444,791,448,796,438,801,4,4,4
462,814,448,796,465,808,7,6,4
448,796,435,810,438,801,4,4,4
435,810,448,796,462,814,6,5,4
462,814,463,823,458,821,42,7,3
466,829,463,823,475,820,46,10,3
463,823,468,811,475,820,72,12,5
463,823,462,814,468,811,77,10,6
395,748,395,770,379,772,3,3,1
395,770,395,748,402,759,3,4,1
395,770,402,759,409,771,3,4,2
400,776,398,783,397,779,6,2,0
405,785,398,783,400,776,4,2,0
398,783,394,781,397,779,12,2,3
394,781,398,783,397,798,56,19,13
347,748,361,743,359,758,30,13,8
347,748,343,750,339,749,80,30,16
365,766,360,769,359,758,57,19,10
360,769,349,763,359,758,42,10,4
349,763,360,769,350,768,23,5,1
342,787,360,769,352,794,3,4,1
350,768,360,769,342,787,3,3,1
360,769,379,780,352,794,15,6,2
360,769,365,766,379,780,41,13,6
350,856,349,847,354,852,104,104,96
350,856,342,853,349,847,102,101,95
350,856,354,852,358,858,98,99,92
340,855,350,856,345,865,57,58,52
342,853,350,856,340,855,99,98,93
345,865,350,856,347,867,57,59,51
330,840,329,833,344,832,14,10,3
344,832,329,833,340,824,41,23,18
329,833,328,828,340,824,41,23,18
326,838,328,850,308,837,39,13,7
326,838,330,840,328,850,13,18,10
326,838,329,833,330,840,12,11,3
308,831,326,838,308,837,44,10,3
329,833,326,838,328,828,18,10,3
328,828,326,838,309,827,42,10,4
326,838,308,831,309,827,43,10,4
343,848,341,843,349,847,65,64,57
341,843,343,848,342,849,66,65,60
342,853,343,848,349,847,100,99,93
343,848,342,853,342,849,95,93,88
264,843,275,841,273,862,7,6,3
264,843,267,839,275,841,7,6,2
293,860,275,864,273,862,10,7,3
281,868,275,864,293,860,12,8,3
275,864,281,868,269,873,18,14,8
266,868,275,864,269,873,20,15,7
275,864,266,868,273,862,14,11,5
329,851,326,861,328,850,12,11,7
329,851,331,863,326,861,13,10,5
331,863,329,851,340,855,22,23,17
340,855,329,851,342,849,40,40,34
329,851,341,843,342,849,38,39,33
330,840,329,851,328,850,14,19,11
341,843,329,851,330,840,32,33,26
340,725,343,730,333,739,8,6,3
343,730,340,725,344,729,4,5,2
316,733,340,725,333,739,29,11,6
297,808,295,788,310,792,16,6,3
289,802,295,788,297,808,17,5,2
295,788,289,802,278,789,15,4,1
318,791,323,779,327,796,33,11,6
319,795,318,791,327,796,30,10,4
312,793,318,791,319,795,20,16,6
318,791,312,793,310,792,20,16,6
292,832,291,823,305,826,2,3,0
308,831,292,832,305,826,4,3,0
290,835,292,832,308,837,10,4,1
292,832,308,831,308,837,9,4,1
274,836,281,825,284,834,35,11,6
281,825,268,829,280,819,28,11,5
281,825,274,836,268,829,37,12,7
263,501,261,508,255,498,80,38,39
261,508,253,517,255,498,37,14,14
308,438,299,432,299,431,163,157,151
299,432,308,438,300,447,167,161,156
323,462,316,454,324,455,166,164,158
304,468,323,462,327,471,160,156,151
316,454,309,450,318,444,167,161,156
309,450,308,438,318,444,169,163,159
308,438,309,450,300,447,164,158,153
359,424,349,435,356,422,170,166,161
332,461,334,456,341,458,167,163,157
334,456,332,461,324,455,172,168,163
308,438,312,435,318,444,173,167,162
312,435,320,437,318,444,170,164,159
312,435,308,438,299,431,164,159,153
301,426,312,435,299,431,161,155,150
320,437,322,429,329,433,170,165,160
322,429,327,427,329,433,182,178,173
284,465,292,453,299,467,115,110,103
285,472,284,465,299,467,99,96,88
274,477,279,488,270,484,29,18,16
285,495,286,487,302,497,80,72,66
286,487,292,482,302,497,83,77,70
292,482,286,487,287,480,90,86,78
279,488,286,487,285,495,48,28,28
250,478,274,477,270,484,42,21,20
207,468,212,479,201,475,6,6,5
197,462,201,475,191,465,17,15,8
197,462,207,468,201,475,5,6,3
133,473,126,479,131,469,12,1,1
126,479,133,473,127,483,11,1,1
127,483,133,473,129,494,10,2,2
183,464,141,460,169,445,10,5,4
141,460,183,464,183,470,4,2,2
141,460,147,426,169,445,2,2,2
141,460,136,458,147,426,2,3,1
157,501,141,460,183,470,5,2,2
133,473,141,460,157,501,11,3,2
136,458,141,460,131,469,20,6,3
141,460,133,473,131,469,22,6,3
199,355,184,366,193,350,6,5,2
183,464,187,459,191,465,62,35,29
187,459,183,464,180,452,65,31,26
187,459,197,462,191,465,32,24,18
209,483,208,492,205,485,8,7,4
218,505,218,499,236,494,6,5,3
218,496,218,499,212,495,18,17,13
218,496,230,484,236,494,2,1,0
218,499,218,496,236,494,3,2,1
184,472,183,470,191,465,61,28,25
189,478,184,472,191,465,58,26,22
184,472,157,501,183,470,2,2,2
157,501,188,485,190,497,3,2,1
200,480,201,475,205,482,14,14,12
200,480,189,478,201,475,42,23,17
205,485,200,480,205,482,14,13,11
360,460,368,463,360,468,172,169,164
355,461,360,460,360,468,163,160,154
351,469,358,480,352,485,168,165,161
358,480,351,469,360,470,172,168,164
360,470,351,469,360,468,171,166,161
351,469,355,461,360,468,171,167,161
352,485,352,488,351,486,150,148,143
352,488,352,485,359,482,175,173,169
359,495,352,488,359,482,176,175,171
352,488,333,494,351,486,162,159,153
352,488,345,510,333,494,155,152,146
352,488,359,495,356,507,163,161,156
345,510,352,488,356,507,160,159,152
364,502,362,512,356,507,164,163,157
364,502,366,501,369,513,166,164,160
362,512,364,502,369,513,164,162,157
362,497,376,487,366,501,173,171,167
364,502,362,497,366,501,173,172,168
376,487,362,497,359,482,172,170,166
362,497,359,495,359,482,163,162,158
359,495,362,497,356,507,166,165,160
362,497,364,502,356,507,168,166,161
331,493,333,494,328,496,144,141,135
319,484,327,481,330,487,158,154,149
330,490,319,484,330,487,144,140,135
319,484,310,489,316,483,134,130,124
310,489,319,484,321,499,117,113,108
321,499,319,484,328,496,138,135,129
329,478,326,479,327,471,161,157,151
327,481,326,479,329,478,165,161,156
319,484,326,479,327,481,162,159,153
326,479,316,483,327,471,158,154,149
326,479,319,484,316,483,158,154,149
344,704,328,701,345,702,3,5,2
344,704,342,708,328,701,3,5,3
347,717,344,704,345,702,2,3,1
342,708,344,704,347,717,3,3,1
368,713,362,723,362,718,3,3,2
368,710,368,713,362,718,3,3,2
362,723,368,713,377,732,3,3,3
368,713,384,722,377,732,3,3,2
384,722,368,713,385,715,3,3,1
368,713,383,707,385,715,21,5,2
383,707,368,713,368,710,19,5,2
372,742,362,723,377,732,4,4,3
372,742,361,743,362,723,3,4,3
361,743,372,742,359,758,3,2,1
325,689,321,694,319,690,52,10,5
325,700,321,694,325,689,62,13,6
319,690,321,694,316,693,34,5,4
321,694,315,695,316,693,43,5,5
315,695,321,694,325,700,62,12,5
319,712,325,700,327,709,19,7,4
395,748,397,745,399,744,3,4,1
397,745,392,737,399,744,2,3,0
392,737,397,745,395,748,2,3,0
392,711,390,705,393,706,44,12,8
390,705,392,711,383,707,72,23,12
321,569,309,590,299,558,8,3,2
313,553,321,529,328,543,10,5,3
317,556,313,553,328,543,7,2,0
313,553,298,550,321,529,12,3,2
313,553,317,556,299,558,19,2,4
298,550,313,553,299,558,21,2,4
349,676,355,684,346,693,38,11,6
368,710,369,690,376,703,47,16,11
369,690,377,698,376,703,62,22,14
388,672,402,680,402,683,4,5,2
402,680,404,679,402,683,4,4,2
407,757,422,755,409,771,4,4,2
411,674,407,681,404,679,4,5,2
432,675,411,674,419,667,48,19,15
408,594,395,613,390,592,2,2,1
337,564,334,566,336,560,14,4,3
340,568,337,564,336,560,14,3,3
337,564,340,568,334,566,15,2,2
365,571,365,569,372,578,7,1,0
365,571,354,581,365,569,13,1,1
340,568,341,575,337,573,19,3,5
354,581,341,575,340,568,13,2,3
341,575,338,581,337,573,9,2,3
341,575,354,581,338,581,11,2,2
345,543,336,560,336,541,9,4,1
345,543,351,546,336,560,9,4,2
334,535,345,543,336,541,37,31,27
240,604,250,608,250,622,18,5,3
228,614,240,604,250,622,11,4,2
240,604,243,601,250,608,32,11,7
243,601,240,604,240,596,18,4,1
240,604,234,599,240,596,4,3,2
228,620,228,614,250,622,7,4,1
228,614,228,620,222,617,33,7,4
243,601,254,596,250,608,33,11,7
259,583,267,574,279,585,5,5,3
256,589,259,583,279,585,5,5,3
258,616,259,618,250,622,37,11,3
259,618,263,628,250,622,29,8,2
263,628,259,618,280,630,6,3,2
259,618,287,613,280,630,5,3,2
265,656,268,653,271,659,43,10,5
313,606,309,615,304,607,51,12,5
321,612,309,615,313,606,51,16,8
305,626,303,643,293,627,4,4,3
303,643,289,631,293,627,4,4,3
289,631,303,643,297,646,4,4,3
303,643,305,626,313,637,4,4,2
303,643,312,650,297,646,3,3,2
337,668,348,663,348,673,72,19,8
367,656,348,663,364,652,42,9,4
370,661,348,663,367,656,51,11,4
336,666,348,663,337,668,72,25,12
337,670,336,677,325,669,8,3,2
337,670,337,668,348,673,69,11,4
336,677,337,670,348,673,68,12,4
354,589,372,611,348,609,2,2,1
372,611,357,621,348,609,5,4,2
357,621,372,611,374,620,9,4,3
326,616,321,612,334,605,3,4,1
321,612,326,616,324,617,4,3,1
338,608,326,616,334,605,4,4,2
331,634,326,616,338,608,6,5,2
326,616,331,634,324,617,18,8,4
299,609,287,613,286,604,4,6,2
298,602,299,609,286,604,5,7,3
299,609,298,602,304,607,8,6,0
309,604,313,606,304,607,64,18,8
306,600,309,604,304,607,62,15,6
308,593,302,595,309,590,74,33,26
308,593,306,600,302,595,66,19,8
308,593,309,604,306,600,72,23,10
313,606,308,593,309,590,48,19,9
309,604,308,593,313,606,53,20,8
259,583,256,562,267,574,5,6,3
264,554,256,551,266,547,15,4,2
256,551,256,545,266,547,12,3,2
256,545,256,551,248,552,33,11,8
114,450,116,446,128,449,32,4,2
114,456,114,450,128,449,30,3,2
114,450,114,456,109,455,2,1,2
112,443,114,450,109,455,2,1,2
114,450,112,443,116,446,9,1,2
187,459,198,453,197,462,18,14,9
197,462,198,453,207,468,5,6,2
170,415,172,428,147,426,17,8,6
169,413,170,415,147,426,14,6,4
152,330,158,336,152,332,9,8,1
128,449,118,440,128,439,38,7,3
116,446,118,440,128,449,36,6,2
147,426,135,408,143,398,3,2,1
133,414,135,408,147,426,3,2,2
28,389,69,397,45,448,1,1,1
69,397,88,444,45,448,1,1,1
69,397,99,405,88,444,1,1,1
89,347,90,355,24,333,1,1,1
128,508,122,507,121,505,21,2,3
136,515,128,508,143,510,5,3,1
128,508,136,515,130,517,5,3,1
119,516,128,508,130,517,7,2,1
122,507,128,508,119,516,8,2,1
205,514,198,516,203,511,17,7,4
205,514,203,511,212,506,14,9,5
210,515,205,514,212,506,15,10,6
198,516,205,514,200,525,15,6,4
136,515,147,522,130,517,4,2,1
147,522,153,527,130,517,4,2,1
153,527,147,522,151,512,8,4,2
147,522,136,515,143,510,4,2,1
151,512,147,522,143,510,6,3,1
112,632,120,596,138,614,1,1,1
96,591,120,596,112,632,1,1,1
116,587,120,596,96,591,1,1,1
221,548,188,558,214,539,8,3,2
311,379,321,386,314,395,113,109,102
321,386,311,379,323,382,98,94,87
315,364,311,379,313,365,70,64,58
311,379,315,364,323,382,68,63,57
312,435,313,424,317,428,157,150,146
313,424,312,435,301,426,165,159,154
312,401,304,396,314,395,147,145,137
322,403,312,401,314,395,143,140,133
317,360,297,363,304,332,21,4,2
297,363,285,359,304,332,30,11,8
297,363,317,360,313,365,36,30,24
297,370,297,363,313,365,65,60,52
285,359,267,354,285,328,31,8,6
258,200,266,199,261,216,135,88,65
237,198,240,195,244,204,82,66,47
240,190,240,195,233,192,77,63,44
264,184,258,180,258,179,87,63,45
258,180,240,190,243,178,81,67,48
254,174,258,180,243,178,68,54,37
258,180,254,174,258,179,98,83,64
240,190,237,182,243,178,59,46,31
237,182,236,181,243,178,57,45,32
261,219,259,220,261,216,147,97,80
259,220,253,215,261,216,119,75,54
253,215,259,220,253,218,109,66,43
259,220,261,219,264,227,112,47,37
199,191,197,205,184,200,36,29,20
197,205,199,191,208,202,29,25,15
197,205,183,210,184,200,41,35,24
183,210,197,205,194,216,37,31,21
200,220,197,205,208,202,39,33,21
200,170,203,187,191,183,28,23,14
203,187,199,191,191,183,29,24,14
199,191,203,187,208,202,31,27,17
239,212,253,218,240,229,91,73,51
239,212,253,215,253,218,94,76,52
237,182,234,185,236,181,42,31,18
234,185,240,190,233,192,68,56,38
234,185,237,182,240,190,55,43,27
92,194,89,224,61,194,2,2,1
92,194,61,194,98,181,2,2,1
96,191,92,194,98,181,2,3,1
139,165,135,176,123,173,22,9,4
135,176,123,174,123,173,11,5,1
188,345,188,339,193,350,7,6,2
152,330,151,324,161,321,16,14,7
151,324,152,330,144,333,63,36,26
109,320,119,318,111,322,26,21,14
119,328,119,318,126,319,18,15,10
128,326,119,328,126,319,16,14,9
112,329,109,320,111,322,12,8,5
215,606,205,609,210,598,5,3,0
230,679,229,674,247,676,18,5,2
235,701,226,709,224,705,50,36,25
235,701,247,676,257,692,13,6,2
250,702,235,701,257,692,13,8,3
235,701,230,679,247,676,18,9,4
230,679,235,701,226,691,29,17,9
260,638,256,642,250,622,25,7,3
256,642,244,644,250,622,10,4,2
266,645,256,642,260,638,39,15,9
234,664,245,661,248,669,27,7,5
245,661,256,642,265,656,9,4,2
682,490,688,495,686,499,54,53,47
688,495,682,490,687,488,92,92,85
688,495,699,494,686,499,12,11,7
699,494,688,495,687,488,39,39,34
695,481,686,474,698,475,105,107,99
682,490,681,480,687,488,135,137,130
681,480,682,490,678,491,138,141,133
686,474,681,480,671,464,168,170,162
681,480,662,477,671,464,165,166,159
662,477,661,466,671,464,161,161,154
635,441,650,433,645,450,184,105,98
649,485,653,484,645,496,55,6,7
644,487,649,485,645,496,89,11,16
664,487,646,498,653,484,41,18,16
646,498,664,487,667,497,33,13,12
661,483,664,487,653,484,84,76,71
667,497,664,487,678,491,65,62,57
664,487,681,480,678,491,132,134,127
681,480,664,487,662,477,148,150,142
664,487,661,483,662,477,140,137,131
649,503,645,508,641,503,22,1,1
645,508,643,510,641,503,24,1,1
664,624,662,623,662,622,46,18,14
664,624,661,631,659,626,36,15,8
662,623,664,624,659,626,33,13,7
667,604,658,600,668,602,57,24,14
687,617,667,604,668,602,16,8,4
666,615,667,604,687,617,17,9,5
623,625,631,609,632,610,9,9,9
606,614,615,600,613,612,56,26,21
615,600,606,614,601,598,73,37,29
633,591,638,580,645,584,82,29,16
638,580,641,571,645,584,91,31,15
641,571,638,580,624,577,34,26,19
615,554,608,566,601,556,50,51,46
652,597,653,596,658,600,39,21,9
653,596,652,597,652,594,58,24,18
653,596,668,588,658,600,47,20,10
668,588,653,596,652,594,45,19,10
652,597,649,599,652,594,82,30,21
649,599,646,598,652,594,72,27,17
649,599,652,597,658,600,53,24,12
646,598,651,591,652,594,71,26,15
651,591,646,598,645,584,72,26,13
664,619,664,624,662,622,42,16,10
664,619,666,615,671,621,42,17,12
664,624,664,619,671,621,41,17,11
654,624,642,618,644,616,51,18,9
639,620,642,618,654,624,42,16,8
674,425,673,426,668,414,54,13,12
673,426,650,433,668,414,174,26,39
650,433,673,426,673,429,169,40,50
673,429,673,426,676,430,145,143,135
673,426,674,425,676,430,141,139,131
702,436,699,443,701,433,126,124,118
699,443,702,436,704,437,100,98,93
706,420,711,418,711,419,17,17,14
706,420,705,422,703,408,79,77,72
705,423,706,420,711,419,23,22,19
706,420,705,423,705,422,50,48,44
705,423,701,433,676,430,163,162,152
705,422,705,423,676,430,163,162,152
664,261,668,263,660,267,28,29,26
661,259,664,261,660,267,28,28,26
668,263,664,261,668,254,16,17,14
664,261,661,259,668,254,14,15,12
670,233,681,234,667,240,42,22,16
670,233,659,231,669,222,41,29,24
675,219,670,233,669,222,52,27,20
681,234,670,233,675,219,30,15,10
644,244,643,249,629,237,44,25,19
644,243,644,244,629,237,48,28,22
644,244,650,252,643,249,70,28,19
644,244,655,250,650,252,43,22,16
647,239,640,235,645,229,90,34,21
647,239,644,243,640,235,94,37,24
658,230,647,239,645,229,25,14,10
644,244,647,239,655,250,46,25,20
647,239,644,244,644,243,88,34,21
617,224,618,217,633,223,15,16,14
618,217,630,210,633,223,20,21,18
659,236,670,233,667,240,19,17,12
670,233,659,236,659,231,28,23,19
647,239,659,236,655,250,24,20,16
659,231,659,236,658,230,12,10,9
659,236,647,239,658,230,15,11,8
672,213,664,207,671,201,32,20,14
664,207,669,200,671,201,29,18,11
669,199,661,195,668,191,56,29,25
669,199,669,200,661,195,43,25,19
669,199,668,191,671,201,35,15,13
669,200,669,199,671,201,20,7,4
700,348,700,345,704,343,55,58,55
700,345,698,342,704,343,56,56,53
698,342,700,345,700,348,84,82,78
640,391,632,398,636,389,108,70,61
640,391,641,401,632,398,104,65,57
669,402,682,387,681,405,78,9,11
669,402,681,405,679,410,81,25,26
669,412,669,402,679,410,75,13,15
667,336,661,340,657,329,18,13,8
661,340,667,336,672,353,31,5,4
678,369,692,370,689,375,47,20,18
689,380,678,369,689,375,39,9,7
678,369,689,380,682,387,45,18,16
678,368,669,365,672,353,64,0,2
678,369,669,365,678,368,74,0,1
381,251,378,243,383,250,10,11,5
380,255,381,251,383,250,33,14,6
381,251,370,246,378,243,18,19,15
381,251,380,255,369,254,13,11,9
370,246,381,251,369,254,14,14,10
360,179,367,178,355,187,21,20,14
367,178,360,179,357,164,21,20,13
455,389,455,390,446,397,237,113,111
456,391,455,390,455,389,234,36,49
455,390,448,399,446,397,220,107,105
448,399,455,390,456,391,237,113,112
463,436,484,426,480,438,59,7,10
298,294,301,303,291,307,178,3,5
307,302,301,303,298,294,138,2,1
301,303,304,312,291,307,183,5,8
301,303,307,302,304,312,153,2,2
304,322,311,329,304,332,43,1,1
304,322,317,306,311,329,113,2,3
304,312,298,320,291,307,166,6,10
298,320,287,317,291,307,162,8,11
287,317,298,320,285,328,42,2,1
285,328,298,320,304,332,28,1,2
298,320,304,322,304,332,37,1,1
325,327,323,328,326,323,92,1,4
323,328,311,329,326,323,81,2,5
311,329,323,328,318,331,35,1,3
318,331,323,328,337,352,23,1,1
323,328,325,327,337,352,26,1,1
219,312,207,299,225,304,37,1,1
219,312,211,314,205,305,22,0,0
207,299,219,312,205,305,22,1,0
286,297,298,294,291,307,196,4,7
279,314,286,297,291,307,205,12,16
233,302,238,301,225,318,69,7,7
289,279,286,297,247,286,227,19,22
270,246,255,238,271,235,66,20,19
264,330,265,336,261,326,34,2,1
265,336,241,333,261,326,57,2,4
267,354,265,336,285,328,28,2,1
225,318,218,335,217,325,63,2,3
241,333,218,335,225,318,55,1,2
188,339,198,351,193,350,6,4,1
210,341,198,351,188,339,8,3,1
198,351,210,356,199,355,7,2,1
210,356,198,351,210,341,9,2,1
341,400,341,391,348,387,109,107,99
324,387,321,386,323,382,109,103,98
321,386,324,387,323,391,121,115,110
341,400,335,390,341,391,114,110,102
324,387,335,390,323,391,108,103,97
335,390,324,387,337,385,104,99,94
335,390,341,400,335,406,125,121,114
322,403,335,390,335,406,136,132,125
335,390,322,403,323,391,132,128,121
335,373,319,361,337,352,25,12,11
319,361,335,373,323,382,49,42,39
388,388,378,390,371,380,25,14,10
371,417,366,418,365,416,146,144,138
452,375,457,372,455,389,179,17,25
457,372,452,375,452,365,105,4,5
443,396,445,398,439,405,27,1,1
445,398,443,396,446,397,44,0,0
443,396,455,389,446,397,219,105,102
434,401,439,405,429,414,51,5,7
425,408,434,401,429,414,45,5,7
434,401,443,396,439,405,30,4,2
409,309,410,312,407,310,41,42,38
388,388,388,372,396,389,27,3,4
388,372,388,388,371,380,22,5,4
378,345,367,348,370,340,53,1,1
379,343,378,345,370,340,55,1,1
407,153,414,149,412,162,61,28,15
409,146,400,141,415,139,18,12,8
414,149,409,146,415,139,19,16,12
407,153,409,146,414,149,32,25,21
410,173,412,163,418,176,106,35,17
552,87,556,81,554,89,6,7,4
556,81,552,87,536,77,9,9,6
584,70,583,77,577,68,61,35,26
584,70,571,58,592,71,22,11,8
571,58,584,70,577,68,31,14,11
592,78,586,79,592,71,48,26,22
586,79,584,70,592,71,50,27,23
584,70,586,79,583,77,70,38,32
583,77,586,79,583,83,50,23,15
583,86,574,80,583,83,11,6,4
583,86,592,94,586,93,19,10,6
570,106,583,86,586,93,7,7,4
583,86,570,106,574,80,7,7,4
586,79,583,86,583,83,33,16,7
583,86,586,79,592,78,54,28,20
583,86,592,78,599,85,50,27,19
592,94,583,86,599,85,39,19,12
552,118,554,110,562,120,13,13,11
604,129,612,131,604,140,10,9,5
604,129,601,123,611,126,11,10,6
612,131,604,129,611,126,14,11,7
601,123,612,112,611,126,23,10,6
614,108,612,112,610,103,43,21,11
519,176,508,192,500,181,19,19,18
508,192,519,176,530,194,19,19,17
504,151,510,160,497,165,37,25,19
504,151,497,165,489,143,66,27,18
502,139,504,151,489,143,64,22,13
508,171,519,176,500,181,17,17,16
496,167,508,171,500,181,17,17,16
508,171,510,160,520,162,17,17,15
519,176,508,171,520,162,17,17,15
471,208,483,223,468,218,27,28,24
491,175,496,167,500,181,18,18,17
477,204,482,200,488,207,25,25,22
462,111,467,105,474,118,10,10,7
467,105,483,103,474,118,11,10,7
480,146,476,126,489,143,13,13,12
478,120,489,108,482,122,11,11,8
483,103,489,108,478,120,12,11,9
482,122,489,108,501,115,11,11,8
435,123,434,119,437,117,7,9,5
449,128,435,123,437,117,8,9,7
437,128,435,123,449,128,7,8,7
437,128,446,132,443,137,14,15,12
446,132,437,128,449,128,13,14,11
446,132,450,138,443,137,18,19,15
450,138,446,132,449,128,14,15,11
463,153,473,152,470,157,13,11,6
473,152,463,153,477,147,13,13,10
456,154,456,155,455,156,15,14,8
463,153,456,155,456,154,19,18,12
463,133,478,146,477,147,11,12,9
478,146,463,133,476,126,12,13,10
478,146,480,146,477,147,11,15,12
480,146,478,146,476,126,13,14,12
460,90,449,91,453,84,11,10,7
449,91,460,90,449,100,14,13,10
441,102,447,97,449,100,11,10,6
445,93,447,97,441,102,12,12,7
438,88,445,93,435,98,12,12,8
436,87,438,88,435,98,14,13,9
438,88,449,91,445,93,11,12,7
419,115,423,124,416,125,12,12,8
423,124,419,115,426,114,9,9,5
423,124,415,139,416,125,12,11,8
415,139,423,124,429,129,11,10,6
423,124,426,114,434,119,13,13,9
409,73,407,89,405,73,11,11,7
409,73,419,74,407,89,10,9,6
408,67,410,59,425,64,8,7,4
419,74,408,67,425,64,9,8,6
409,73,408,67,419,74,10,9,6
410,59,408,67,401,66,12,11,7
401,66,408,67,405,73,11,12,7
408,67,409,73,405,73,10,11,6
410,59,417,54,425,64,9,9,5
417,54,417,52,425,64,10,8,5
417,54,410,59,409,53,12,12,7
417,52,417,54,409,53,10,10,6
425,64,426,41,439,39,12,10,7
417,52,426,41,425,64,11,9,5
426,41,417,52,421,41,12,11,5
439,39,426,41,437,32,16,14,10
426,41,427,25,437,32,19,15,10
426,41,421,41,419,28,17,14,9
427,25,426,41,419,28,22,16,9
451,58,431,72,425,64,11,10,6
451,58,425,64,439,39,12,10,7
455,51,451,58,439,39,12,10,6
493,65,503,66,500,72,76,23,11
476,22,468,23,467,11,54,31,21
476,22,467,11,471,7,42,25,18
485,18,476,22,471,7,35,20,15
476,22,485,18,484,20,74,36,29
481,44,490,54,478,50,42,14,6
490,54,481,44,499,37,18,10,6
481,44,480,41,499,37,14,11,7
456,55,451,58,455,51,8,7,3
471,61,469,60,478,50,28,13,7
468,69,471,61,471,70,10,10,6
471,61,468,69,469,60,12,11,7
474,43,469,45,464,33,68,20,9
458,34,468,23,464,33,50,18,8
468,23,458,34,451,27,63,21,9
509,103,520,93,528,104,64,22,11
504,88,495,102,487,95,13,12,10
489,108,495,102,501,115,13,13,9
549,108,544,103,554,89,8,8,6
497,81,505,85,504,88,53,20,9
531,65,536,64,536,77,7,8,5
536,64,531,65,535,62,5,6,3
518,55,531,65,513,56,7,8,5
531,65,510,82,513,56,10,10,7
502,31,510,32,499,37,25,16,7
502,31,493,28,503,24,63,34,23
493,28,502,31,499,37,28,18,12
516,29,507,26,503,24,50,22,16
510,32,507,26,516,29,62,28,19
507,26,502,31,503,24,61,29,20
502,31,507,26,510,32,63,30,20
493,28,487,30,484,20,56,29,20
487,30,476,22,484,20,54,30,19
476,22,487,30,480,41,30,19,12
480,41,487,30,499,37,16,13,9
487,30,493,28,499,37,23,15,10
469,76,479,83,471,85,12,11,8
469,76,468,69,471,70,12,11,8
469,76,471,85,463,86,11,10,8
453,84,469,76,463,86,10,10,7
531,117,533,121,523,124,108,30,11
533,121,532,133,523,124,89,24,8
534,112,533,121,531,117,45,14,8
552,118,533,121,534,112,15,14,11
555,128,552,118,562,120,10,10,7
558,130,555,128,562,120,9,8,5
608,167,604,164,605,163,7,7,5
600,171,604,164,608,167,12,12,10
587,137,604,129,604,140,10,10,7
601,123,587,137,583,127,9,9,7
604,129,587,137,601,123,9,9,7
519,176,531,184,530,194,20,20,18
529,174,531,184,519,176,22,23,20
327,281,338,275,332,286,23,23,16
315,273,324,278,309,277,19,17,11
338,275,328,270,336,265,28,28,22
327,281,328,270,338,275,30,30,24
328,270,327,281,324,278,18,19,12
328,270,328,255,336,265,25,24,18
328,270,315,273,316,267,19,17,11
315,273,328,270,324,278,19,18,12
324,278,310,291,309,277,45,7,5
327,281,310,291,324,278,44,8,6
307,302,310,291,315,300,94,1,1
310,291,307,302,298,294,126,2,2
301,280,310,291,298,294,101,2,1
310,291,301,280,309,277,79,3,1
388,311,380,307,392,304,29,28,26
388,311,395,319,387,315,16,9,5
380,307,375,301,380,298,17,18,13
379,308,388,311,387,315,24,15,13
388,311,379,308,380,307,27,25,23
379,308,375,301,380,307,21,22,17
355,292,358,297,348,293,18,9,5
358,297,337,300,348,293,28,6,5
337,300,358,297,337,325,41,1,2
347,278,355,268,355,280,24,22,19
353,288,355,292,348,293,16,13,8
364,289,353,288,355,280,26,24,19
353,288,364,289,355,292,27,16,12
342,290,344,284,348,293,34,29,25
337,300,342,290,348,293,33,8,7
344,284,342,290,332,286,18,16,10
306,218,287,224,295,213,63,54,38
300,212,306,218,295,213,71,62,44
306,218,312,229,306,236,36,31,22
312,229,306,218,312,217,43,37,28
261,219,270,223,264,227,125,52,45
270,223,261,219,261,216,118,61,49
304,210,306,218,300,212,66,56,39
287,195,279,191,287,189,103,85,59
292,198,287,195,287,189,151,125,92
287,195,292,198,285,202,127,108,78
310,251,313,263,302,254,20,19,13
305,244,310,251,302,254,31,28,23
310,251,311,243,313,250,37,34,28
310,251,305,244,311,243,29,26,20
317,262,328,270,316,267,26,23,18
313,263,310,266,302,254,20,18,12
310,266,309,277,302,269,27,21,16
310,266,315,273,309,277,27,24,18
315,273,310,266,316,267,36,34,28
386,147,386,154,371,148,15,13,10
377,170,392,167,378,176,18,17,11
377,170,386,154,392,167,18,17,12
376,177,377,170,378,176,18,17,8
386,147,393,150,386,154,36,23,12
393,150,400,141,399,151,102,38,21
393,150,386,147,400,141,89,38,21
386,154,395,155,393,165,21,19,15
395,155,397,161,393,165,21,14,9
393,150,395,155,386,154,33,24,14
395,155,393,150,399,151,87,43,25
392,167,400,168,399,172,14,12,7
400,168,392,167,393,165,12,9,6
400,168,410,173,399,172,39,26,17
386,191,391,192,383,193,22,20,16
391,192,386,191,391,189,15,14,10
382,190,386,191,383,193,34,32,30
413,183,410,173,418,176,67,29,16
413,183,410,184,410,173,36,20,12
410,184,413,183,414,188,19,18,12
424,179,413,183,418,176,99,34,20
413,183,424,179,414,188,74,32,21
351,122,353,114,362,118,28,20,12
351,123,351,122,362,118,18,16,10
342,143,330,125,344,142,20,19,13
330,125,329,113,333,115,13,12,6
330,125,322,126,329,113,17,16,10
330,125,342,143,324,144,22,20,14
344,142,348,140,350,146,20,18,11
362,144,370,145,371,148,20,18,13
370,145,386,147,371,148,19,17,12
370,145,370,129,373,130,26,22,17
346,244,358,249,355,253,20,18,13
346,244,351,240,358,249,18,16,11
344,241,346,244,344,245,21,20,13
346,244,344,241,346,238,22,21,15
351,240,346,244,346,238,21,19,13
375,301,381,294,380,298,22,21,17
381,294,387,291,380,298,14,14,10
381,294,383,281,387,291,20,20,15
380,277,367,276,368,269,84,36,24
367,276,380,277,379,279,86,41,25
367,276,364,289,355,280,31,24,19
355,268,367,276,355,280,31,29,25
367,276,355,268,368,269,31,28,25
328,255,340,260,336,265,25,24,18
344,248,328,255,344,245,29,28,22
343,258,344,248,355,253,25,23,18
344,248,340,260,328,255,27,25,19
340,260,344,248,343,258,23,21,15
344,248,346,244,355,253,20,19,13
346,244,344,248,344,245,18,17,11
387,222,387,217,390,218,14,16,11
387,217,381,213,397,200,23,22,18
390,218,387,217,397,200,21,20,16
378,215,387,222,373,221,21,21,17
378,215,377,212,381,213,21,20,16
377,212,378,215,373,221,25,24,20
387,217,378,215,381,213,24,24,20
378,215,387,217,387,222,16,18,13
387,222,384,232,377,229,20,21,16
384,232,376,236,377,229,29,30,25
384,232,395,234,389,238,40,25,20
378,243,384,232,389,238,28,25,21
376,236,384,232,378,243,24,24,20
405,239,399,244,397,233,110,69,54
399,244,405,239,407,240,65,56,48
405,230,405,239,397,233,134,70,52
407,240,405,239,405,230,58,46,33
399,244,401,257,383,250,83,46,33
388,263,401,257,399,262,29,25,19
401,257,388,263,383,250,71,41,29
401,257,407,266,399,262,21,21,19
354,197,357,196,353,201,23,21,18
347,195,354,197,353,201,14,12,8
357,196,354,197,355,187,19,17,13
354,197,347,195,355,187,20,19,13
336,149,340,158,330,162,36,31,23
340,158,331,165,330,162,46,39,30
334,174,340,158,348,163,35,30,22
340,158,334,174,331,165,41,34,26
419,493,407,491,419,492,181,181,180
419,493,406,500,407,491,177,177,176
405,499,397,503,407,491,175,175,172
406,500,405,499,407,491,171,171,169
383,504,385,516,369,513,159,159,154
416,562,400,579,400,558,10,2,1
503,473,519,472,508,483,121,13,18
531,491,525,495,525,494,59,4,9
525,495,531,491,533,497,63,4,8
519,472,525,468,522,483,70,6,10
525,468,533,482,522,483,74,6,9
533,482,525,468,527,467,72,5,8
525,468,526,463,527,467,59,0,2
526,463,525,468,519,460,87,3,6
525,468,519,472,519,460,98,6,10
509,508,525,501,525,507,87,60,57
525,501,509,508,512,493,100,45,43
525,495,525,501,512,493,108,13,13
525,501,531,504,525,507,147,9,15
531,504,525,501,533,497,121,10,13
525,501,525,495,533,497,98,6,9
510,490,512,484,512,493,71,6,12
487,512,493,510,498,515,129,131,123
498,525,487,512,498,515,124,126,118
487,512,498,525,482,517,123,125,117
475,500,471,506,474,499,152,154,149
447,461,450,471,444,469,152,153,147
441,465,447,461,444,469,159,160,153
447,461,450,459,457,467,161,162,156
450,471,447,461,457,467,167,168,162
450,471,445,472,444,469,150,151,146
445,472,436,470,444,469,171,173,166
445,472,446,478,436,470,172,173,166
446,478,447,473,456,474,169,170,166
447,473,450,471,456,474,175,175,171
445,472,447,473,446,478,196,196,192
447,473,445,472,450,471,187,188,183
454,428,443,424,444,421,44,10,9
430,423,443,424,437,430,101,101,94
443,424,430,423,435,415,46,30,26
444,421,443,424,435,415,38,13,11
450,442,462,444,451,452,139,141,134
447,445,450,442,451,452,132,136,128
450,442,447,445,435,434,132,133,125
431,457,442,459,440,464,155,156,150
442,459,441,465,440,464,143,145,136
442,459,447,461,441,465,160,162,153
447,445,442,459,433,449,147,149,142
442,459,447,445,451,452,146,149,141
447,461,442,459,450,459,164,165,156
418,450,431,455,427,460,161,162,157
431,455,431,457,427,460,168,169,164
431,455,418,450,433,449,154,155,150
442,459,431,455,433,449,153,154,148
431,455,442,459,431,457,152,153,147
430,463,431,457,440,464,168,169,163
430,463,436,470,430,468,156,157,151
436,470,430,463,440,464,161,162,155
427,460,430,463,430,468,179,180,175
431,457,430,463,427,460,153,154,149
456,454,451,453,451,452,172,173,166
451,453,456,454,450,459,154,155,148
451,453,442,459,451,452,147,149,141
442,459,451,453,450,459,151,153,144
441,466,436,470,440,464,160,161,154
441,465,441,466,440,464,164,165,157
436,470,441,466,444,469,175,176,169
441,466,441,465,444,469,185,186,180
471,458,469,458,471,451,164,163,159
481,456,471,458,471,451,92,80,75
469,458,471,458,473,463,142,144,136
471,458,481,456,473,463,129,130,121
392,453,398,456,393,458,180,182,177
381,450,392,453,381,454,171,170,166
401,411,383,413,396,404,111,110,104
371,417,383,413,378,421,147,146,140
420,410,421,400,423,408,37,5,7
420,410,420,418,418,419,90,88,82
411,422,420,410,418,419,103,101,95
401,411,420,410,411,422,106,105,99
425,416,420,410,423,408,48,43,38
420,418,420,410,425,416,71,69,63
400,406,396,404,396,389,49,39,35
421,400,400,406,396,389,37,16,15
420,410,400,406,421,400,51,42,38
409,427,401,411,411,422,117,115,111
409,427,401,435,401,411,126,124,120
505,449,500,445,507,446,171,22,30
500,445,505,449,503,452,131,17,22
508,447,505,449,507,446,184,17,25
505,449,508,447,512,453,159,14,27
503,452,505,449,512,453,150,15,27
499,433,486,439,496,429,160,46,51
486,439,499,433,498,443,117,31,34
486,439,498,443,489,450,56,8,10
486,439,481,448,480,438,66,5,8
481,448,486,439,489,450,67,7,9
525,414,520,408,527,411,94,32,25
525,414,519,415,520,408,64,26,21
505,416,493,425,497,405,71,5,6
493,425,505,416,496,429,93,3,5
536,435,526,434,529,424,108,32,21
539,421,536,435,529,424,124,35,21
536,442,536,435,540,441,170,44,16
526,434,531,440,512,453,61,6,6
531,440,519,460,512,453,67,4,5
531,440,536,435,536,442,148,34,8
536,435,531,440,526,434,110,30,14
526,463,531,440,536,442,57,10,4
531,440,526,463,519,460,55,4,3
462,505,471,506,470,508,149,150,145
471,506,462,505,471,495,158,159,154
504,605,513,609,508,611,20,21,18
511,591,513,609,504,605,17,18,15
499,567,488,556,495,555,56,5,6
503,528,502,543,492,537,87,26,24
502,543,503,528,519,531,124,14,16
458,554,450,549,464,542,64,52,47
517,523,515,520,522,516,101,30,31
515,520,514,516,516,514,84,65,58
522,516,515,520,516,514,86,39,37
515,520,503,528,514,516,115,82,77
515,520,517,523,503,528,111,56,54
540,550,544,554,535,559,69,70,63
531,568,522,562,535,559,50,38,31
520,532,531,527,529,535,191,93,90
531,527,517,523,522,516,107,24,23
517,523,531,527,519,531,137,49,46
531,527,520,532,519,531,170,79,75
541,511,540,518,532,505,90,27,28
571,471,567,466,569,466,74,73,65
578,456,571,471,569,466,68,67,61
583,474,571,471,578,456,64,64,58
608,491,617,501,605,502,40,34,29
601,462,605,464,605,473,43,27,22
601,462,583,474,589,455,82,42,32
601,462,604,453,605,464,31,28,21
591,452,601,462,589,455,100,39,26
604,453,601,462,591,452,91,36,23
615,654,611,663,608,659,15,9,7
627,648,617,665,615,654,41,18,10
617,665,611,663,615,654,33,15,10
583,611,584,613,579,615,27,23,20
584,613,592,626,579,615,15,16,14
584,613,583,611,591,609,19,18,19
592,617,606,614,602,629,15,16,13
592,626,592,617,602,629,14,15,13
606,614,592,617,591,609,21,22,20
592,617,584,613,591,609,17,17,17
584,613,592,617,592,626,14,15,14
533,621,532,620,537,606,20,20,18
532,620,524,613,537,606,22,22,20
521,607,526,593,537,606,19,19,16
521,607,511,591,526,593,18,18,16
511,591,521,607,513,609,18,19,16
544,601,559,610,548,618,23,24,21
559,610,544,601,546,598,24,24,21
537,606,544,601,548,618,22,23,20
541,595,544,601,537,606,21,21,17
544,601,541,595,546,598,24,25,21
559,610,558,616,548,618,23,24,20
541,592,541,595,526,593,25,26,22
577,597,571,608,568,605,121,27,13
582,607,571,608,577,597,133,32,12
571,608,582,607,579,615,84,25,15
571,608,559,610,568,605,46,24,18
573,591,577,597,568,605,132,44,26
554,589,573,591,568,605,80,38,29
546,594,554,589,546,598,39,27,21
541,595,546,594,546,598,32,33,28
546,594,541,592,543,590,42,41,35
541,592,546,594,541,595,38,39,34
550,587,546,594,543,590,55,37,33
596,728,602,713,604,721,25,17,12
596,728,573,730,572,712,22,17,13
573,730,596,728,586,735,117,68,52
639,755,636,742,647,744,40,14,9
640,760,639,755,648,750,15,5,3
640,760,648,750,646,788,5,3,2
633,768,640,760,646,788,6,4,2
636,742,626,758,632,740,34,18,13
626,758,636,742,639,755,41,20,14
579,703,564,705,563,692,11,12,9
564,705,579,703,572,712,9,10,7
602,713,579,703,589,694,10,10,8
579,703,596,728,572,712,12,12,9
596,728,579,703,602,713,14,13,10
507,667,505,662,519,654,12,12,10
558,616,554,627,548,618,13,13,11
597,795,603,802,599,808,18,9,5
603,802,597,795,607,800,20,8,4
603,802,619,806,599,808,9,6,5
619,806,603,802,607,800,8,6,4
548,727,551,717,557,729,25,23,18
557,729,551,717,572,712,15,15,11
551,717,564,705,572,712,10,10,8
564,705,551,717,555,701,9,10,7
551,717,543,724,538,718,14,13,9
556,780,562,770,570,783,12,13,10
545,779,549,794,538,793,30,26,21
549,794,572,793,567,802,119,73,62
572,793,576,804,567,802,97,57,43
576,804,572,793,587,797,85,35,20
572,793,590,789,587,797,71,33,18
587,781,572,793,570,783,19,15,10
590,789,572,793,587,781,20,15,9
588,746,593,763,566,756,9,10,8
567,751,588,746,566,756,10,11,8
551,739,567,751,566,756,13,12,10
541,796,549,794,554,803,109,63,51
536,800,541,796,554,803,95,49,38
549,794,541,796,538,793,147,108,91
514,806,520,809,521,813,7,7,5
520,809,514,806,520,799,9,9,7
531,802,536,800,532,818,13,10,9
531,802,520,809,520,799,12,9,7
449,194,453,184,457,199,23,24,20
445,145,425,159,440,142,15,13,9
439,174,425,159,445,145,15,14,10
425,159,421,143,440,142,15,13,9
425,159,414,149,421,143,16,15,9
407,210,417,211,417,216,114,55,40
401,227,407,210,417,216,87,46,33
407,210,390,218,397,200,22,19,14
412,207,425,206,417,211,102,50,35
407,210,412,207,417,211,85,33,23
396,224,387,222,390,218,18,19,15
407,210,396,224,390,218,30,18,12
396,224,407,210,401,227,48,24,15
426,223,439,221,431,228,29,28,25
422,293,432,284,432,288,31,31,28
421,278,432,284,422,293,35,36,31
432,284,438,292,432,288,33,33,32
491,257,484,252,496,248,96,100,90
505,242,504,247,496,248,90,94,87
504,247,505,242,517,244,104,108,102
519,294,509,289,514,280,171,173,163
509,289,508,281,514,280,176,179,169
508,281,509,289,494,288,165,168,158
497,277,508,281,494,288,146,148,139
535,284,541,287,540,290,125,127,117
541,287,535,284,547,282,120,122,113
541,287,548,288,540,290,85,72,62
487,285,497,277,494,288,114,113,104
497,277,487,285,489,275,111,111,102
484,278,480,274,489,275,120,109,97
480,274,484,278,483,279,145,122,107
545,262,533,269,529,256,70,72,66
533,269,525,261,529,256,109,110,104
548,263,558,265,548,270,58,61,56
545,262,548,263,548,270,78,81,75
518,249,528,253,519,251,52,56,49
528,253,518,249,517,244,52,55,49
518,249,504,247,517,244,90,94,88
544,299,548,288,550,303,118,66,53
548,305,544,299,550,303,104,92,80
601,271,591,273,594,264,13,13,9
591,273,601,271,600,276,32,27,22
591,274,591,273,600,276,40,33,27
591,261,595,259,594,264,38,39,35
599,234,590,236,593,230,30,30,28
608,254,591,253,602,242,16,18,15
595,259,591,253,608,254,32,34,29
591,261,591,253,595,259,45,46,42
588,245,591,253,577,252,20,17,14
591,253,583,265,577,252,40,33,28
591,253,591,261,583,265,31,32,29
550,303,561,293,565,310,69,61,53
561,293,548,288,557,283,115,50,34
548,288,561,293,550,303,100,56,45
583,265,576,272,570,267,102,50,38
597,289,593,288,600,276,102,40,26
610,280,597,289,600,276,98,38,23
597,289,607,291,598,296,34,35,28
593,288,597,289,598,296,30,29,26
539,308,546,313,537,315,90,89,80
537,306,539,308,537,315,75,73,63
546,313,539,308,548,305,92,91,82
614,263,619,257,626,262,25,25,23
619,257,614,263,608,254,29,30,27
603,240,599,234,609,225,23,23,22
617,238,603,240,609,225,22,23,21
543,237,548,254,533,240,45,46,41
547,257,545,262,529,256,71,75,69
548,254,547,257,529,256,35,37,32
547,257,548,263,545,262,78,81,76
536,230,531,234,524,223,36,36,32
543,237,536,230,541,229,40,40,37
531,234,536,230,533,240,52,53,49
536,230,543,237,533,240,46,46,42
502,219,521,221,514,235,37,40,36
517,244,510,238,514,235,59,62,57
505,242,510,238,517,244,81,84,78
494,239,491,228,499,231,54,57,49
491,228,494,239,489,241,57,58,50
489,241,494,239,496,248,80,82,73
494,239,505,242,496,248,80,83,77
643,321,643,322,636,318,96,69,58
644,317,643,321,636,318,101,71,60
643,321,654,325,643,322,56,38,33
648,314,632,313,640,298,72,39,27
648,314,644,317,632,313,63,41,32
650,312,648,314,640,298,106,50,34
658,323,648,314,650,312,38,23,17
648,314,658,323,654,325,35,25,21
643,322,640,331,636,318,99,71,59
640,331,638,332,636,318,57,42,32
655,309,658,310,650,312,80,22,8
628,333,630,346,623,348,23,23,21
631,345,630,346,628,333,18,20,17
630,346,631,345,636,347,30,28,24
631,345,638,341,636,347,46,40,35
638,341,631,345,628,333,32,29,24
651,288,646,293,640,285,84,38,25
646,293,651,288,647,294,40,14,4
646,293,638,297,640,285,113,43,25
638,297,646,293,640,298,119,30,11
646,293,647,294,640,298,121,30,11
642,278,655,282,651,288,69,41,29
651,275,642,278,642,272,78,37,25
651,275,642,272,644,268,72,32,21
655,282,651,275,655,280,28,30,20
651,275,655,282,642,278,67,38,27
652,264,651,275,644,268,57,25,16
651,275,652,264,660,267,15,16,12
660,274,651,275,660,267,10,12,7
541,321,544,319,544,324,162,165,153
544,319,550,323,544,324,193,194,185
544,319,541,321,539,320,135,138,127
544,319,546,313,551,314,119,120,110
550,323,544,319,551,314,146,147,137
544,319,539,320,537,315,89,90,80
546,313,544,319,537,315,99,99,90
499,300,509,305,500,309,125,122,110
509,289,499,300,494,288,150,153,143
509,305,499,300,509,289,132,136,125
482,313,486,312,488,315,132,126,112
486,312,493,310,488,315,121,80,73
492,320,493,316,505,322,173,133,123
493,316,494,314,505,322,173,136,125
493,316,492,320,488,315,114,69,61
494,314,493,316,488,315,130,83,76
523,366,519,359,528,360,92,94,84
519,359,511,352,528,348,159,157,146
528,360,519,359,528,348,154,156,146
519,359,504,356,511,352,150,124,113
519,359,508,369,504,356,117,83,73
514,373,513,388,504,376,86,72,66
514,373,519,375,513,388,132,72,61
508,369,514,373,504,376,85,56,46
537,372,536,367,544,364,104,109,99
540,379,537,372,544,364,85,90,81
536,367,537,372,533,371,132,135,127
537,372,534,382,533,371,79,81,74
537,372,540,379,534,382,67,70,63
539,421,539,413,544,412,34,35,29
539,413,542,409,544,412,79,80,74
540,379,541,384,534,382,62,64,56
541,384,536,389,534,382,65,66,59
541,384,540,379,549,388,62,64,57
536,389,544,394,532,396,78,80,72
544,394,549,388,561,391,50,53,47
524,404,533,403,527,411,110,49,33
533,403,539,413,527,411,78,52,41
539,413,533,403,542,409,51,52,45
544,394,533,403,532,396,58,59,52
533,403,544,394,542,409,55,56,49
525,401,516,399,516,398,112,63,46
525,401,524,404,516,399,100,51,36
533,403,525,401,532,396,90,63,51
525,401,533,403,524,404,101,54,41
589,363,585,366,582,363,123,54,39
587,378,585,369,594,376,121,50,36
585,369,587,378,581,374,82,33,25
587,378,594,382,587,386,120,45,29
594,382,587,378,594,376,123,49,34
587,378,578,381,581,374,61,31,23
581,374,577,377,571,375,43,44,37
577,377,578,381,571,375,50,51,44
578,381,577,377,581,374,36,36,30
580,385,567,397,561,391,35,37,32
578,381,580,385,561,391,35,38,31
580,385,587,378,587,386,62,30,22
587,378,580,385,578,381,54,29,21
564,418,581,410,580,416,114,59,46
581,410,564,418,574,402,80,46,35
584,395,581,410,574,402,63,41,31
581,410,584,395,587,408,99,45,30
593,405,584,395,594,396,125,46,27
584,395,593,405,587,408,137,47,26
571,426,564,418,580,416,83,56,44
555,407,564,418,560,417,36,28,19
555,407,560,417,544,412,37,38,33
555,407,567,397,574,402,44,45,41
564,418,555,407,574,402,60,43,34
567,397,555,407,561,391,43,44,40
555,407,544,394,561,391,46,48,43
542,409,555,407,544,412,59,59,54
544,394,555,407,542,409,53,54,49
623,312,622,319,611,306,16,16,14
622,319,607,320,611,306,18,18,15
622,319,623,312,632,313,16,19,14
607,320,622,319,617,327,37,38,33
622,319,621,325,617,327,35,36,32
622,319,632,313,636,318,19,20,16
621,325,622,319,636,318,33,33,30
606,330,602,334,602,324,27,28,25
602,324,602,334,589,326,33,31,27
602,334,595,339,589,326,27,25,21
595,339,602,334,598,340,19,19,17
646,361,640,360,647,351,77,43,34
636,363,636,364,632,362,43,35,28
640,360,636,364,636,363,145,111,99
602,343,617,349,607,356,24,25,22
602,343,604,356,598,348,27,27,24
604,356,602,343,607,356,30,31,28
617,349,602,343,606,330,24,25,22
602,343,602,334,606,330,22,23,20
514,397,515,395,516,398,74,72,62
515,395,514,397,513,388,57,52,46
524,390,515,395,513,388,109,61,49
536,389,528,386,534,382,56,57,50
528,386,536,389,532,396,74,75,67
524,390,528,386,532,396,83,72,61
484,382,481,387,477,384,42,15,9
488,363,488,374,481,367,110,112,104
478,361,488,363,481,367,139,141,133
484,353,488,363,478,361,107,109,101
488,363,484,353,491,354,114,115,107
493,358,488,363,491,354,166,167,158
503,378,499,380,504,376,150,151,144
499,380,503,378,501,383,117,118,111
513,388,503,378,504,376,94,88,81
501,383,503,378,513,388,91,87,81
495,379,499,368,504,376,113,113,107
499,380,495,379,504,376,139,140,133
499,368,495,379,491,377,81,82,75
495,379,499,380,501,383,111,112,105
499,368,497,357,504,356,150,149,139
497,357,501,355,504,356,114,106,95
497,357,493,358,491,354,158,156,148
501,355,497,357,491,354,143,141,132
506,342,508,345,507,350,172,126,118
506,342,501,355,489,347,114,96,87
501,355,506,342,507,350,129,81,72
506,342,489,347,500,336,140,115,106
508,345,506,342,510,344,113,83,73
467,337,469,345,463,337,73,74,64
469,349,469,345,471,346,111,55,38
461,332,458,324,469,329,104,105,97
458,324,461,332,452,327,69,71,63
450,338,461,332,463,337,92,93,86
461,332,450,338,452,327,76,77,70
474,343,478,348,471,346,136,70,50
478,348,474,343,478,340,134,68,50
469,345,474,343,471,346,129,75,58
490,225,491,228,483,223,58,59,54
436,231,437,236,431,228,31,31,29
439,221,436,231,431,228,27,27,24
436,231,445,235,437,236,33,33,31
445,235,439,221,455,222,84,35,23
445,235,436,231,439,221,41,33,28
483,223,469,224,468,218,25,26,23
469,224,458,217,468,218,34,35,32
458,217,469,224,455,222,35,34,31
437,236,427,241,431,228,34,34,32
427,241,421,226,431,228,33,34,31
421,226,427,241,418,245,31,32,29
467,272,472,263,474,270,137,68,58
444,320,444,318,450,323,49,50,44
445,328,444,320,450,323,48,49,43
444,320,445,328,441,325,70,71,66
458,302,447,298,451,294,68,70,62
444,304,447,298,458,302,53,54,46
451,294,447,298,449,291,109,110,103
447,298,443,289,449,291,63,64,59
444,304,441,307,436,302,58,59,54
443,315,458,302,455,321,52,53,46
444,318,443,315,455,321,70,71,65
641,801,643,798,652,797,2,3,1
643,798,647,793,652,797,2,4,1
632,790,643,798,641,801,5,4,2
647,793,643,798,646,788,3,5,2
643,798,632,790,646,788,4,4,2
624,782,632,790,621,786,9,8,4
632,790,624,782,628,777,12,8,4
645,718,656,723,650,732,24,9,6
641,722,645,718,650,732,44,20,15
641,722,639,725,632,716,15,11,8
619,685,620,673,627,677,8,8,6
619,685,627,677,632,688,6,6,6
644,683,635,675,647,679,15,10,5
635,675,644,683,636,688,12,9,4
611,647,612,644,615,654,13,13,11
612,644,627,648,615,654,11,11,8
627,648,612,644,623,625,11,12,9
611,627,612,644,607,635,14,14,12
612,644,611,627,623,625,12,12,10
677,637,675,636,680,623,2,3,0
675,636,677,637,678,641,3,4,1
683,684,686,657,715,681,2,3,0
715,681,686,657,714,648,2,3,0
714,648,686,657,678,641,3,4,1
686,657,679,651,678,641,3,4,1
668,670,656,687,659,667,13,6,3
668,670,683,684,656,687,7,4,2
668,670,686,657,683,684,3,4,1
677,652,668,670,659,667,12,6,3
638,649,627,648,641,642,28,13,6
638,649,644,646,638,656,66,22,9
644,646,638,649,641,642,78,26,12
642,638,644,646,641,642,78,28,15
654,643,644,646,642,638,77,25,11
654,659,663,647,659,667,53,19,7
654,659,654,643,663,647,54,18,7
654,659,644,646,654,643,53,19,9
664,644,654,643,661,631,43,15,7
654,643,664,644,663,647,50,17,7
675,636,664,644,672,634,14,6,3
664,644,675,636,678,641,11,5,3
677,652,664,644,678,641,7,4,2
663,647,664,644,677,652,9,4,3
654,643,655,630,661,631,37,14,5
661,631,655,630,659,626,26,11,3
655,630,654,624,659,626,38,14,6
654,624,655,630,642,638,60,22,11
655,630,654,643,642,638,69,23,10
620,673,627,668,627,677,13,10,6
627,668,635,675,627,677,10,10,9
617,665,627,668,620,673,43,14,7
627,668,617,665,627,648,46,18,10
635,675,647,662,651,672,23,11,8
651,672,647,662,659,667,62,23,11
566,932,570,921,571,931,13,13,11
570,921,578,906,589,923,6,7,5
570,921,575,928,571,931,15,15,13
586,930,575,928,589,923,12,12,10
575,928,570,921,589,923,10,10,8
599,808,597,824,589,810,8,8,8
602,825,597,824,599,808,7,8,7
620,814,619,806,626,807,22,8,5
619,806,620,814,599,808,13,8,6
620,814,602,825,599,808,17,8,6
632,812,620,814,626,807,13,5,3
514,861,504,856,515,852,63,18,5
514,861,514,864,504,856,38,12,5
579,886,577,881,604,878,2,2,1
579,891,579,886,604,878,2,2,1
579,866,596,860,604,878,2,2,1
596,860,603,853,604,878,2,2,1
603,853,596,860,600,852,3,3,0
595,586,603,580,603,593,85,87,81
599,594,595,586,603,593,67,68,62
647,560,653,561,641,571,88,27,16
647,560,633,559,640,555,68,26,14
647,560,641,571,633,559,73,24,13
651,551,647,560,640,555,50,22,13
653,561,647,560,651,551,79,29,16
656,579,651,587,645,584,55,22,11
656,579,641,571,657,576,66,24,12
641,571,656,579,645,584,70,25,13
676,570,678,567,688,572,10,7,3
688,572,678,567,682,563,6,6,2
678,567,678,565,682,563,15,8,5
673,568,676,570,668,575,64,23,12
668,569,673,568,668,575,71,24,11
673,568,668,569,673,564,73,29,17
673,568,678,567,676,570,46,19,12
411,888,403,898,403,893,61,23,15
411,888,417,890,403,898,66,23,15
410,885,411,888,403,893,69,38,33
417,890,411,888,410,885,97,46,38
422,877,428,873,422,878,26,27,23
438,889,428,873,438,871,50,51,47
428,873,429,892,422,878,44,44,40
428,873,438,889,429,892,48,50,45
405,858,415,863,411,869,85,56,49
415,863,422,877,411,869,71,40,33
428,873,415,863,418,861,70,57,49
415,863,428,873,422,877,59,46,39
402,853,405,858,394,857,44,28,21
387,859,385,854,394,857,52,48,40
390,868,387,859,394,857,68,68,62
387,859,390,868,384,864,71,74,67
387,859,384,864,376,862,83,85,77
385,854,387,859,376,862,80,80,71
470,846,466,859,460,841,15,6,4
445,874,450,888,438,889,59,61,56
445,902,450,888,463,894,32,15,7
466,859,452,864,453,858,24,20,14
446,856,447,844,453,858,47,16,12
452,864,446,856,453,858,43,32,29
446,856,452,864,443,860,54,43,39
446,856,443,860,434,855,83,69,63
433,851,446,856,434,855,40,17,12
447,844,446,856,433,851,30,12,7
462,836,455,831,466,829,80,16,6
477,838,466,829,475,820,28,9,4
482,839,477,838,475,820,8,5,1
484,847,482,839,495,841,44,21,15
412,806,421,800,413,808,65,18,8
412,806,405,818,409,803,12,3,2
405,818,412,806,413,808,7,3,1
412,806,409,803,418,795,63,24,17
421,800,412,806,418,795,50,17,10
424,816,427,820,420,822,10,3,3
427,820,433,832,420,822,6,4,2
433,832,441,827,447,840,13,4,2
364,473,375,475,359,482,174,173,170
364,473,369,472,375,475,184,183,180
358,480,364,473,359,482,170,170,166
364,473,358,480,360,470,171,170,167
364,473,360,470,360,468,158,156,152
368,463,364,473,360,468,167,164,160
369,472,364,473,368,463,161,159,155
383,489,387,483,390,484,183,181,181
387,483,391,477,390,484,188,187,186
400,462,388,461,393,458,168,170,165
386,465,388,461,400,462,175,176,171
388,461,386,465,381,454,175,173,169
388,461,392,453,393,458,172,172,167
392,453,388,461,381,454,179,178,174
388,475,386,465,400,462,173,174,169
391,477,388,475,400,462,177,178,173
386,465,388,475,385,471,170,170,166
328,511,343,515,333,518,104,102,96
345,510,343,515,328,511,118,115,109
343,515,335,521,333,518,97,96,89
343,515,343,525,335,521,94,93,87
343,525,343,515,351,519,107,106,99
343,515,345,510,351,519,125,125,118
317,504,321,508,318,517,89,85,80
321,499,317,504,312,500,96,92,87
323,505,321,499,328,496,120,116,111
328,511,323,505,328,496,108,104,99
321,508,323,505,328,511,93,90,84
311,522,308,505,318,517,76,69,65
301,513,308,505,311,522,59,50,46
308,505,317,504,318,517,84,78,73
317,504,308,505,312,500,87,83,78
312,500,308,505,302,497,84,79,74
308,505,295,503,302,497,83,75,71
308,505,301,513,295,503,68,55,53
286,509,279,512,277,510,18,3,5
279,512,281,525,272,515,48,9,12
281,525,279,512,292,514,13,2,2
279,512,286,509,292,514,16,3,3
281,525,275,533,272,527,44,5,7
282,537,275,533,281,525,44,6,8
275,533,282,537,279,545,10,3,2
275,533,279,545,266,547,5,2,1
275,533,257,531,272,527,7,2,1
257,531,275,533,266,547,4,2,1
289,536,288,542,282,537,29,3,5
288,534,289,536,282,537,52,6,11
288,542,289,536,291,538,49,6,13
289,536,288,534,291,538,51,7,13
510,914,496,918,498,903,27,18,11
496,918,510,914,502,922,39,22,16
496,918,502,922,497,928,43,22,15
491,919,496,918,497,928,32,25,17
498,873,500,867,509,871,9,10,6
504,856,500,867,497,860,16,12,6
500,867,483,866,497,860,17,14,10
483,866,500,867,498,873,24,15,10
500,867,514,864,509,871,12,12,8
514,864,500,867,504,856,27,13,6
503,881,502,880,509,871,3,4,1
502,880,498,873,509,871,3,4,1
501,889,502,880,503,881,12,3,2
518,843,519,851,516,844,9,8,4
518,843,515,833,526,828,6,7,4
518,843,516,844,515,833,6,7,4
489,854,493,850,497,860,35,11,4
124,195,96,191,118,185,5,5,2
124,195,112,221,96,191,9,6,2
92,280,94,286,90,285,25,22,16
88,290,94,286,100,288,21,17,11
94,286,88,290,90,285,13,13,7
76,257,86,263,82,275,7,6,2
76,257,82,275,33,260,2,2,1
92,279,92,280,82,275,16,15,10
89,228,86,226,89,224,8,3,0
172,57,173,64,160,60,25,6,1
173,75,173,64,179,65,48,18,8
122,92,132,91,127,102,7,5,4
132,91,121,90,140,83,6,4,2
132,91,122,92,121,90,3,2,0
169,105,166,98,176,107,10,9,4
166,98,169,105,161,108,14,8,3
176,107,181,110,179,119,17,15,8
181,110,194,129,179,119,15,13,7
181,110,197,104,194,129,14,13,7
197,104,219,103,210,118,13,11,6
238,115,219,103,227,95,13,11,7
219,103,224,126,210,118,14,12,6
219,103,238,115,224,126,13,11,7
173,75,175,81,172,78,28,11,3
172,78,175,81,165,88,37,16,9
175,81,165,90,165,88,30,14,8
166,98,175,81,176,107,16,10,5
175,81,166,98,165,90,23,12,6
161,112,156,116,151,106,48,18,10
151,106,156,116,145,120,48,17,9
156,116,161,112,166,117,15,8,3
191,150,198,153,199,156,20,17,11
198,153,198,152,199,156,16,13,5
198,152,198,153,191,150,19,16,9
149,145,155,148,150,150,15,7,2
155,148,149,145,154,124,31,14,7
196,166,181,147,191,150,21,18,10
170,152,181,147,196,166,23,19,11
191,150,181,147,199,139,18,16,9
181,147,194,129,199,139,18,15,9
300,147,289,151,299,146,39,33,24
300,147,298,161,289,151,52,42,29
303,139,300,147,299,146,36,31,21
300,147,303,139,310,153,33,28,18
310,155,300,147,310,153,37,32,19
298,161,300,147,310,155,45,37,23
216,240,225,233,221,243,66,42,25
175,270,161,266,171,258,30,25,16
105,278,103,293,100,288,19,15,10
92,279,105,278,92,280,15,14,9
94,286,105,278,100,288,19,16,11
105,278,94,286,92,280,19,17,11
251,173,239,159,250,160,53,45,33
235,163,239,159,251,173,48,41,28
239,159,245,157,250,160,29,24,15
245,157,239,159,239,158,27,24,14
239,159,236,155,239,158,30,27,17
239,159,235,163,236,155,31,27,17
223,172,235,163,236,181,37,31,20
234,185,223,172,236,181,44,36,25
223,172,234,185,218,188,44,36,25
238,208,237,198,244,204,77,61,41
237,198,238,208,231,207,88,73,55
239,212,238,208,244,204,89,71,50
291,186,276,176,278,170,107,88,62
267,164,269,169,265,168,86,57,37
269,169,266,171,265,168,103,65,45
269,169,267,164,278,170,98,56,32
276,176,269,169,278,170,112,72,47
269,169,276,176,266,171,112,68,43
205,127,203,130,194,129,15,13,6
227,138,243,144,226,143,24,20,13
243,144,227,138,245,128,22,19,12
224,126,210,133,210,118,16,14,8
211,134,210,133,224,126,17,14,8
210,133,205,127,210,118,17,15,9
210,133,203,130,205,127,18,15,9
210,133,211,134,199,139,19,16,9
230,58,233,69,222,61,22,15,8
233,69,229,75,222,61,13,10,6
239,62,233,69,230,58,23,14,7
317,156,315,150,324,144,46,39,28
317,156,316,156,315,150,44,36,26
320,160,317,156,324,144,45,37,27
316,156,317,156,320,160,33,23,13
317,134,320,133,324,144,22,21,13
320,133,330,125,324,144,23,21,15
330,125,320,133,322,126,23,22,16
316,131,320,133,317,134,21,19,11
320,133,316,131,322,126,17,15,8
316,175,305,172,316,173,85,72,55
316,175,313,180,305,172,85,71,55
316,175,334,174,334,183,37,32,22
317,190,316,175,334,183,35,30,21
313,180,316,175,317,190,55,47,36
321,168,316,175,316,173,44,36,25
313,180,306,181,304,178,87,71,53
306,181,302,185,304,178,120,104,76
306,181,313,180,317,190,61,52,36
302,185,308,196,303,197,68,57,37
317,192,308,196,317,190,55,48,33
308,196,306,181,317,190,59,51,35
306,181,308,196,302,185,81,69,47
308,196,317,192,321,200,41,35,22
308,208,308,196,321,200,38,32,20
303,197,308,196,303,203,92,78,58
308,196,308,208,303,203,89,75,54
298,200,303,197,303,203,129,108,84
298,200,292,198,303,197,88,71,51
256,116,260,124,245,128,20,19,11
260,124,256,116,263,123,20,18,11
256,116,266,109,263,123,18,16,10
256,116,261,106,266,109,16,15,9
286,86,271,90,286,85,16,13,7
271,90,286,86,284,97,16,14,8
268,76,271,90,261,82,15,13,7
268,102,271,90,284,97,17,15,8
265,96,271,90,268,102,18,17,9
318,66,320,55,325,62,19,13,7
318,66,312,59,320,55,15,12,6
329,72,318,66,325,62,71,36,26
316,73,318,66,329,72,85,42,30
300,56,311,65,298,63,28,17,9
311,65,300,56,312,59,26,17,9
311,65,316,73,313,77,75,27,14
318,66,311,65,312,59,17,13,6
311,65,318,66,316,73,59,25,13
300,78,311,65,313,77,76,32,19
311,65,300,78,298,63,69,31,17
289,70,286,68,290,67,43,23,12
292,71,289,70,290,67,45,23,12
286,68,289,70,283,75,24,16,8
289,70,292,71,283,75,19,14,7
283,75,295,81,286,85,15,12,6
292,71,295,81,283,75,16,13,6
295,81,292,71,300,78,22,18,8
295,81,286,86,286,85,14,13,7
286,86,295,81,298,94,15,13,7
295,81,300,78,298,94,17,14,8
264,137,267,130,266,138,30,27,18
264,137,262,136,267,130,33,29,20
269,145,264,137,266,138,28,23,17
257,150,264,137,269,145,33,28,20
264,137,257,150,254,140,30,26,17
262,136,264,137,254,140,30,27,18
385,86,380,88,383,83,13,12,8
385,86,383,90,380,88,9,9,4
388,81,385,86,383,83,21,19,15
385,86,388,81,389,85,21,20,16
386,91,385,86,389,85,12,12,7
383,90,385,86,386,91,9,9,4
428,18,424,23,421,11,77,26,11
423,9,428,18,421,11,58,21,6
428,18,427,25,424,23,97,31,18
248,54,244,50,252,49,48,17,10
239,52,244,50,248,54,53,21,12
244,50,250,33,252,49,13,10,6
244,50,239,52,228,32,18,13,8
250,33,244,50,228,32,15,12,8
232,26,228,21,232,15,54,25,22
241,24,232,26,232,15,50,23,19
232,26,228,29,228,21,52,28,25
228,29,232,26,228,32,25,19,15
232,26,241,24,228,32,24,16,14
263,51,257,52,252,49,28,14,7
256,61,257,52,263,51,64,25,11
257,52,248,54,252,49,47,18,10
302,48,300,56,290,45,14,14,10
302,48,291,41,305,43,11,12,7
302,48,290,45,291,41,10,11,6
312,59,302,48,305,43,16,14,9
300,56,302,48,312,59,16,13,8
565,233,560,238,562,227,50,35,28
577,232,565,233,562,227,87,39,24
567,246,565,233,577,232,112,48,32
573,248,567,246,577,232,119,51,34
571,215,573,210,584,212,29,29,26
586,228,571,215,584,212,21,20,16
571,215,586,228,577,232,24,20,16
571,215,577,232,562,227,83,35,22
573,210,571,215,555,205,76,31,17
612,221,617,224,609,225,14,15,14
608,220,612,221,609,225,14,14,14
612,221,618,217,617,224,15,16,15
608,220,601,218,604,211,21,23,21
601,218,591,214,604,211,30,31,28
601,218,608,220,609,225,12,14,13
601,218,599,234,593,230,17,17,16
599,234,601,218,609,225,17,18,17
629,170,636,174,633,177,78,25,14
636,174,629,170,640,169,81,29,16
618,117,617,130,611,126,50,17,11
618,117,626,127,617,130,21,10,4
612,112,618,117,611,126,46,16,8
632,142,621,146,631,132,37,16,10
632,142,632,145,621,146,47,18,11
632,145,632,142,636,141,12,12,9
637,138,632,142,631,132,7,7,5
632,142,637,138,636,141,8,8,6
613,168,616,161,627,166,45,20,11
616,161,608,167,605,163,12,8,4
616,161,613,168,608,167,12,8,4
354,869,346,872,347,867,17,19,11
354,869,354,876,346,872,18,12,7
354,876,354,869,360,875,20,21,14
354,869,350,856,358,858,59,62,54
350,856,354,869,347,867,56,59,51
367,866,354,869,358,858,58,60,54
365,870,354,869,367,866,48,50,46
354,869,362,874,360,875,24,26,19
362,874,354,869,365,870,31,33,27
450,944,462,955,449,959,67,37,29
465,948,462,955,450,944,75,43,34
462,955,475,957,449,959,34,17,9
479,948,475,943,481,940,58,29,22
481,940,475,943,474,930,44,33,26
475,943,479,948,475,953,47,22,15
475,943,456,934,474,930,40,37,31
475,943,465,948,456,934,49,35,29
483,942,485,946,484,947,57,24,21
483,942,479,948,481,940,58,28,22
479,948,483,942,484,947,56,26,21
483,942,481,940,487,941,69,29,24
485,946,483,942,487,941,60,24,21
465,909,465,908,474,900,15,6,3
465,908,469,898,474,900,20,7,3
465,908,465,909,462,905,24,8,2
469,898,465,908,462,905,36,13,7
491,913,496,918,491,919,21,21,16
478,897,481,899,474,900,8,4,0
474,900,481,899,480,917,4,4,2
481,899,478,897,483,891,17,7,1
478,897,471,896,469,886,45,15,5
469,886,471,896,463,894,51,18,8
471,896,469,898,463,894,52,18,7
469,898,471,896,474,900,29,10,2
471,896,478,897,474,900,17,6,1
436,926,435,927,431,925,30,28,26
435,927,436,926,438,938,38,38,34
445,921,436,926,440,922,26,24,21
436,926,454,929,438,938,47,48,43
454,929,436,926,445,921,55,56,51
419,937,418,933,423,936,100,99,95
419,937,423,936,424,946,88,89,83
415,943,419,937,424,946,98,98,91
419,937,415,943,409,935,125,119,110
418,933,419,937,409,935,110,103,97
410,930,418,933,409,935,74,64,58
418,933,410,930,420,913,31,16,12
410,930,404,924,420,913,39,9,4
146,901,148,909,142,910,8,7,3
148,909,146,901,157,905,16,13,8
148,909,146,917,142,910,13,11,7
146,917,148,909,150,919,22,18,11
148,909,157,905,150,919,28,23,15
135,871,146,901,127,890,2,3,1
146,901,135,871,159,879,3,4,1
144,858,135,871,102,820,2,2,1
72,885,135,871,127,890,2,2,1
135,871,72,885,102,820,2,2,1
158,820,153,823,153,809,10,5,2
219,791,214,787,224,779,7,6,1
214,787,209,767,224,779,18,9,4
209,767,214,787,204,782,20,6,2
229,804,238,794,239,800,12,6,1
233,809,229,804,239,800,5,5,1
229,804,219,791,238,794,9,5,1
229,804,213,807,219,791,5,4,1
229,804,233,809,220,815,3,5,1
198,792,192,783,195,781,45,13,4
189,773,192,783,178,786,25,10,2
195,781,192,783,189,773,21,9,1
185,798,172,790,178,786,34,18,9
244,861,229,870,226,855,53,27,16
229,870,248,868,233,886,24,22,15
248,868,229,870,244,861,42,25,16
264,914,254,919,255,913,41,30,24
254,919,264,914,268,930,69,36,29
250,922,254,919,268,930,63,32,24
247,899,241,895,258,877,23,19,13
250,901,247,899,258,877,23,19,12
241,895,247,899,245,904,16,15,11
247,899,250,901,245,904,15,14,10
222,938,236,941,217,946,37,30,23
222,938,231,935,236,941,33,28,20
227,824,216,819,220,815,28,15,6
216,829,216,819,227,824,42,20,9
206,827,216,829,207,830,40,26,18
239,833,228,849,227,824,43,18,7
211,852,228,849,226,855,32,23,18
228,849,211,852,216,829,38,25,16
249,838,249,821,255,821,26,7,1
249,838,268,829,268,834,13,5,1
249,838,255,821,268,829,19,6,1
267,839,249,838,268,834,9,5,1
264,843,249,838,267,839,7,5,0
159,879,167,872,174,885,10,8,2
220,888,217,900,208,897,25,22,14
202,884,208,883,208,897,51,26,19
201,913,198,925,189,923,10,8,3
198,925,187,932,189,923,34,29,21
205,914,198,925,201,913,11,10,3
167,896,157,905,156,899,8,7,4
167,896,159,879,174,885,5,5,1
159,879,167,896,156,899,4,5,2
181,920,187,932,150,919,24,21,12
181,920,181,911,189,923,16,13,7
187,932,181,920,189,923,34,30,20
184,881,181,888,174,885,46,23,13
253,903,264,914,255,913,23,21,14
264,914,253,903,274,907,38,27,18
253,903,273,896,274,907,21,18,10
253,903,250,901,271,893,19,18,11
273,896,253,903,271,893,20,18,10
253,903,255,913,245,904,24,24,19
250,901,253,903,245,904,14,14,10
277,891,281,889,278,892,67,35,24
277,891,273,896,271,893,50,30,19
273,896,277,891,278,892,54,33,20
269,873,277,891,271,893,47,25,16
281,889,277,891,269,873,44,24,15
276,898,278,892,288,890,74,32,20
277,905,276,898,288,890,77,31,19
276,898,273,896,278,892,50,31,17
273,896,276,898,274,907,47,22,10
276,898,277,905,274,907,55,21,10
277,906,282,912,274,907,82,38,30
277,905,277,906,274,907,67,24,14
277,906,277,905,282,912,81,35,27
304,711,299,706,305,707,40,11,3
300,703,299,706,296,699,22,10,4
296,698,300,703,296,699,10,9,3
253,717,248,718,251,715,43,27,19
248,718,253,717,257,719,33,21,13
254,708,253,717,251,715,17,10,5
257,719,253,717,254,708,10,8,3
271,751,266,744,272,745,31,14,5
254,747,259,748,257,750,60,31,21
259,748,271,751,257,750,60,29,19
271,751,259,748,266,744,49,23,14
266,744,259,748,260,737,37,16,8
259,748,254,747,260,737,49,21,13
250,763,251,768,245,761,19,11,5
255,752,250,763,245,761,43,29,17
275,787,281,781,278,789,24,6,2
281,781,275,787,271,777,27,10,4
281,775,281,781,271,777,39,20,11
281,781,281,775,283,778,58,42,28
281,775,281,766,283,769,45,36,23
281,766,281,775,280,765,42,32,18
281,766,285,757,283,769,18,13,5
289,755,305,746,300,770,11,5,1
294,773,289,755,300,770,16,9,3
285,757,289,755,294,773,21,13,6
326,771,328,778,323,779,8,3,0
328,778,342,787,327,796,9,4,2
323,779,328,778,327,796,25,8,4
328,778,350,768,342,787,3,3,1
328,778,326,771,350,768,3,4,0
448,796,460,793,465,808,5,6,4
499,812,482,839,475,820,7,6,3
482,839,499,812,495,841,6,6,4
495,841,499,812,515,833,6,6,5
499,812,521,822,515,833,6,6,5
521,822,499,812,521,813,6,7,6
499,812,514,806,521,813,6,7,4
514,806,507,791,520,799,28,12,8
499,812,507,791,514,806,13,10,5
507,791,499,812,500,789,14,10,5
455,831,458,825,466,829,76,12,4
458,825,463,823,466,829,82,11,3
463,823,458,825,458,821,72,6,0
400,776,397,774,409,771,3,4,2
397,774,395,770,409,771,4,4,2
395,770,383,775,379,772,14,8,5
383,775,379,780,379,772,73,30,27
379,780,383,775,382,784,73,25,20
383,775,394,781,382,784,52,25,18
403,788,398,783,405,785,17,7,3
398,783,403,788,397,798,57,19,10
403,788,402,797,397,798,75,24,13
402,797,403,788,405,790,69,26,16
347,748,346,752,343,750,76,30,17
347,761,346,752,349,760,59,17,10
346,752,347,761,343,750,47,13,7
346,752,359,758,349,760,64,21,13
346,752,347,748,359,758,49,19,11
347,748,343,735,361,743,7,5,2
343,735,347,748,339,749,31,13,6
333,743,343,735,339,749,47,17,9
343,735,333,743,333,739,28,12,7
344,720,347,717,344,729,4,4,2
340,725,344,720,344,729,5,5,3
304,779,294,773,300,770,24,14,5
304,779,295,788,294,773,26,18,9
326,771,304,779,300,770,25,9,3
304,779,326,771,323,779,26,8,3
295,788,287,776,294,773,39,28,19
294,773,287,776,283,769,45,34,22
287,776,281,775,283,769,57,46,31
281,775,287,776,283,778,69,54,39
292,832,286,830,291,823,4,4,0
281,825,286,830,284,834,21,8,3
286,830,290,835,284,834,21,7,3
286,830,292,832,290,835,14,5,2
291,823,287,822,286,818,3,3,0
286,818,287,822,280,819,5,3,1
287,822,281,825,280,819,5,4,1
286,830,287,822,291,823,2,4,0
287,822,286,830,281,825,9,5,0
266,521,265,520,272,515,70,13,17
265,520,261,508,272,515,67,18,21
265,520,266,521,261,523,10,2,1
253,517,265,520,261,523,6,2,1
261,508,265,520,253,517,22,4,4
272,507,261,508,263,501,66,29,29
272,507,263,501,277,502,39,14,13
261,508,272,507,272,515,77,23,27
332,461,326,463,324,455,172,168,163
326,463,323,462,324,455,168,165,159
326,463,332,461,327,471,168,165,159
323,462,326,463,327,471,163,160,154
305,464,323,462,304,468,162,159,153
323,462,305,464,316,454,166,163,157
305,464,309,450,316,454,166,162,157
305,464,304,468,299,467,141,137,130
292,453,305,464,299,467,134,129,122
294,451,305,464,292,453,140,134,127
305,464,294,451,300,447,146,140,134
309,450,305,464,300,447,154,148,143
353,438,349,435,359,424,172,168,162
334,456,335,453,341,458,176,173,167
335,450,335,453,324,455,174,171,165
335,453,334,456,324,455,173,169,164
329,440,320,437,329,433,169,163,158
332,411,323,407,335,406,152,148,143
332,411,332,413,323,407,157,153,148
322,429,325,425,327,427,169,166,160
349,435,339,420,356,422,170,167,161
327,427,339,420,329,433,172,168,162
339,420,349,435,329,433,170,166,161
322,429,318,430,317,428,170,165,160
318,430,322,429,320,437,173,168,163
318,430,312,435,317,428,159,153,148
312,435,318,430,320,437,170,164,159
284,465,282,469,277,466,78,73,64
282,469,284,465,285,472,79,76,67
274,477,267,460,277,466,62,46,42
274,477,284,485,279,488,65,49,47
284,485,282,474,287,480,85,79,72
282,474,284,485,274,477,73,60,56
250,471,250,478,236,481,68,33,33
250,471,236,481,227,467,47,23,23
267,460,250,471,251,463,13,2,2
233,457,250,471,227,467,49,25,25
250,478,250,471,274,477,29,15,13
250,471,267,460,274,477,30,16,15
247,483,247,491,236,481,15,1,0
250,478,247,483,236,481,43,15,14
247,491,247,483,255,490,91,41,40
247,483,250,478,255,490,108,53,52
250,478,260,487,255,490,91,43,44
260,487,250,478,270,484,52,24,23
260,487,270,484,271,490,16,3,2
263,501,260,487,271,490,31,9,9
255,490,260,487,255,498,107,57,60
260,487,263,501,255,498,86,42,44
301,426,291,412,300,412,162,156,148
133,473,146,503,129,494,14,3,2
146,503,133,473,157,501,12,3,2
146,503,151,512,143,510,12,3,2
151,512,146,503,157,501,18,5,3
171,409,170,415,169,413,81,50,41
164,388,138,376,157,370,41,19,10
161,361,157,370,153,354,43,26,18
214,489,208,492,209,483,9,8,5
208,492,214,489,212,495,11,12,7
214,489,218,496,212,495,12,13,8
212,479,214,489,209,483,7,6,3
214,489,212,479,228,481,3,2,1
230,484,214,489,228,481,2,2,1
218,496,214,489,230,484,3,3,1
211,500,208,492,212,495,18,17,12
218,499,211,500,212,495,19,18,14
211,500,218,505,212,506,28,28,23
211,500,218,499,218,505,29,28,24
186,477,184,472,189,478,34,11,8
188,485,186,477,189,478,23,5,1
184,472,186,477,157,501,2,2,1
186,477,188,485,157,501,2,2,1
368,463,367,459,375,455,173,169,166
360,460,367,459,368,463,168,164,159
341,465,332,461,341,458,174,171,165
336,475,352,485,351,486,169,166,160
336,475,351,469,352,485,171,167,162
332,461,336,475,327,471,165,161,156
341,465,336,475,332,461,164,160,155
330,491,331,493,328,496,155,151,145
319,484,330,491,328,496,143,139,134
330,491,319,484,330,490,147,143,138
376,741,388,736,395,748,2,3,1
305,705,319,712,305,707,50,13,4
299,706,305,705,305,707,22,7,2
300,703,305,705,299,706,15,6,2
313,697,315,695,325,700,58,12,4
319,712,313,697,325,700,42,11,5
305,705,313,697,319,712,45,11,4
313,697,305,705,300,703,18,5,2
313,697,301,687,316,693,6,4,0
315,695,313,697,316,693,25,7,0
313,697,296,698,301,687,4,4,0
313,697,300,703,296,698,13,5,2
315,724,316,733,309,731,50,14,6
311,721,315,724,309,731,50,15,6
315,724,340,725,316,733,21,9,5
386,715,384,722,385,715,9,4,1
383,707,386,715,385,715,66,15,5
392,711,386,715,383,707,74,19,9
334,566,323,567,325,559,20,4,5
355,684,358,692,346,693,22,5,3
369,690,358,692,364,686,76,31,20
358,692,345,696,346,693,3,4,2
345,696,358,692,345,702,3,3,1
358,692,368,710,345,702,10,4,2
358,692,369,690,368,710,28,8,6
360,678,355,684,349,676,69,25,13
360,678,349,676,348,673,55,20,11
360,678,370,661,372,665,13,5,3
348,663,360,678,348,673,60,17,6
360,678,348,663,370,661,40,11,5
369,690,379,682,377,698,28,13,7
379,682,388,672,402,683,4,4,2
379,682,378,699,377,698,15,7,4
390,705,379,682,402,683,11,8,5
379,682,390,705,378,699,19,12,7
428,773,422,755,427,754,4,4,2
428,773,432,787,426,786,3,4,2
422,755,428,773,409,771,4,4,2
410,782,428,773,426,786,3,4,1
428,773,410,782,409,771,3,4,2
445,630,441,625,456,627,10,10,7
460,621,473,624,456,627,19,11,9
445,630,439,636,441,625,12,13,10
439,636,438,647,437,640,6,7,6
391,662,382,659,383,653,4,6,4
382,659,388,672,372,665,4,5,4
370,661,370,660,372,665,8,2,1
370,660,382,659,372,665,6,5,4
372,649,367,656,364,652,66,13,6
382,659,372,649,383,653,44,11,5
370,660,372,649,382,659,47,11,5
420,588,423,577,427,583,37,8,10
400,579,402,588,390,592,20,1,3
402,588,408,594,390,592,8,1,1
453,656,464,662,452,665,6,6,4
495,608,478,614,485,604,11,12,9
459,642,445,630,456,627,8,9,6
459,642,439,636,445,630,8,9,6
356,527,343,525,351,519,103,102,95
229,605,240,604,228,614,3,3,1
240,604,229,605,234,599,2,3,2
229,605,228,600,234,599,3,2,1
229,605,228,614,220,612,28,6,3
215,606,229,605,220,612,21,5,2
229,605,215,606,228,600,21,5,1
236,631,228,620,250,622,6,4,2
244,644,236,631,250,622,4,3,1
236,631,244,644,233,643,5,3,1
224,639,236,631,233,643,27,6,3
236,631,224,639,228,620,22,6,3
250,608,263,603,256,611,14,7,4
254,596,263,603,250,608,9,6,3
263,603,258,616,256,611,4,3,0
286,604,263,603,279,585,4,5,2
287,613,263,603,286,604,4,4,2
263,603,256,589,279,585,4,4,2
263,603,254,596,256,589,3,4,2
263,603,259,618,258,616,3,2,0
259,618,263,603,287,613,3,4,2
248,594,243,601,240,596,38,12,8
248,594,254,596,243,601,28,11,7
254,596,248,594,256,589,6,6,2
271,659,275,654,275,660,43,16,6
268,653,275,654,271,659,44,15,6
275,654,280,662,275,660,13,6,2
280,662,275,654,283,652,8,5,2
314,619,321,612,324,617,45,20,11
314,619,309,615,321,612,58,20,10
309,615,314,619,305,626,22,5,1
351,631,338,608,348,609,4,4,2
351,631,331,634,338,608,4,4,2
357,621,351,631,348,609,5,5,3
336,667,336,666,337,668,20,4,1
337,670,336,667,337,668,11,4,1
336,667,337,670,325,669,4,3,1
373,588,372,611,354,589,3,2,1
379,579,373,588,372,578,16,1,3
372,611,373,588,390,592,9,6,5
287,613,300,610,293,627,4,5,2
299,609,300,610,287,613,3,5,2
300,610,305,626,293,627,4,5,2
300,610,309,615,305,626,7,4,1
309,615,300,610,304,607,17,4,1
300,610,299,609,304,607,5,4,0
222,556,188,558,221,548,7,3,2
222,556,221,548,230,553,34,13,7
228,560,222,556,230,553,47,13,7
222,556,230,577,219,585,32,6,4
230,577,222,556,228,560,37,7,4
221,548,223,543,230,553,23,10,7
223,543,227,535,230,553,13,7,5
238,526,253,517,257,531,2,2,1
253,517,238,526,233,523,2,3,1
249,561,246,553,248,552,53,13,6
267,574,262,557,264,554,3,4,1
256,562,262,557,267,574,5,5,2
194,432,180,452,170,442,30,14,10
172,428,194,432,170,442,30,15,11
158,336,150,346,152,332,30,21,15
146,353,150,346,153,354,62,29,24
112,443,115,441,116,446,10,1,2
115,441,118,440,116,446,25,2,0
127,436,124,435,119,422,32,3,1
124,435,127,436,128,439,21,6,6
118,440,124,435,128,439,35,6,4
99,405,106,418,88,444,3,2,1
129,498,121,505,129,494,22,3,3
129,498,128,508,121,505,21,3,3
146,503,129,498,129,494,10,2,1
128,508,129,498,143,510,7,2,1
129,498,146,503,143,510,7,2,1
205,514,209,518,200,525,19,8,6
209,518,205,514,210,515,18,10,8
221,513,209,518,210,515,10,8,4
171,731,190,719,187,740,8,2,1
190,719,193,737,187,740,12,3,0
127,659,167,666,126,709,1,1,1
188,558,204,536,214,539,3,2,2
204,536,209,518,214,539,18,9,6
209,518,204,536,200,525,16,6,4
178,581,191,575,193,578,12,3,1
191,575,222,556,193,578,6,2,2
177,532,198,516,200,525,2,2,1
198,516,177,532,168,519,2,2,1
204,536,177,532,200,525,2,2,1
116,587,170,550,166,583,3,3,2
170,550,116,587,153,527,3,2,1
297,405,290,398,304,396,153,148,138
291,412,297,405,300,412,158,153,143
297,405,291,412,290,398,155,150,140
311,379,304,375,313,365,77,71,64
304,375,297,370,313,365,74,68,61
313,423,313,424,301,426,166,160,155
297,363,294,371,285,359,75,69,60
294,371,297,363,297,370,76,72,62
276,402,269,393,280,399,116,109,98
259,193,240,195,240,190,93,78,55
258,180,259,193,240,190,86,72,52
259,193,258,180,264,184,120,89,67
259,193,266,199,258,200,149,96,76
266,199,259,193,272,194,139,96,75
259,193,271,187,272,194,135,94,71
259,193,264,184,271,187,134,92,69
240,195,236,197,233,192,80,66,46
236,197,240,195,237,198,87,72,52
236,197,237,198,231,207,92,77,58
236,197,219,201,233,192,59,48,35
219,201,236,197,231,207,61,51,36
253,209,239,212,244,204,107,87,63
239,212,253,209,253,215,103,84,59
253,209,258,200,261,216,134,95,67
253,215,253,209,261,216,131,88,62
202,221,200,220,208,202,41,35,22
202,221,197,227,200,220,83,33,16
197,227,183,229,194,216,74,35,18
183,229,197,227,187,236,56,41,25
214,176,219,168,220,171,38,32,21
214,176,200,170,219,168,28,24,12
223,172,214,176,220,171,41,34,23
214,176,223,172,218,188,34,28,18
220,215,222,222,205,224,52,39,25
202,221,220,215,205,224,50,34,20
220,215,202,221,208,202,40,33,21
211,232,222,222,225,233,86,49,31
216,240,211,232,225,233,69,42,25
222,222,211,232,205,224,81,40,23
220,215,230,217,222,222,68,57,40
219,189,234,185,233,192,58,48,34
234,185,219,189,218,188,54,46,32
219,201,219,189,233,192,56,46,33
218,188,219,189,208,202,40,34,23
219,189,219,201,208,202,41,35,23
180,196,171,194,178,180,42,36,24
171,194,164,185,178,180,50,42,29
153,182,152,177,164,185,29,26,15
92,194,94,219,89,224,3,3,1
152,177,145,178,150,175,23,19,12
150,175,145,178,139,165,44,24,15
145,178,135,176,139,165,59,26,17
151,324,156,311,161,321,20,17,12
119,318,112,323,111,322,27,23,16
112,323,112,329,111,322,12,7,5
146,353,143,341,150,346,46,17,13
152,332,143,341,144,333,62,31,23
150,346,143,341,152,332,60,29,23
109,320,102,337,96,335,5,3,1
112,329,102,337,109,320,6,4,2
200,586,195,581,219,585,4,3,1
195,581,222,556,219,585,7,2,2
222,556,195,581,193,578,6,2,2
210,598,206,595,219,585,5,3,1
206,595,200,586,219,585,5,3,0
206,595,210,598,202,604,6,3,1
228,597,210,598,219,585,16,4,2
228,597,215,606,210,598,17,4,1
215,606,228,597,228,600,22,5,2
228,600,228,597,234,599,3,2,2
226,695,235,701,224,705,47,35,24
235,701,226,695,226,691,36,24,15
226,709,236,703,229,712,48,34,24
235,701,236,703,226,709,54,39,28
229,712,236,703,239,718,44,29,18
236,703,248,716,239,718,48,29,19
248,716,236,703,250,702,44,26,17
236,703,235,701,250,702,33,19,11
256,642,266,652,265,656,23,8,6
266,652,256,642,266,645,28,10,6
266,652,268,653,265,656,42,9,4
268,653,266,652,266,645,60,22,15
250,668,256,672,248,669,18,5,3
256,672,250,668,265,665,6,4,1
615,470,605,464,621,461,27,24,18
605,464,615,470,605,473,23,25,20
643,476,636,459,647,471,249,149,140
643,476,629,465,636,459,187,120,109
629,465,643,476,623,475,167,103,92
576,543,576,532,589,540,62,49,38
700,489,699,494,687,488,39,40,35
695,481,700,489,687,488,65,66,60
700,489,698,475,714,483,3,3,2
700,489,695,481,698,475,23,24,21
695,481,686,478,686,474,126,127,117
686,478,681,480,686,474,158,159,151
686,478,695,481,687,488,105,107,99
681,480,686,478,687,488,141,143,135
636,459,641,458,647,471,249,153,144
652,454,650,433,667,446,162,30,42
650,433,652,454,645,450,247,112,112
651,460,652,454,655,462,207,22,42
651,474,643,476,647,471,206,61,71
649,485,651,474,653,484,67,4,7
638,451,635,441,645,450,178,113,103
638,451,641,458,636,459,228,157,145
657,479,661,483,653,484,98,89,85
661,483,657,479,662,477,145,141,136
651,474,657,479,653,484,51,26,23
657,479,651,474,662,477,91,72,69
656,512,645,508,649,503,16,3,0
656,512,667,497,662,517,18,2,2
656,512,649,503,667,497,19,3,2
646,525,656,512,662,517,12,2,1
643,510,656,512,646,525,11,3,1
645,508,656,512,643,510,14,2,0
672,627,664,624,671,621,35,15,9
680,623,672,627,671,621,3,3,0
675,636,672,627,680,623,2,3,0
672,627,675,636,672,634,2,3,0
615,600,621,605,613,612,46,24,18
621,605,623,625,613,612,15,16,13
621,605,631,609,623,625,11,11,11
616,582,624,585,615,583,39,39,35
638,580,624,585,624,577,42,34,29
624,585,638,580,633,591,58,32,24
615,583,610,595,603,593,48,43,37
610,595,601,598,603,593,103,62,50
610,595,615,600,601,598,143,63,46
602,551,615,554,601,556,25,26,21
647,606,641,609,642,601,19,14,11
651,590,668,588,652,594,45,19,10
651,591,651,590,652,594,56,21,13
651,587,651,590,645,584,77,27,11
651,590,651,591,645,584,76,27,11
642,613,642,618,639,620,10,11,8
641,609,642,613,632,610,6,8,6
642,613,639,620,632,610,9,10,8
642,618,642,613,644,616,14,13,10
642,613,647,606,644,616,21,15,13
647,606,642,613,641,609,21,16,13
641,401,638,405,632,398,107,62,55
635,441,638,428,650,433,158,89,83
707,415,706,420,703,408,70,69,64
706,420,707,415,711,418,18,18,15
707,406,707,415,703,408,75,74,68
711,418,707,415,707,406,15,15,12
708,429,705,423,711,419,20,20,16
704,437,708,429,707,447,20,19,17
708,429,711,419,726,409,3,3,1
707,447,708,429,726,409,3,4,2
630,210,617,213,618,209,21,21,18
618,217,617,213,630,210,24,25,22
617,213,605,208,618,209,23,25,23
605,208,617,213,604,211,22,23,22
617,213,608,220,604,211,21,22,21
617,213,612,221,608,220,22,23,22
612,221,617,213,618,217,21,21,20
643,197,630,210,636,188,53,22,13
643,197,643,203,630,210,54,23,15
643,197,636,188,639,187,75,26,16
640,226,646,222,645,229,91,36,21
646,222,658,230,645,229,28,21,18
646,222,660,216,658,230,21,18,15
667,242,663,241,667,240,9,9,4
663,241,659,236,667,240,10,10,7
659,236,663,241,655,250,20,21,17
655,250,663,241,668,254,21,23,18
663,241,667,242,668,254,22,24,18
669,200,660,204,661,195,42,26,20
664,207,660,204,669,200,44,28,21
664,211,660,204,664,207,70,39,34
669,217,664,211,672,213,46,27,20
664,211,664,207,672,213,36,23,17
669,402,663,392,682,387,100,5,9
659,352,657,355,647,351,11,10,8
661,340,659,352,647,351,21,20,17
659,352,661,340,672,353,31,6,6
658,377,678,369,682,387,97,3,6
663,392,658,377,682,387,107,2,6
658,377,663,392,658,386,157,4,15
658,377,669,365,678,369,90,3,6
669,365,658,377,663,366,100,5,10
658,377,646,361,663,366,40,15,15
658,377,643,373,646,361,24,17,15
367,178,379,185,379,186,18,17,11
376,177,379,185,367,178,18,17,11
379,185,376,177,378,176,19,18,13
387,180,379,185,378,176,19,17,13
379,185,382,190,379,186,23,21,19
355,182,360,179,355,187,28,26,20
334,174,355,182,334,183,27,22,15
355,182,335,188,334,183,28,25,17
342,194,355,182,355,187,25,23,16
335,188,355,182,342,194,27,24,17
466,407,472,411,465,413,230,120,112
461,403,466,407,459,404,237,124,123
466,407,462,412,459,404,165,74,77
466,407,461,403,471,394,235,70,79
472,411,466,407,471,394,230,64,71
462,412,457,409,459,404,105,37,41
457,409,448,399,459,404,95,35,35
457,409,444,421,439,405,54,4,7
448,399,457,409,439,405,57,14,14
478,392,472,411,471,394,181,24,30
477,384,478,392,471,394,93,5,6
481,387,478,392,477,384,65,5,5
472,411,487,406,482,418,200,46,52
487,406,493,425,482,418,153,20,26
493,425,487,406,497,405,109,6,10
478,392,487,406,472,411,136,13,17
466,441,463,436,480,438,62,7,12
466,441,480,438,471,451,67,22,25
462,444,466,441,471,451,81,74,69
463,436,464,420,484,426,75,18,19
484,426,464,420,482,418,109,41,40
464,420,463,436,458,432,63,8,12
464,420,472,411,482,418,170,65,65
472,411,464,420,465,413,104,43,40
454,428,464,420,458,432,68,8,13
303,318,298,320,304,312,165,6,10
298,320,303,318,304,322,113,2,6
317,306,303,318,304,312,137,2,3
304,322,303,318,317,306,137,2,3
287,317,286,316,291,307,177,13,14
286,316,279,314,291,307,170,12,15
265,336,280,325,285,328,28,1,0
226,308,219,312,225,304,75,6,7
233,302,226,308,225,304,101,17,17
226,308,233,302,225,318,82,9,9
219,319,225,318,217,325,65,3,4
211,314,219,319,217,325,25,0,0
219,312,219,319,211,314,25,0,0
286,297,269,307,247,286,212,19,21
269,307,286,297,279,314,191,15,17
207,299,225,294,225,304,31,2,0
252,271,289,279,247,286,208,10,14
301,268,310,266,302,269,20,18,12
310,266,301,268,302,254,18,16,10
286,297,292,285,298,294,178,2,5
289,279,292,285,286,297,187,3,6
292,285,301,280,298,294,140,1,2
292,285,289,279,301,280,131,1,1
291,240,292,232,306,236,33,29,21
292,232,306,218,306,236,45,40,28
306,218,292,232,287,224,46,40,27
255,238,259,231,271,235,86,33,31
259,220,259,231,253,218,88,41,28
245,236,240,239,240,229,102,76,57
245,236,259,231,255,238,96,49,40
253,218,245,236,240,229,91,70,50
259,231,245,236,253,218,91,56,40
252,248,270,246,248,258,76,11,10
252,248,255,238,270,246,71,20,19
252,248,245,236,255,238,83,26,25
240,239,227,251,221,243,64,43,30
231,253,227,251,240,239,64,41,30
227,251,231,253,221,256,71,55,44
220,255,227,251,221,256,66,51,39
217,335,207,327,217,325,20,1,0
218,335,217,335,217,325,40,0,0
210,356,216,342,224,358,36,0,2
216,342,210,356,210,341,23,0,1
216,342,217,335,218,335,41,0,0
223,360,210,356,224,358,32,0,2
198,352,199,355,193,350,4,2,0
198,351,198,352,193,350,5,2,0
198,352,198,351,199,355,4,2,0
362,393,362,396,348,387,101,98,92
350,408,362,396,362,401,134,131,125
341,400,362,396,350,408,135,132,126
362,396,341,400,348,387,108,105,99
346,375,357,381,348,387,61,57,50
357,381,362,393,348,387,88,84,78
362,393,357,381,363,384,86,81,76
337,325,354,354,337,352,29,1,1
364,347,354,354,337,325,30,1,1
339,383,346,375,348,387,71,67,61
335,390,339,388,341,391,106,103,95
339,388,335,390,337,385,93,89,83
339,383,339,388,337,385,87,84,78
341,391,339,388,348,387,99,96,88
339,388,339,383,348,387,83,80,73
342,369,346,375,336,374,24,16,14
335,373,342,369,336,374,26,19,17
342,369,335,373,337,352,19,4,3
354,354,342,369,337,352,20,1,1
366,395,362,396,362,393,116,112,107
362,396,366,395,362,401,127,125,119
396,404,388,403,396,389,58,51,46
384,392,378,390,388,388,33,26,22
384,392,388,403,383,397,80,77,72
384,392,388,388,396,389,18,5,3
388,403,384,392,396,389,61,54,50
378,390,381,394,376,398,98,94,89
381,394,383,397,376,398,101,97,92
384,392,381,394,378,390,61,57,51
381,394,384,392,383,397,86,83,77
434,401,431,395,443,396,29,2,2
395,319,405,317,409,326,32,18,14
405,317,410,312,409,326,24,23,18
417,313,410,312,409,309,52,53,48
417,313,421,303,422,305,46,47,42
421,303,417,313,409,309,40,41,37
410,312,417,313,409,326,33,33,27
427,335,434,344,430,342,22,11,11
420,341,427,335,430,342,38,13,8
385,367,388,372,371,380,22,1,2
388,372,385,367,390,362,15,1,1
388,372,398,368,396,389,25,3,3
434,344,445,330,450,338,34,35,31
452,327,445,330,445,328,60,61,55
450,338,445,330,452,327,56,57,51
427,335,445,330,434,344,30,27,24
445,328,445,330,441,325,81,81,77
445,330,427,335,441,325,45,45,41
448,352,434,344,450,338,34,26,22
448,352,469,349,459,360,70,39,28
448,352,450,338,463,337,72,73,68
405,152,409,146,407,153,34,19,12
400,141,405,152,399,151,63,22,14
409,146,405,152,400,141,44,19,13
403,156,407,153,412,162,94,33,13
403,156,405,152,407,153,100,33,12
405,152,403,156,399,151,115,39,18
403,156,395,155,399,151,101,39,19
395,155,403,156,397,161,71,37,24
572,116,567,111,570,106,10,10,8
554,110,550,109,549,108,7,7,5
550,109,554,110,552,118,14,14,12
550,109,534,112,549,108,8,8,6
550,109,552,118,534,112,13,13,10
592,94,594,107,586,93,9,7,4
594,107,592,94,596,95,14,8,2
594,107,596,95,610,103,43,18,10
612,112,594,107,610,103,33,15,8
594,107,612,112,601,123,22,11,6
526,202,509,197,530,194,25,25,23
509,197,508,192,530,194,23,24,21
508,192,497,190,500,181,23,23,23
482,200,497,190,488,207,22,22,20
506,167,496,167,497,165,20,21,19
506,167,508,171,496,167,14,14,13
510,160,506,167,497,165,22,23,19
508,171,506,167,510,160,20,21,17
473,206,477,204,483,223,28,28,24
471,208,473,206,483,223,27,28,24
464,205,465,210,463,212,38,38,36
471,208,465,210,464,205,26,27,24
465,210,464,213,463,212,55,55,53
464,213,465,210,468,218,36,37,34
465,210,471,208,468,218,29,30,27
473,164,467,161,470,157,76,28,15
464,158,463,153,470,157,11,10,4
467,161,464,158,470,157,25,12,5
464,158,456,155,463,153,18,17,10
456,155,464,158,455,156,16,15,9
490,186,491,177,500,181,25,26,24
491,177,491,175,500,181,22,22,21
491,175,487,166,496,167,15,16,14
496,167,487,166,497,165,19,20,17
497,165,487,166,489,143,63,27,18
463,106,462,111,459,109,15,13,9
463,106,467,105,462,111,18,17,12
471,85,469,94,463,86,16,16,12
469,94,460,90,463,86,16,15,12
467,105,469,94,483,103,11,10,8
432,127,435,123,437,128,7,8,5
432,127,437,128,433,135,8,8,6
423,124,432,127,429,129,11,10,6
432,127,430,134,429,129,12,11,7
432,127,433,135,430,134,14,13,10
435,123,432,127,434,119,12,13,9
432,127,423,124,434,119,13,12,8
480,146,476,150,477,147,7,9,5
476,150,473,152,477,147,8,11,7
449,91,447,96,445,93,19,19,15
447,96,447,97,445,93,17,17,12
447,96,449,91,449,100,17,17,12
447,97,447,96,449,100,14,13,9
449,91,439,82,453,84,9,10,5
438,88,439,82,449,91,10,10,6
439,82,446,75,453,84,12,12,8
446,75,439,82,437,80,14,13,9
439,82,436,87,437,80,16,15,11
439,82,438,88,436,87,15,14,10
431,72,451,65,446,75,9,9,5
451,58,451,65,431,72,11,10,6
451,65,451,58,458,63,11,11,7
493,65,501,58,503,66,26,11,5
503,66,501,58,513,56,8,8,5
501,58,510,52,513,56,8,8,5
501,58,490,54,499,37,11,9,5
510,52,501,58,499,37,9,9,5
469,26,476,22,480,41,33,18,10
469,26,474,43,464,33,49,16,8
474,43,469,26,480,41,30,14,7
468,23,469,26,464,33,28,14,6
476,22,469,26,468,23,50,29,17
459,62,468,69,458,63,8,8,6
468,69,459,62,469,60,10,9,7
461,56,469,45,469,60,16,11,6
459,62,461,56,469,60,13,13,9
501,58,489,59,490,54,15,9,3
489,59,501,58,493,65,47,16,7
490,54,489,59,478,50,73,21,10
489,59,471,61,478,50,58,19,9
481,44,476,46,480,41,32,14,7
476,46,474,43,480,41,47,18,9
476,46,481,44,478,50,71,20,9
469,45,476,46,478,50,80,23,13
474,43,476,46,469,45,95,28,16
456,35,453,36,451,27,67,21,9
458,34,456,35,451,27,80,23,12
515,89,520,93,509,103,87,27,12
520,93,515,89,526,90,22,9,5
504,100,495,102,504,88,14,12,10
515,89,504,100,504,88,74,26,13
504,100,515,89,509,103,64,24,13
489,107,489,108,483,103,17,15,13
489,107,495,102,489,108,12,11,8
489,107,483,103,487,95,16,14,12
495,102,489,107,487,95,14,12,10
537,105,534,112,528,104,13,6,4
534,112,537,105,549,108,8,8,6
537,105,544,103,549,108,8,8,5
533,97,537,105,528,104,12,13,7
535,96,539,92,539,98,10,11,7
539,92,552,87,554,89,7,7,5
552,87,539,92,536,77,9,9,5
544,103,539,92,554,89,9,9,7
539,92,544,103,539,98,11,11,8
497,79,497,81,489,74,26,11,5
498,75,497,79,489,74,37,13,4
535,62,531,63,532,53,7,8,5
531,65,531,63,535,62,5,6,3
531,63,518,55,532,53,6,8,5
531,63,531,65,518,55,6,8,5
477,71,469,76,471,70,14,13,8
469,76,477,71,479,83,13,12,8
471,61,477,71,471,70,12,13,7
489,59,477,71,471,61,31,15,8
575,133,558,130,562,120,11,10,7
524,144,519,137,532,133,115,36,18
523,124,519,137,517,134,22,11,8
532,133,519,137,523,124,70,20,9
512,149,519,137,524,144,110,39,21
512,149,504,151,502,139,99,30,16
512,149,502,139,517,134,82,28,16
519,137,512,149,517,134,95,35,20
555,128,542,131,552,118,16,16,12
540,140,542,131,546,142,120,33,15
331,287,327,281,332,286,14,15,6
331,287,337,300,315,300,52,2,2
310,291,331,287,315,300,64,1,1
331,287,310,291,327,281,43,6,4
342,290,331,287,332,286,17,12,7
331,287,342,290,337,300,34,5,4
375,301,370,302,366,299,33,23,13
379,308,370,302,375,301,19,17,13
370,302,379,308,370,340,39,5,4
337,325,370,302,370,340,43,1,2
358,297,370,302,337,325,43,4,3
370,302,358,297,366,299,70,27,15
364,289,360,296,355,292,38,16,10
360,296,358,297,355,292,22,13,8
360,296,364,289,366,299,83,27,15
358,297,360,296,366,299,83,28,12
344,272,344,267,355,268,20,19,16
347,278,344,272,355,268,23,21,18
342,274,344,284,338,275,17,15,11
342,274,347,278,344,284,18,16,12
342,274,344,272,347,278,17,15,11
342,274,338,275,336,265,26,25,20
344,267,342,274,336,265,28,27,22
344,272,342,274,344,267,32,30,27
347,278,349,283,344,284,18,16,12
344,284,349,283,348,293,29,25,21
349,283,353,288,348,293,22,19,14
349,283,347,278,355,280,30,28,24
353,288,349,283,355,280,32,31,26
309,215,308,208,312,217,50,42,31
306,218,309,215,312,217,51,43,31
309,215,304,210,308,208,46,35,22
304,210,309,215,306,218,44,34,21
308,208,303,204,303,203,85,70,49
304,210,303,204,308,208,79,65,46
287,224,287,221,295,213,74,63,45
287,221,285,211,295,213,85,72,53
283,225,287,221,287,224,72,62,47
285,211,290,206,295,213,86,71,50
292,198,290,206,285,202,95,81,57
298,200,290,206,292,198,70,56,35
290,206,282,205,285,202,73,59,38
282,205,290,206,285,211,63,48,29
328,270,321,259,328,255,30,27,21
317,262,321,259,328,270,26,23,17
310,251,317,257,313,263,21,18,12
317,257,310,251,313,250,16,13,7
317,257,317,262,313,263,27,24,19
317,257,321,259,317,262,27,23,18
328,255,317,257,313,250,26,23,17
321,259,317,257,328,255,32,28,23
310,266,313,264,316,267,40,37,31
313,264,310,266,313,263,33,30,25
313,264,317,262,316,267,41,37,32
317,262,313,264,313,263,36,33,27
385,138,392,133,400,141,72,33,17
386,147,385,138,400,141,88,38,20
386,154,372,169,371,148,16,14,10
377,170,372,169,386,154,17,15,11
372,169,357,164,371,148,17,16,10
372,169,367,178,357,164,21,19,14
372,169,376,177,367,178,20,19,13
372,169,377,170,376,177,17,16,10
397,161,401,166,393,165,20,15,13
401,166,400,168,393,165,12,9,7
403,156,401,166,397,161,58,32,23
401,166,412,163,410,173,66,31,17
400,168,401,166,410,173,44,26,16
412,163,401,166,412,162,93,38,20
401,166,403,156,412,162,98,38,18
387,181,386,191,382,190,21,19,16
387,181,379,185,387,180,20,18,14
379,185,387,181,382,190,21,19,16
386,191,387,181,391,189,19,17,13
391,189,387,181,399,172,21,20,15
387,181,387,180,399,172,20,18,14
343,120,330,125,333,115,16,14,9
351,122,343,120,353,114,20,19,13
343,120,333,115,339,101,17,14,9
343,120,353,106,353,114,29,21,13
353,106,343,120,339,101,35,22,12
354,137,362,144,350,146,16,15,8
348,140,354,137,350,146,20,18,12
369,128,356,132,362,118,34,21,12
376,116,369,128,362,118,83,34,18
373,130,369,128,376,116,96,38,20
370,129,369,128,373,130,49,34,31
374,285,367,276,379,279,88,41,24
367,276,374,285,364,289,82,37,19
383,281,374,285,379,279,51,30,22
381,294,374,285,383,281,40,30,25
374,285,381,294,375,301,31,27,23
364,289,374,285,366,299,84,36,20
374,285,375,301,366,299,72,35,20
341,261,344,267,336,265,35,34,28
340,260,341,261,336,265,34,33,27
341,261,343,258,344,267,35,33,28
341,261,340,260,343,258,34,32,26
401,257,412,259,407,266,24,24,22
407,266,412,259,421,272,32,33,30
405,252,399,244,407,240,45,40,36
405,252,401,257,399,244,30,27,25
405,252,412,259,401,257,16,16,14
337,216,343,210,345,215,29,25,20
343,210,335,207,343,202,19,17,10
350,209,343,210,343,202,27,25,20
345,215,343,210,350,209,27,23,18
339,224,345,215,349,225,24,21,15
339,224,337,216,345,215,30,27,22
346,230,339,224,349,225,21,19,13
339,224,346,230,344,241,23,21,15
339,224,325,239,326,228,21,20,14
339,224,344,241,325,239,22,21,14
340,158,344,157,348,163,33,28,20
357,164,344,157,350,146,26,24,16
348,163,344,157,357,164,28,26,19
344,157,340,158,336,149,27,22,14
344,157,342,143,350,146,24,21,12
344,157,336,149,342,143,26,22,14
415,555,416,562,400,558,37,27,24
390,511,383,504,396,505,169,169,165
390,511,385,516,383,504,163,163,159
519,472,515,461,519,460,97,8,12
503,473,515,461,519,472,83,7,10
495,462,496,457,500,455,102,13,16
496,457,495,462,492,464,137,23,25
495,462,503,473,492,464,104,16,22
503,478,503,473,508,483,121,19,24
522,483,529,489,525,494,64,5,8
529,489,531,491,525,494,45,2,7
533,482,529,489,522,483,59,6,11
531,491,529,489,533,482,77,8,17
512,484,507,486,508,483,99,9,17
510,490,507,486,512,484,58,6,9
509,508,503,502,512,493,132,132,126
461,491,462,476,469,488,169,170,165
471,495,461,491,469,488,167,168,163
463,436,457,435,458,432,36,9,7
392,453,390,440,394,441,171,170,166
390,440,392,453,381,450,167,167,163
381,442,390,440,381,450,168,167,164
400,407,401,411,396,404,105,104,98
400,406,400,407,396,404,98,97,90
400,407,420,410,401,411,76,75,69
400,407,400,406,420,410,68,67,60
401,435,401,446,394,441,169,168,163
406,443,401,446,401,435,151,149,145
401,446,392,453,394,441,165,163,159
392,453,401,446,398,456,165,165,160
398,456,401,446,413,448,169,169,165
401,446,406,443,413,448,159,158,154
407,438,420,439,413,448,153,152,148
406,443,407,438,413,448,148,147,143
407,438,406,443,401,435,154,152,149
484,426,484,432,480,438,54,12,12
484,432,486,439,480,438,32,1,3
525,414,524,423,519,415,44,35,31
519,415,524,423,512,422,35,27,24
524,423,526,434,512,422,38,12,10
526,434,524,423,529,424,46,28,22
508,419,519,415,512,422,39,19,17
505,416,508,419,496,429,79,3,4
499,433,508,419,512,422,76,3,4
508,419,499,433,496,429,89,3,5
506,410,497,405,503,400,36,18,14
506,410,505,416,497,405,52,9,8
516,399,506,410,503,400,39,37,30
506,410,516,399,520,408,46,42,35
519,415,506,410,520,408,35,28,23
508,419,506,410,519,415,37,24,20
506,410,508,419,505,416,48,9,10
454,516,441,510,453,501,160,161,156
543,577,537,569,551,566,64,57,47
537,569,531,568,535,559,52,51,44
544,554,537,569,535,559,68,70,62
537,569,544,554,551,566,73,74,67
502,543,494,548,492,537,85,7,7
474,561,479,547,488,556,47,4,3
499,567,493,571,488,556,45,4,5
565,542,559,555,555,549,109,113,103
546,545,544,554,540,550,85,85,78
546,545,540,550,529,535,48,26,24
547,539,546,545,529,535,43,18,17
524,568,522,562,531,568,53,33,24
531,581,524,568,531,568,96,46,35
531,585,541,592,526,593,32,30,24
541,592,531,585,543,590,40,35,28
593,540,593,550,589,540,176,116,104
602,551,593,550,593,540,89,81,75
580,566,582,573,573,571,89,76,64
559,555,568,557,563,558,129,134,123
568,557,559,555,565,542,119,123,113
616,488,608,491,605,473,76,34,21
603,449,591,452,593,446,89,34,22
603,449,604,453,591,452,89,38,26
611,663,606,661,608,659,19,10,6
606,661,602,669,599,664,81,34,23
602,669,606,661,611,663,85,31,19
616,666,617,665,620,673,68,19,7
617,665,616,666,611,663,101,32,17
517,631,532,620,533,621,13,14,11
524,613,523,612,537,606,28,29,26
523,612,521,607,537,606,27,28,25
562,625,554,627,558,616,16,14,13
546,594,551,588,554,589,58,31,24
550,587,551,588,546,594,62,38,34
559,555,561,561,551,566,80,85,76
561,561,559,555,563,558,102,106,96
555,574,561,561,573,571,78,83,73
573,591,553,582,573,571,70,53,44
553,582,555,574,573,571,54,53,45
553,582,573,591,554,589,88,53,42
551,588,553,582,554,589,123,60,47
553,582,551,588,550,587,145,81,70
565,686,580,673,589,694,14,11,8
565,686,579,703,563,692,11,12,9
579,703,565,686,589,694,11,11,9
594,676,602,669,602,678,74,20,11
594,676,580,673,599,664,99,45,35
602,669,594,676,599,664,96,34,24
596,728,599,737,586,735,95,39,22
633,765,640,760,633,768,17,9,3
640,760,633,765,639,755,34,12,7
633,765,626,758,639,755,46,18,11
633,765,625,762,626,758,57,24,13
540,652,532,666,519,654,57,30,23
494,659,501,670,486,675,9,10,7
516,686,529,690,513,694,13,11,8
566,640,585,638,571,657,11,11,10
585,638,577,662,571,657,11,11,8
577,662,571,660,571,657,12,10,7
580,673,577,662,599,664,103,51,39
592,626,587,634,579,615,17,17,15
596,633,592,626,602,629,16,16,14
596,633,587,634,592,626,19,19,16
601,645,611,647,608,659,11,11,9
577,662,601,645,599,664,12,12,9
606,661,601,645,608,659,12,11,9
601,645,606,661,599,664,14,12,9
612,644,601,645,607,635,11,12,10
601,645,612,644,611,647,16,16,14
538,698,545,695,555,701,12,10,6
538,698,543,687,545,695,38,13,5
538,698,529,690,543,687,78,18,7
564,764,562,770,553,777,13,13,11
564,764,551,739,566,756,12,11,10
593,763,564,764,566,756,9,10,8
564,764,593,763,587,781,11,12,10
564,764,587,781,570,783,12,13,10
562,770,564,764,570,783,14,14,12
548,733,548,727,557,729,134,101,89
551,739,548,733,557,729,116,71,62
562,770,555,778,553,777,13,13,11
556,780,555,778,562,770,12,12,10
545,779,552,784,549,794,31,28,22
552,784,572,793,549,794,33,30,23
552,784,545,779,553,777,14,14,12
552,784,556,780,570,783,12,13,10
572,793,552,784,570,783,22,21,15
532,792,527,785,535,790,56,39,35
545,779,533,767,553,777,12,12,10
533,767,564,764,553,777,12,12,10
564,764,533,767,551,739,11,11,9
567,751,585,742,588,746,10,11,9
570,740,551,739,557,729,106,68,58
570,740,567,751,551,739,13,11,9
570,740,585,742,567,751,11,11,9
526,817,526,816,532,818,7,7,7
526,816,531,802,532,818,10,9,7
526,816,526,817,521,813,11,11,10
520,809,526,816,521,813,9,10,8
531,802,526,816,520,809,9,9,7
531,802,529,798,536,800,38,13,8
576,804,563,805,567,802,32,12,4
569,827,563,805,576,804,10,10,8
567,802,563,805,554,803,31,12,6
586,846,577,839,593,830,11,7,5
577,839,586,846,580,849,12,7,4
578,826,569,827,576,804,10,9,7
577,839,578,826,593,830,6,7,6
578,826,577,839,569,827,10,10,8
448,195,457,199,448,210,26,26,22
448,195,449,194,457,199,29,29,24
449,194,448,195,442,187,26,18,17
446,178,457,165,449,180,83,37,25
464,158,457,165,455,156,23,13,7
457,165,464,158,467,161,35,16,6
457,165,439,174,455,156,30,17,11
457,165,446,178,439,174,61,26,16
451,184,449,194,442,187,34,25,22
451,184,453,184,449,194,24,24,20
414,149,419,160,412,162,28,19,14
425,159,419,160,414,149,16,14,9
419,160,412,163,412,162,50,22,17
412,163,419,160,418,176,97,33,17
427,171,439,174,424,179,26,15,10
427,171,425,159,439,174,16,16,11
427,171,419,160,425,159,29,21,14
439,174,446,180,442,187,105,53,39
446,178,446,180,439,174,84,31,17
446,180,446,178,449,180,172,97,79
446,180,451,184,442,187,84,51,41
451,184,446,180,449,180,81,48,38
412,207,408,204,407,199,19,20,14
408,204,412,207,409,207,16,16,8
408,204,397,200,407,199,25,24,20
408,204,407,210,397,200,20,19,15
412,207,408,208,409,207,27,10,7
408,208,412,207,407,210,39,16,14
408,208,408,204,409,207,18,14,15
408,204,408,208,407,210,19,14,14
453,184,464,196,457,199,24,24,21
464,196,453,184,475,185,25,25,22
475,193,464,196,475,185,25,26,23
397,228,384,232,387,222,29,25,20
396,224,397,228,387,222,26,24,21
384,232,397,228,395,234,38,27,21
395,234,397,228,397,233,74,33,22
397,228,401,227,397,233,116,45,30
397,228,396,224,401,227,61,28,20
421,226,426,225,431,228,34,34,31
426,225,426,223,431,228,36,36,34
426,223,426,225,421,226,25,25,21
419,220,426,223,421,226,26,27,23
419,220,405,230,417,216,82,49,38
419,220,421,226,405,230,70,45,36
462,266,461,268,456,258,79,77,67
467,272,461,268,462,266,106,95,85
447,255,444,269,438,255,42,43,37
444,269,447,255,456,258,59,59,54
461,268,444,269,456,258,66,66,60
444,269,461,268,449,275,71,72,65
504,247,501,255,496,248,82,85,78
501,255,518,249,519,251,84,87,80
518,249,501,255,504,247,81,85,78
489,267,496,265,489,275,177,179,169
480,274,489,267,489,275,151,150,139
519,296,529,301,516,304,122,104,91
509,305,519,296,516,304,119,120,109
519,296,509,305,509,289,129,131,120
535,284,530,286,535,274,149,153,145
529,301,530,286,540,290,111,86,74
530,286,535,284,540,290,119,121,111
508,281,512,278,514,280,95,98,88
512,278,497,277,496,265,124,126,116
512,278,508,281,497,277,95,97,87
548,285,541,287,547,282,95,96,87
541,287,548,285,548,288,80,78,69
548,288,548,285,557,283,85,51,37
548,285,548,279,557,283,94,87,81
548,279,548,285,547,282,113,114,107
479,287,480,274,483,279,155,112,97
479,287,476,290,469,273,115,77,65
480,274,479,287,469,273,124,80,68
537,271,545,262,548,270,72,75,69
537,271,533,269,545,262,66,68,63
533,269,537,271,535,274,80,82,76
537,271,548,279,535,274,127,131,123
548,279,537,271,548,270,122,125,118
558,265,552,260,555,258,45,49,43
548,263,552,260,558,265,46,49,43
547,257,552,260,548,263,49,52,46
552,260,548,254,555,258,48,52,46
552,260,547,257,548,254,42,45,39
548,288,542,298,540,290,126,70,57
544,299,542,298,548,288,124,65,51
584,239,590,236,588,245,30,31,29
584,239,573,248,577,232,48,33,27
584,239,588,245,577,252,25,22,19
573,248,584,239,577,252,56,33,26
599,241,590,236,599,234,34,35,32
599,241,603,240,602,242,22,23,20
603,240,599,241,599,234,34,35,32
590,236,599,241,588,245,25,25,23
591,253,599,241,602,242,18,19,17
599,241,591,253,588,245,17,18,15
548,254,561,243,555,258,39,41,36
565,233,561,243,560,238,39,34,28
561,243,565,233,567,246,61,38,30
561,243,543,237,560,238,44,45,41
543,237,561,243,548,254,38,39,35
570,297,575,307,565,310,50,51,44
561,293,570,297,565,310,42,42,36
571,275,567,278,570,267,42,28,21
576,272,571,275,570,267,124,63,47
585,268,576,272,583,265,74,37,31
591,273,585,268,594,264,16,16,13
585,268,591,273,591,274,17,14,12
576,272,585,268,591,274,60,33,27
585,268,591,261,594,264,21,22,19
591,261,585,268,583,265,25,24,22
597,289,610,287,607,291,64,43,31
610,287,597,289,610,280,112,40,22
607,291,610,287,615,290,80,38,23
539,302,539,308,537,306,69,58,47
539,308,539,302,548,305,101,97,87
539,302,537,306,529,301,123,85,68
539,302,529,301,540,290,115,79,66
542,298,539,302,540,290,114,66,51
626,262,624,256,626,255,39,40,38
619,257,624,256,626,262,28,28,26
616,251,619,257,608,254,30,33,30
616,251,603,240,617,238,16,18,17
616,251,624,256,619,257,27,29,26
616,251,608,254,602,242,16,18,16
603,240,616,251,602,242,14,16,15
624,256,616,251,626,255,27,30,27
626,255,616,251,629,237,21,23,21
616,251,617,238,629,237,20,22,20
531,201,532,203,526,202,23,24,21
551,209,549,218,544,206,24,25,22
549,218,539,220,544,206,29,29,27
536,207,539,220,533,215,28,29,26
539,220,536,207,544,206,31,31,29
539,220,549,218,541,229,29,29,27
536,230,539,220,541,229,29,29,28
510,211,502,219,494,215,28,30,27
524,213,516,204,526,202,21,22,19
516,204,509,197,526,202,26,26,24
515,214,510,211,512,210,18,20,18
502,219,515,214,521,221,36,40,37
510,211,515,214,502,219,28,31,28
532,203,533,208,526,202,17,17,15
533,208,524,213,526,202,23,24,21
524,213,533,208,533,215,27,29,25
533,208,536,207,533,215,30,30,27
536,207,533,208,532,203,26,26,24
521,221,529,217,524,223,42,44,39
524,213,529,217,521,221,39,41,36
529,217,524,213,533,215,38,39,35
539,220,529,217,533,215,37,38,33
529,217,536,230,524,223,43,43,38
529,217,539,220,536,230,36,36,32
505,236,510,238,505,242,67,70,64
505,236,494,239,499,231,50,53,46
494,239,505,236,505,242,57,60,53
510,238,505,236,514,235,40,43,38
505,236,502,219,514,235,36,39,34
502,219,505,236,499,231,31,34,29
646,316,648,314,654,325,38,28,27
648,314,646,316,644,317,65,32,22
643,321,646,316,654,325,58,39,34
646,316,643,321,644,317,107,61,46
654,325,650,329,643,322,48,30,25
650,329,654,325,657,329,17,15,13
654,295,655,282,668,291,20,21,16
655,282,654,295,651,288,15,17,9
651,288,654,295,647,294,22,11,2
654,295,653,302,647,294,73,28,14
654,295,656,300,653,302,44,31,26
637,354,630,346,636,347,22,18,13
637,354,632,362,623,348,21,18,15
630,346,637,354,623,348,18,16,13
637,354,636,363,632,362,36,28,19
637,354,640,360,636,363,135,103,90
646,337,661,340,647,351,24,22,19
661,340,646,337,657,329,19,16,12
646,337,650,329,657,329,15,12,8
660,274,667,276,655,280,13,14,10
667,276,655,282,655,280,19,20,15
673,286,667,276,678,270,18,17,13
667,276,673,286,668,291,19,20,15
655,282,667,276,668,291,21,22,18
667,276,668,263,678,270,22,21,17
668,263,667,276,660,267,20,20,18
667,276,660,274,660,267,16,16,14
654,277,660,274,655,280,21,22,17
651,275,654,277,655,280,27,29,19
654,277,651,275,660,274,15,17,11
493,310,491,303,500,309,131,118,108
491,303,499,300,500,309,118,107,97
519,375,515,370,521,370,150,125,113
514,373,515,370,519,375,158,120,108
515,370,523,366,521,370,128,111,101
515,370,519,359,523,366,121,111,100
519,359,515,370,508,369,128,84,74
515,370,514,373,508,369,126,75,65
524,423,530,418,529,424,83,25,18
530,418,524,423,525,414,103,33,24
530,418,539,421,529,424,110,39,30
530,418,539,413,539,421,89,43,34
530,418,525,414,527,411,139,48,36
539,413,530,418,527,411,99,51,41
541,384,543,387,536,389,77,78,71
543,387,544,394,536,389,69,71,63
543,387,541,384,549,388,65,67,60
544,394,543,387,549,388,72,75,68
524,393,524,390,532,396,96,81,70
525,401,524,393,532,396,101,73,61
524,393,525,401,516,398,115,58,42
515,395,524,393,516,398,110,56,40
524,393,515,395,524,390,117,58,44
585,366,585,368,582,363,73,31,21
585,368,581,374,582,363,63,28,20
585,368,585,369,581,374,63,28,21
585,368,585,366,589,363,152,61,43
585,368,589,363,594,365,120,54,40
585,369,585,368,594,365,123,56,42
593,405,597,400,595,406,133,39,24
597,400,593,405,594,396,97,35,24
632,398,630,385,636,389,72,54,47
604,384,594,396,594,382,30,28,24
604,384,597,400,594,396,31,27,22
604,384,594,382,594,376,20,19,17
594,396,586,392,587,386,122,44,27
584,395,586,392,594,396,111,41,24
586,392,580,385,587,386,58,34,26
586,414,581,410,587,408,132,44,31
581,410,586,414,580,416,108,45,37
590,411,593,405,595,406,166,39,13
593,405,590,411,587,408,167,39,13
590,411,586,414,587,408,138,26,8
586,414,590,411,590,417,115,18,6
579,425,591,427,593,446,66,32,24
579,425,571,426,580,416,58,41,33
598,340,600,341,598,348,17,18,15
600,341,602,343,598,348,26,26,24
602,334,600,341,598,340,19,19,17
602,343,600,341,602,334,20,21,18
528,386,527,385,534,382,60,61,54
534,382,527,385,533,371,94,95,88
527,385,519,375,533,371,113,104,94
527,385,528,386,524,390,73,64,53
519,375,527,385,513,388,119,80,68
527,385,524,390,513,388,104,64,53
493,362,488,363,493,358,173,174,165
493,362,497,357,499,368,163,164,155
497,357,493,362,493,358,192,192,183
488,374,493,362,499,368,123,124,116
488,363,493,362,488,374,131,132,124
490,388,495,379,501,383,74,75,69
490,388,481,387,484,382,28,23,15
490,388,484,382,485,381,25,25,17
490,388,501,383,503,400,43,39,33
490,388,485,381,491,377,42,43,36
495,379,490,388,491,377,71,72,67
497,405,490,388,503,400,40,26,22
487,406,490,388,497,405,48,17,16
490,388,478,392,481,387,50,14,12
490,388,487,406,478,392,79,8,9
510,344,507,339,509,338,128,108,96
506,342,507,339,510,344,129,103,93
509,338,507,339,500,336,166,133,122
507,339,506,342,500,336,155,108,99
467,337,463,336,469,329,74,76,66
463,336,461,332,469,329,90,92,83
463,336,467,337,463,337,45,47,37
461,332,463,336,463,337,143,144,136
474,341,477,335,478,340,94,56,47
474,343,474,341,478,340,126,54,41
474,341,467,337,475,333,118,112,102
477,335,474,341,475,333,80,55,45
474,341,469,345,467,337,128,110,98
474,341,474,343,469,345,139,101,86
490,225,490,216,494,215,28,28,25
490,216,490,225,483,223,32,32,29
490,216,488,207,494,215,30,30,28
490,216,483,223,488,207,24,25,22
490,225,491,227,491,228,65,66,61
439,221,452,216,455,222,91,33,19
447,214,452,216,439,221,101,33,17
452,216,458,217,455,222,38,27,23
452,216,447,214,448,210,55,26,17
452,216,448,210,463,212,34,28,24
458,217,452,216,463,212,30,30,28
439,209,447,214,439,221,110,32,15
447,214,439,209,448,210,111,33,14
460,232,445,235,455,222,92,33,19
445,235,460,232,462,238,98,43,29
469,224,460,232,455,222,41,30,25
435,242,427,241,437,236,31,31,29
476,229,483,223,481,233,46,46,42
476,229,469,224,483,223,28,28,25
428,274,440,280,432,284,47,48,43
484,245,482,240,489,241,98,99,90
484,252,484,245,496,248,92,96,86
484,245,489,241,496,248,77,79,71
482,240,479,240,481,233,51,52,45
484,245,479,240,482,240,95,97,88
479,240,484,245,476,244,79,81,71
461,256,463,260,456,258,81,61,53
460,254,461,256,456,258,88,73,65
463,260,464,264,462,266,93,76,59
464,264,467,272,462,266,95,79,69
464,264,472,263,467,272,109,56,47
449,275,443,283,441,277,68,69,63
443,283,440,280,441,277,59,60,55
440,280,443,283,432,284,39,40,35
438,292,443,283,443,289,37,37,34
432,284,443,283,438,292,35,36,33
442,299,444,304,436,302,75,76,71
442,299,447,298,444,304,53,53,49
443,306,444,304,458,302,43,44,37
443,315,443,306,458,302,45,46,39
443,306,441,307,444,304,42,43,38
443,306,443,315,441,307,26,27,22
638,704,619,700,632,688,13,9,6
638,726,618,733,632,716,30,13,8
639,725,638,726,632,716,13,10,6
618,733,638,726,632,740,14,10,8
614,719,619,715,618,733,52,15,9
618,733,626,714,632,716,38,15,9
619,715,626,714,618,733,45,17,9
626,714,638,704,632,716,53,20,9
602,713,613,709,612,719,9,10,7
613,709,614,719,612,719,8,8,5
614,719,613,709,619,715,14,9,8
615,674,619,685,602,678,12,10,8
619,685,615,674,620,673,10,9,6
615,674,616,666,620,673,59,16,6
602,669,615,674,602,678,51,15,6
615,674,602,669,611,663,89,27,13
616,666,615,674,611,663,83,22,10
619,700,616,693,632,688,7,7,6
616,693,619,685,632,688,6,6,6
619,685,616,693,602,678,8,8,7
616,693,603,696,602,678,8,8,7
679,655,668,670,677,652,4,4,3
668,670,679,655,686,657,4,4,2
679,651,679,655,677,652,3,3,1
686,657,679,655,679,651,3,4,1
627,668,635,658,635,675,33,14,9
647,662,635,658,638,656,21,11,7
635,658,647,662,635,675,14,9,7
635,658,627,668,627,648,49,17,10
635,658,638,649,638,656,78,26,16
638,649,635,658,627,648,60,21,13
644,646,649,660,638,656,44,18,8
649,660,647,662,638,656,20,12,8
654,659,649,660,644,646,49,19,9
649,660,654,659,659,667,72,26,14
647,662,649,660,659,667,65,24,13
570,921,565,913,578,906,7,8,5
560,925,570,921,566,932,11,12,9
560,925,565,913,570,921,7,7,5
565,913,560,925,556,912,7,7,5
582,933,586,930,583,934,19,19,17
582,933,575,928,586,930,21,21,19
582,933,583,934,571,931,26,27,24
575,928,582,933,571,931,23,23,21
597,824,598,825,593,830,6,7,3
598,825,597,824,602,825,6,8,6
602,825,617,828,614,833,32,11,7
617,828,621,831,614,833,9,2,2
617,828,621,827,621,831,7,1,3
621,820,632,812,624,823,5,3,1
621,820,620,814,632,812,7,3,2
621,827,621,820,624,823,4,3,0
617,828,621,820,621,827,12,3,2
620,814,621,820,602,825,20,9,6
621,820,617,828,602,825,23,10,7
621,831,616,843,614,833,4,3,1
618,845,616,843,621,831,4,2,2
605,847,607,845,618,845,3,3,1
607,844,607,845,605,847,1,3,0
607,845,616,843,618,845,3,3,1
616,843,607,845,607,844,3,3,0
519,851,522,858,515,852,66,20,6
522,858,514,861,515,852,67,19,6
514,861,522,858,514,864,42,10,4
552,896,556,912,544,907,7,7,3
548,894,552,896,544,907,8,7,3
552,896,565,913,556,912,7,8,5
521,885,530,878,526,893,23,18,14
530,878,521,885,519,882,13,14,10
530,878,522,858,532,877,27,14,7
530,878,539,893,526,893,37,23,20
539,893,530,878,532,877,40,24,22
595,586,599,579,603,580,110,113,106
599,579,595,586,586,575,150,146,135
599,579,606,572,603,580,100,101,95
577,597,583,584,585,596,142,50,26
573,591,583,584,577,597,135,48,25
426,915,433,917,431,925,12,7,4
426,915,418,933,420,913,22,17,14
418,933,426,915,431,925,21,18,14
421,907,426,915,420,913,70,45,39
431,903,426,915,421,907,84,59,52
435,912,431,903,440,906,101,71,63
435,912,426,915,431,903,90,64,56
426,915,435,912,433,917,41,26,18
447,910,435,912,440,906,85,53,42
435,912,447,910,446,916,51,30,21
435,912,446,916,440,922,25,15,10
433,917,435,912,440,922,27,17,11
388,831,395,833,388,838,30,16,9
395,833,388,831,389,829,27,13,6
398,828,395,833,389,829,23,11,5
402,853,411,853,405,858,53,22,17
415,863,411,853,418,861,73,31,29
411,853,415,863,405,858,71,35,31
466,859,472,853,478,857,6,7,3
470,846,472,853,466,859,7,6,3
454,883,450,888,445,874,69,70,66
454,883,459,876,459,879,77,79,71
459,876,454,883,445,874,80,81,75
463,894,454,883,459,879,36,31,21
441,891,450,888,445,902,20,16,9
450,888,441,891,438,889,22,23,16
441,891,445,902,440,906,36,25,17
431,903,441,891,440,906,45,36,29
441,891,431,903,429,892,32,27,21
438,889,441,891,429,892,28,29,24
443,860,441,862,434,855,94,84,77
441,862,439,863,434,855,99,90,82
428,873,433,870,438,871,31,34,28
439,863,433,870,434,855,87,84,75
433,870,418,861,434,855,77,71,62
433,870,428,873,418,861,69,66,58
463,875,452,864,466,859,37,36,29
452,864,463,875,459,876,47,46,39
463,875,466,859,478,872,32,28,22
469,886,463,875,478,872,44,23,16
463,875,469,886,459,879,38,32,25
459,876,463,875,459,879,67,67,60
470,843,470,846,460,841,28,4,3
462,836,470,843,460,841,60,16,5
483,852,489,854,478,857,9,6,2
483,852,484,847,489,854,48,14,7
472,853,483,852,478,857,4,6,2
470,843,473,845,470,846,43,4,0
473,845,472,853,470,846,11,3,0
484,847,473,845,482,839,64,19,9
483,852,473,845,484,847,36,8,4
473,845,483,852,472,853,29,6,3
441,827,450,830,447,840,29,7,3
450,830,458,825,455,831,78,20,11
458,825,450,830,458,821,56,16,8
427,820,436,819,433,832,16,6,2
384,479,383,489,376,487,175,173,170
384,479,387,483,383,489,181,179,178
384,479,376,487,375,475,171,170,167
384,479,375,475,376,474,164,163,159
385,471,384,479,376,474,172,171,167
388,475,384,479,385,471,170,171,167
387,483,384,479,391,477,169,168,166
384,479,388,475,391,477,166,167,164
317,504,321,506,321,508,97,93,88
321,506,323,505,321,508,95,91,85
321,506,317,504,321,499,102,98,93
323,505,321,506,321,499,110,107,101
491,884,502,880,501,889,8,3,0
502,880,491,884,498,873,7,4,0
478,872,491,884,483,891,46,13,6
483,866,491,884,478,872,46,16,10
491,884,483,866,498,873,26,12,6
484,847,493,849,489,854,60,19,12
493,849,493,850,489,854,64,15,10
493,849,484,847,495,841,59,27,20
499,848,493,849,495,841,38,20,16
493,850,493,849,499,848,86,35,26
493,850,501,855,497,860,44,14,6
501,855,493,850,499,848,72,23,14
501,855,504,856,497,860,28,10,2
501,855,499,848,504,856,67,20,9
112,221,128,206,131,210,21,8,4
124,195,128,206,112,221,12,6,2
133,183,135,176,144,184,57,26,18
133,183,124,195,118,185,12,5,2
123,174,133,183,118,185,7,4,2
135,176,133,183,123,174,14,6,3
94,259,95,272,86,263,20,17,11
86,263,95,272,82,275,17,15,9
95,272,92,279,82,275,18,16,10
95,272,105,278,92,279,11,10,5
84,250,76,249,75,246,24,10,6
84,250,94,259,86,263,19,16,9
76,257,84,250,86,263,10,8,3
86,226,84,233,73,239,12,3,2
89,228,84,233,86,226,22,7,4
73,239,84,233,75,246,21,4,3
84,233,84,250,75,246,24,6,4
170,73,173,64,173,75,79,24,14
174,63,172,57,179,65,68,25,13
173,64,174,63,179,65,78,29,17
174,63,173,64,172,57,55,15,4
196,99,181,110,176,107,13,12,7
181,110,196,99,197,104,13,12,6
182,66,173,75,179,65,34,15,6
182,66,179,65,191,59,37,17,8
156,116,154,121,145,120,53,20,11
145,120,154,121,149,125,58,22,13
154,121,154,122,149,125,67,29,20
154,122,154,121,166,117,15,9,4
154,121,156,116,166,117,16,10,4
171,141,155,148,154,124,13,11,6
155,148,171,141,170,152,16,15,8
171,141,181,147,170,152,19,16,9
218,244,216,240,221,243,69,57,44
218,244,220,255,214,252,56,45,31
227,251,218,244,221,243,58,45,32
218,244,227,251,220,255,59,45,33
156,311,165,317,161,321,20,18,13
165,277,161,266,175,270,28,23,15
84,250,96,258,94,259,19,15,9
96,258,84,250,101,251,15,11,6
119,318,116,304,126,319,6,6,2
116,304,109,320,103,302,19,16,11
116,304,119,318,109,320,19,16,10
184,259,175,270,171,258,42,32,19
175,270,184,259,191,265,54,43,27
194,237,179,246,187,236,73,62,43
194,237,200,234,203,247,45,37,24
197,227,194,237,187,236,49,35,20
194,237,197,227,200,234,41,26,12
136,234,125,230,131,210,44,18,9
125,230,112,221,131,210,31,11,4
125,230,122,232,112,221,40,17,7
235,163,225,165,225,161,33,28,18
223,172,225,165,235,163,34,28,18
238,208,235,210,231,207,72,56,37
235,210,238,208,239,212,101,82,61
266,171,276,177,268,183,121,77,54
276,176,276,177,266,171,113,69,45
268,183,276,177,271,187,124,87,63
276,177,278,188,271,187,126,97,72
276,177,287,189,278,188,104,85,59
287,189,276,177,291,186,104,86,61
276,177,276,176,291,186,105,87,62
227,132,211,134,224,126,17,15,9
227,132,224,126,232,125,14,13,8
227,132,232,125,245,128,19,17,11
227,138,227,132,245,128,21,18,11
211,134,222,142,216,146,18,15,7
222,142,227,138,226,143,23,20,12
227,132,222,142,211,134,19,16,9
222,142,227,132,227,138,19,17,9
218,151,222,142,226,143,26,22,16
222,142,218,151,216,146,25,22,15
203,131,210,133,199,139,19,16,9
210,133,203,131,203,130,18,15,9
194,129,203,131,199,139,18,15,8
203,130,203,131,194,129,16,13,7
240,75,239,62,244,63,16,12,7
240,75,233,69,239,62,13,10,6
249,64,240,75,244,63,15,11,7
250,79,240,75,249,64,14,11,6
240,75,250,79,247,83,15,12,7
233,69,240,75,229,75,11,8,4
331,170,316,175,321,168,39,33,22
316,175,331,170,334,174,37,31,21
331,165,331,170,321,168,40,32,21
334,174,331,170,331,165,36,29,20
261,106,248,114,247,113,18,17,10
256,116,248,114,261,106,18,17,10
248,114,256,116,245,128,20,18,11
238,115,248,114,245,128,17,16,10
248,114,238,115,247,113,15,14,8
271,90,266,92,261,82,13,11,6
266,92,271,90,265,96,18,17,9
266,92,259,97,261,82,13,12,6
266,92,265,96,259,97,14,12,6
270,76,283,75,286,85,15,12,6
271,90,270,76,286,85,15,12,6
283,75,270,76,273,73,18,15,9
270,76,271,90,268,76,13,12,6
270,76,267,74,273,73,17,16,9
270,76,268,76,267,74,15,14,8
430,17,428,18,423,9,70,22,7
430,17,424,6,438,15,78,23,11
430,17,423,9,424,6,70,24,8
441,24,430,17,438,15,101,29,19
427,25,430,17,441,24,91,29,18
428,18,430,17,427,25,93,30,16
257,52,252,59,248,54,72,27,15
252,59,257,52,256,61,66,25,11
252,59,256,61,249,64,32,14,6
252,59,249,64,244,63,30,14,10
248,54,252,59,244,63,54,22,14
595,195,596,193,598,198,10,10,8
596,193,604,194,598,198,19,19,17
604,194,596,193,597,191,21,21,19
573,210,583,198,584,212,18,18,15
563,166,576,175,567,177,20,22,18
587,165,600,171,597,174,18,18,16
587,165,604,164,600,171,14,15,13
591,214,589,216,584,212,26,26,24
589,216,586,228,584,212,16,17,14
590,236,588,231,593,230,26,26,24
588,231,586,228,593,230,17,17,15
586,228,588,231,577,232,22,22,20
568,255,571,250,577,252,125,59,41
571,250,573,248,577,252,137,67,47
643,175,640,176,640,169,47,26,21
640,176,636,174,640,169,88,34,20
640,176,642,184,634,181,97,39,22
640,176,643,175,642,184,86,39,27
640,176,634,181,633,177,101,38,22
636,174,640,176,633,177,106,36,24
626,127,621,113,635,98,3,3,1
618,117,621,113,626,127,12,8,2
621,113,619,102,635,98,3,3,1
619,102,621,113,614,108,21,13,7
621,113,612,112,614,108,27,16,8
621,113,618,117,612,112,28,12,4
627,166,625,157,634,160,90,31,21
621,146,610,155,604,140,31,13,8
610,155,616,161,605,163,54,23,11
469,952,462,955,465,948,67,32,26
469,952,475,943,475,953,56,27,20
475,943,469,952,465,948,62,31,25
475,957,469,952,475,953,27,11,6
462,955,469,952,475,957,38,16,11
491,913,484,916,488,904,9,9,7
481,899,484,916,480,917,5,5,3
484,916,481,899,488,904,6,6,4
484,916,491,919,480,917,18,19,14
484,916,491,913,491,919,18,19,14
493,907,488,904,498,903,6,7,4
493,907,491,913,488,904,8,8,5
496,918,493,907,498,903,13,14,9
491,913,493,907,496,918,15,15,11
433,917,438,923,431,925,12,8,7
438,923,436,926,431,925,20,18,17
438,923,433,917,440,922,10,6,5
436,926,438,923,440,922,21,19,17
405,929,409,935,399,932,62,24,15
405,929,410,930,409,935,69,34,24
404,924,405,929,399,932,51,10,2
168,817,161,818,153,809,20,9,5
161,818,158,820,153,809,15,7,3
178,831,161,818,168,817,26,13,5
161,818,178,831,158,820,24,13,5
213,793,213,807,200,795,24,10,4
213,807,213,793,219,791,5,4,2
213,793,214,787,219,791,4,4,0
218,813,229,804,220,815,4,5,1
216,819,218,813,220,815,27,15,8
185,798,193,801,192,805,77,30,16
193,801,198,792,200,795,64,18,7
192,783,189,790,178,786,38,16,6
257,876,264,869,258,877,53,26,17
248,868,257,876,233,886,27,21,13
257,876,241,895,233,886,22,20,13
241,895,257,876,258,877,24,20,13
226,880,220,888,208,883,23,17,9
220,888,226,880,233,886,14,15,8
226,880,229,870,233,886,21,19,11
204,875,195,878,197,866,48,30,19
202,884,204,875,208,883,74,32,24
229,910,236,909,231,921,50,45,40
236,909,242,916,231,921,49,48,44
242,916,236,909,245,904,55,56,51
236,909,241,895,245,904,27,28,24
223,926,218,924,231,921,73,40,34
231,922,223,926,231,921,79,44,37
243,920,250,922,249,934,31,21,14
242,916,243,920,231,921,40,36,32
243,920,231,922,231,921,38,30,25
231,935,243,920,249,934,47,30,22
231,922,243,920,231,935,53,34,26
187,932,206,931,208,942,30,25,17
211,811,216,819,205,825,48,23,12
211,811,218,813,216,819,38,18,9
193,801,211,811,192,805,50,21,10
213,807,211,811,200,795,31,13,5
211,811,193,801,200,795,45,17,7
206,826,216,819,216,829,48,25,15
206,827,206,826,216,829,42,26,17
216,819,206,826,205,825,49,24,14
206,826,206,827,205,825,29,25,17
239,833,235,848,228,849,56,21,9
235,848,244,861,226,855,63,27,12
228,849,235,848,226,855,60,26,13
242,823,227,824,233,809,7,5,3
242,823,233,809,247,812,13,5,3
249,821,242,823,247,812,30,6,2
226,880,213,865,229,870,47,23,14
202,857,204,863,197,866,21,22,11
216,829,205,848,207,830,26,22,15
211,852,205,848,216,829,25,21,15
205,848,197,847,207,830,18,17,11
205,848,202,857,197,847,14,16,8
202,857,205,848,211,852,14,16,8
183,874,184,881,174,885,54,27,16
167,872,183,874,174,885,38,19,10
184,881,183,874,186,880,60,32,21
154,871,167,872,159,879,3,5,1
154,871,144,858,150,857,3,3,2
135,871,154,871,159,879,2,3,0
154,871,135,871,144,858,2,3,1
157,843,161,856,150,857,18,5,2
161,856,154,871,150,857,8,4,1
154,871,161,856,167,872,19,7,2
225,894,220,888,233,886,12,13,8
225,894,217,900,220,888,17,17,12
241,895,225,894,233,886,13,14,9
217,900,225,894,229,910,23,20,12
236,909,225,894,241,895,20,21,17
225,894,236,909,229,910,19,19,14
195,878,195,879,186,880,53,29,17
204,875,195,879,195,878,65,32,22
195,879,204,875,202,884,66,31,21
198,925,200,927,187,932,35,30,22
206,931,200,927,204,929,25,22,15
200,927,206,931,187,932,34,29,21
205,914,208,912,218,924,43,24,15
208,912,229,910,218,924,58,31,24
208,912,217,900,229,910,41,25,16
181,920,176,915,181,911,19,16,9
167,896,176,915,157,905,14,12,7
176,915,167,896,181,911,9,7,3
157,905,176,915,150,919,26,21,15
176,915,181,920,150,919,32,27,19
167,896,181,898,181,911,6,5,2
304,726,309,731,296,727,51,9,3
304,726,311,721,309,731,66,13,4
299,706,297,720,286,722,41,9,3
304,711,297,720,299,706,59,14,5
297,720,304,726,296,727,49,8,2
297,720,304,711,311,721,61,15,5
304,726,297,720,311,721,59,11,3
271,751,271,759,257,750,59,26,15
271,759,255,752,257,750,59,26,15
271,759,279,754,273,762,28,19,7
271,759,250,763,255,752,54,26,13
250,763,271,759,251,768,47,21,11
267,775,271,759,273,762,50,25,12
251,768,271,759,267,775,40,16,8
312,650,317,651,325,669,4,4,1
317,651,336,655,325,669,17,6,3
336,655,335,664,325,669,17,5,2
335,664,336,667,325,669,5,4,1
336,667,335,664,336,666,17,5,1
285,783,295,788,278,789,22,8,3
285,783,287,776,295,788,39,27,18
280,764,279,754,285,757,17,11,4
280,764,281,766,280,765,15,11,2
281,766,280,764,285,757,16,11,4
280,764,280,765,273,762,25,15,2
279,754,280,764,273,762,23,16,5
279,754,286,756,285,757,18,11,5
286,756,289,755,285,757,20,10,5
289,755,286,756,279,754,19,10,5
285,738,289,755,279,754,10,7,2
305,746,285,738,296,727,14,4,2
289,755,285,738,305,746,9,3,1
285,738,268,728,286,722,3,3,1
464,792,460,793,464,790,4,6,3
460,793,464,792,465,808,6,7,4
464,792,477,794,465,808,50,9,4
494,781,499,776,504,782,70,43,36
484,775,499,776,494,781,94,26,13
475,778,477,793,464,790,11,5,4
477,793,464,792,464,790,17,5,3
464,792,477,793,477,794,23,6,3
477,793,483,784,477,794,86,12,3
468,811,477,807,475,820,74,14,5
477,807,468,811,465,808,83,14,4
477,794,477,807,465,808,58,10,5
499,812,482,804,500,789,19,10,5
482,804,483,784,500,789,40,13,6
483,784,482,804,477,794,86,14,5
482,804,499,812,475,820,14,8,4
477,807,482,804,475,820,31,10,4
507,791,502,788,504,782,92,44,34
502,788,507,791,500,789,56,15,5
502,788,494,781,504,782,107,54,46
494,781,502,788,500,789,100,49,41
394,781,395,777,397,779,6,2,1
383,775,395,777,394,781,34,17,12
397,774,395,777,395,770,3,4,1
395,777,383,775,395,770,7,4,2
403,788,405,789,405,790,23,9,3
405,789,403,788,405,785,12,4,2
405,789,405,785,410,782,4,3,3
405,789,410,782,418,795,11,6,3
405,790,405,789,418,795,18,9,5
361,743,343,734,344,729,4,4,2
343,735,343,734,361,743,4,4,2
343,734,343,730,344,729,3,3,1
343,730,343,734,333,739,10,6,3
343,734,343,735,333,739,13,7,4
260,863,257,876,248,868,47,23,13
260,863,264,843,273,862,7,7,3
253,858,248,868,244,861,47,24,12
251,856,253,858,244,861,52,23,12
342,716,342,708,347,717,3,3,1
344,720,342,716,347,717,5,5,3
295,788,306,786,310,792,17,12,5
304,779,306,786,295,788,27,20,11
272,507,276,510,272,515,14,1,2
279,512,276,510,277,510,14,0,6
276,510,279,512,272,515,15,0,5
276,510,277,502,277,510,19,3,4
276,510,272,507,277,502,18,2,4
283,459,284,465,277,466,83,77,69
284,465,283,459,292,453,103,98,90
299,432,279,433,299,431,136,130,123
263,403,269,393,276,402,92,83,74
353,448,360,460,355,461,177,173,168
329,440,324,442,320,437,173,167,162
324,442,329,440,329,441,166,160,155
320,437,324,442,318,444,169,163,158
324,442,324,455,318,444,169,164,159
324,442,335,450,324,455,175,170,165
324,442,329,441,335,450,179,173,169
332,413,321,409,323,407,161,158,152
312,401,321,409,314,416,158,154,149
321,409,322,403,323,407,150,146,141
321,409,312,401,322,403,153,150,144
319,421,322,429,317,428,158,153,148
319,421,325,425,322,429,180,176,170
313,424,319,421,317,428,167,161,156
313,423,319,421,313,424,163,157,152
325,425,319,421,332,413,167,164,158
341,400,338,410,335,406,146,143,137
338,410,341,400,350,408,146,143,137
338,410,332,411,335,406,152,148,143
332,411,338,410,332,413,159,155,150
350,414,353,412,356,422,156,152,147
353,412,350,414,350,408,157,154,149
284,473,285,472,287,480,86,83,75
282,474,284,473,287,480,86,83,75
285,486,286,487,279,488,79,52,52
284,485,285,486,279,488,84,57,57
286,487,285,486,287,480,87,79,73
285,486,284,485,287,480,85,77,71
244,456,233,457,240,449,70,34,33
250,471,244,456,251,463,79,48,49
244,456,250,471,233,457,62,33,33
222,461,233,457,227,467,9,1,1
212,479,222,461,227,467,3,2,0
207,468,222,461,212,479,3,3,1
233,457,236,444,240,449,58,21,22
174,399,176,395,178,405,16,17,10
176,395,188,394,178,405,13,12,8
188,394,212,400,212,402,3,3,0
191,379,212,400,188,394,6,3,0
243,430,257,429,244,435,13,1,1
243,430,242,425,257,429,13,1,0
172,401,174,399,178,405,18,18,11
171,409,172,401,178,405,19,14,8
165,380,164,388,157,370,63,28,17
162,349,161,361,153,354,23,16,10
150,346,162,349,153,354,33,22,15
162,349,150,346,158,336,30,22,16
170,337,162,349,158,336,14,13,9
203,511,210,504,212,506,17,13,8
210,504,211,500,212,506,26,25,21
211,500,200,502,208,492,19,16,12
210,504,200,502,211,500,28,24,19
200,502,210,504,203,511,20,14,9
200,502,198,516,190,497,12,7,5
198,516,200,502,203,511,21,12,8
200,480,189,486,189,478,50,26,20
190,487,189,486,200,480,52,28,21
189,486,188,485,189,478,29,6,1
188,485,189,486,190,497,12,1,0
189,486,190,487,190,497,13,1,0
200,488,200,480,205,485,12,12,9
200,488,190,487,200,480,54,29,23
190,487,200,488,190,497,45,24,19
208,492,200,488,205,485,8,8,5
200,488,200,502,190,497,36,20,16
200,502,200,488,208,492,15,13,9
373,447,369,451,369,445,185,182,178
351,469,347,466,355,461,175,169,165
336,475,347,466,351,469,170,165,160
347,466,336,475,341,465,170,165,160
330,487,335,476,351,486,167,164,158
335,476,336,475,351,486,169,165,160
335,476,330,487,329,478,163,159,154
335,476,329,478,327,471,166,162,157
336,475,335,476,327,471,159,155,150
376,738,372,742,377,732,4,4,3
376,738,376,741,372,742,4,4,4
388,736,376,738,377,732,3,3,0
376,741,376,738,388,736,2,3,1
376,741,372,765,372,742,3,1,2
365,766,372,765,379,772,49,18,6
372,765,395,748,379,772,5,3,1
372,765,376,741,395,748,2,2,1
372,765,365,766,359,758,42,15,8
372,742,372,765,359,758,15,6,4
317,714,315,724,311,721,23,10,4
304,711,317,714,311,721,42,13,4
319,712,317,714,305,707,46,13,4
317,714,304,711,305,707,50,15,5
321,565,317,556,325,559,23,2,5
323,567,321,565,325,559,26,2,5
321,565,323,567,321,569,10,2,1
317,556,321,565,299,558,12,2,2
321,565,321,569,299,558,8,2,2
323,567,333,577,321,569,9,2,2
338,581,333,577,337,573,7,2,2
333,577,334,566,337,573,15,2,4
333,577,323,567,334,566,12,3,2
321,569,333,577,309,590,3,2,2
309,590,333,577,334,605,6,4,2
333,577,338,581,334,605,2,2,1
358,692,359,688,364,686,84,27,16
359,688,358,692,355,684,56,11,4
360,678,363,685,355,684,62,26,13
359,688,363,685,364,686,95,36,22
363,685,359,688,355,684,83,24,11
454,780,428,773,450,764,5,5,3
459,768,454,780,450,764,9,6,4
454,780,444,791,432,787,4,4,3
428,773,454,780,432,787,4,4,3
454,780,448,796,444,791,4,4,3
454,780,460,793,448,796,4,5,3
460,793,454,780,464,790,5,6,3
454,780,475,778,464,790,6,5,4
445,750,446,756,427,754,36,12,7
446,756,428,773,427,754,8,5,3
428,773,446,756,450,764,9,6,3
535,710,551,717,538,718,13,12,12
551,717,535,710,555,701,11,11,9
535,710,538,698,555,701,12,10,7
482,683,478,678,486,675,11,11,9
478,678,482,683,474,682,8,9,6
484,684,482,683,486,675,13,13,11
473,692,482,699,480,701,85,64,56
427,668,432,675,419,667,71,28,21
429,664,427,668,419,667,126,66,56
418,658,429,664,419,667,103,59,51
411,674,418,658,419,667,52,19,16
401,654,418,658,411,674,41,20,16
438,588,420,588,427,583,23,1,1
420,588,438,588,434,608,8,3,1
439,636,429,631,441,625,11,11,8
429,631,425,628,441,625,12,11,9
422,629,417,617,425,628,34,10,5
422,629,406,637,410,626,23,9,4
406,637,422,629,417,644,13,8,6
418,658,408,646,417,644,89,65,59
408,646,418,658,401,654,100,64,56
408,646,406,637,417,644,15,13,10
406,637,408,646,405,639,43,36,33
408,646,401,654,399,650,113,57,46
386,651,391,662,383,653,5,5,4
393,671,401,654,411,674,14,7,3
393,671,391,662,401,654,5,5,2
393,671,411,674,404,679,4,5,2
393,671,402,680,388,672,4,5,2
402,680,393,671,404,679,4,4,2
372,649,368,657,367,656,74,15,5
368,657,372,649,370,660,67,13,4
368,657,370,661,367,656,62,13,5
368,657,370,660,370,661,52,11,3
415,619,422,629,410,626,55,14,6
422,629,415,619,417,617,50,13,6
415,619,410,612,417,617,50,10,4
420,588,414,582,423,577,36,7,9
414,582,416,562,423,577,20,5,5
416,562,414,582,400,579,13,2,1
414,582,402,588,400,579,28,2,4
414,582,420,588,408,594,18,1,1
402,588,414,582,408,594,19,1,2
465,660,464,662,453,656,6,7,4
500,617,504,605,508,611,16,17,14
500,617,495,608,504,605,14,15,12
517,631,500,617,508,611,13,13,10
473,624,464,638,456,627,9,9,7
464,638,459,642,456,627,8,9,6
439,636,447,652,438,647,7,8,6
459,642,447,652,439,636,8,8,6
447,652,438,663,438,647,7,7,7
447,652,453,656,452,665,7,7,6
438,663,447,652,452,665,7,7,7
345,543,355,539,351,546,56,51,47
363,517,364,514,369,513,141,140,134
363,517,361,530,358,528,112,114,107
356,527,363,517,358,528,119,121,113
363,517,356,527,351,519,115,115,108
362,512,363,517,351,519,140,139,132
363,517,362,512,364,514,147,145,139
228,673,234,664,229,674,27,6,2
241,582,247,591,238,584,37,13,6
248,594,247,591,256,589,6,6,3
275,648,275,637,283,652,3,3,2
275,648,266,645,275,637,19,11,7
275,648,268,653,266,645,34,15,7
319,635,314,619,324,617,61,21,9
305,626,319,635,313,637,15,5,3
314,619,319,635,305,626,27,9,4
351,631,339,642,331,634,5,5,1
348,663,352,640,364,652,20,6,3
352,640,348,663,339,645,16,8,5
372,611,378,614,374,620,65,20,15
378,614,383,618,374,620,103,52,43
378,614,372,611,390,592,17,11,9
395,613,378,614,390,592,12,10,8
383,618,378,614,395,613,51,36,29
367,583,354,589,354,581,7,2,1
367,583,373,588,354,589,6,2,1
373,588,367,583,372,578,15,1,3
367,583,365,571,372,578,14,1,2
365,571,367,583,354,581,14,1,2
373,588,386,586,390,592,7,2,1
386,586,373,588,379,579,17,2,3
386,586,400,579,390,592,18,1,3
386,586,379,579,400,579,23,2,3
232,571,228,560,240,570,44,14,6
232,571,230,577,228,560,39,10,4
223,543,221,540,227,535,7,6,3
221,540,221,548,214,539,31,11,6
221,540,223,543,221,548,23,10,6
231,524,221,513,233,523,7,8,5
231,524,229,528,221,513,8,8,5
223,532,229,528,227,535,11,11,8
223,532,221,540,214,539,13,7,5
221,540,223,532,227,535,7,7,4
209,518,223,532,214,539,13,9,5
229,528,223,532,221,513,9,9,6
223,532,209,518,221,513,12,9,5
227,535,236,530,230,553,7,7,4
236,530,246,553,230,553,7,6,4
229,528,236,530,227,535,11,11,9
246,553,236,530,248,552,9,6,3
231,524,236,530,229,528,9,9,7
236,530,256,545,248,552,9,5,4
238,526,236,530,233,523,6,6,4
236,530,231,524,233,523,8,8,6
256,545,236,530,257,531,3,4,3
236,530,238,526,257,531,3,3,2
235,579,232,571,240,570,48,16,8
232,571,235,579,230,577,43,11,5
249,561,258,555,256,562,21,6,2
258,555,262,557,256,562,8,4,0
256,551,258,555,248,552,58,16,8
258,555,249,561,248,552,35,9,3
258,555,256,551,264,554,18,4,2
262,557,258,555,264,554,8,3,0
249,561,244,562,246,553,51,13,7
228,560,244,562,240,570,38,12,5
244,562,228,560,230,553,51,14,5
246,553,244,562,230,553,52,14,5
188,394,190,421,178,405,11,9,6
194,432,195,448,180,452,22,14,9
195,448,187,459,180,452,38,21,15
195,448,198,453,187,459,11,8,4
177,331,170,337,175,329,16,15,8
170,337,177,331,181,334,13,11,6
165,328,170,337,158,336,17,16,10
165,328,152,330,161,321,14,12,6
165,328,158,336,152,330,11,11,4
170,337,165,328,175,329,20,19,13
165,317,165,328,161,321,13,11,7
165,328,171,316,175,329,14,13,7
165,328,165,317,171,316,13,11,6
157,370,139,368,153,354,56,28,19
139,368,146,353,153,354,53,27,18
139,368,133,358,146,353,49,33,22
111,425,112,443,88,444,2,1,1
106,418,111,425,88,444,3,2,1
111,425,115,441,112,443,14,1,1
115,441,111,425,118,440,24,2,0
124,435,111,425,119,422,36,4,1
111,425,124,435,118,440,32,3,1
111,425,116,417,119,422,58,19,11
116,417,111,425,106,418,40,14,8
206,720,209,714,211,721,14,7,3
206,720,211,721,212,725,16,6,2
193,737,206,720,212,725,15,4,1
190,719,206,720,193,737,13,3,1
195,713,206,720,190,719,6,4,1
144,638,177,626,184,651,1,1,1
167,666,144,638,184,651,1,1,1
144,638,127,632,138,614,1,1,1
127,632,144,638,127,659,1,1,1
144,638,167,666,127,659,1,1,1
170,613,144,638,138,614,1,1,1
177,626,144,638,170,613,1,1,1
205,609,198,607,202,604,16,4,3
178,581,168,590,166,583,36,28,17
170,606,168,590,178,602,39,27,17
222,556,188,559,188,558,5,2,2
191,575,188,559,222,556,6,2,2
180,549,170,550,179,546,11,4,2
180,549,204,536,188,558,2,2,2
180,549,179,546,204,536,2,2,2
188,559,180,549,188,558,5,2,1
168,534,170,550,153,527,9,3,2
168,534,153,527,168,519,14,4,3
177,532,168,534,168,519,3,3,1
312,401,302,404,304,396,156,154,145
302,404,297,405,304,396,156,152,142
297,405,302,404,300,412,169,164,154
302,404,314,416,300,412,167,163,156
302,404,312,401,314,416,160,156,149
290,398,304,394,304,396,152,149,137
288,384,304,394,290,398,137,133,122
304,394,288,384,294,378,126,121,110
304,375,304,394,294,378,121,116,106
304,394,304,375,311,379,112,107,99
304,396,304,394,314,395,150,149,139
304,394,311,379,314,395,121,117,109
285,389,290,398,280,399,129,125,112
285,389,288,384,290,398,129,125,112
269,393,285,389,280,399,119,113,102
294,373,294,371,297,370,85,80,70
294,373,304,375,294,378,97,92,82
304,375,294,373,297,370,86,81,72
294,371,276,372,285,359,83,75,66
269,369,276,372,273,380,98,90,79
269,357,267,354,285,359,49,39,32
251,361,242,349,267,354,43,4,4
263,403,267,390,269,393,71,60,52
252,203,253,209,244,204,128,106,80
253,209,252,203,258,200,131,104,73
240,195,252,203,244,204,93,76,53
252,203,259,193,258,200,135,112,82
259,193,252,203,240,195,106,87,62
197,219,197,227,194,216,61,20,6
197,227,197,219,200,220,81,32,15
201,228,202,221,205,224,84,34,17
201,228,197,227,202,221,82,31,14
197,227,201,228,200,234,43,21,9
179,246,181,231,187,236,81,68,48
181,231,183,229,187,236,87,72,55
208,186,203,187,200,170,28,23,13
214,176,208,186,200,170,28,23,13
208,186,214,176,218,188,31,26,16
208,186,218,188,208,202,36,30,19
203,187,208,186,208,202,29,25,15
219,201,220,206,208,202,40,34,22
220,206,220,215,208,202,37,30,19
220,206,219,201,231,207,51,43,29
233,223,239,212,240,229,91,74,53
128,206,144,198,131,210,41,23,16
144,198,128,206,124,195,35,20,13
144,198,133,183,144,184,51,29,19
133,183,144,198,124,195,35,19,12
156,167,170,152,178,180,27,23,14
164,185,156,167,178,180,32,28,18
152,177,156,167,164,185,25,22,13
156,167,155,148,170,152,23,20,13
156,167,150,175,148,164,19,16,10
156,167,152,177,150,175,21,19,11
150,150,156,167,148,164,13,10,5
155,148,156,167,150,150,13,10,5
135,176,145,179,144,184,57,28,20
145,178,145,179,135,176,60,25,18
145,179,152,177,153,182,24,20,12
145,179,145,178,152,177,24,20,13
175,343,170,337,181,334,10,9,4
162,349,175,343,174,348,10,8,4
175,343,162,349,170,337,12,10,6
185,340,181,334,188,339,13,11,8
188,345,185,340,188,339,18,16,12
184,344,185,340,188,345,19,18,14
185,340,175,343,181,334,13,12,7
175,343,185,340,184,344,15,13,9
181,334,186,322,188,339,11,9,5
188,339,186,322,207,327,9,5,2
186,322,188,320,207,327,10,4,3
188,320,192,314,207,327,11,5,3
200,306,192,314,195,307,22,18,11
192,314,211,314,207,327,13,3,2
211,314,192,314,200,306,18,9,5
192,314,191,298,195,307,24,21,12
118,328,119,318,119,328,28,23,17
118,328,112,323,119,318,27,22,17
112,323,118,328,112,329,26,20,16
133,352,143,341,146,353,28,18,12
133,352,133,358,131,356,47,37,22
133,358,133,352,146,353,47,38,27
90,348,90,355,89,347,7,1,0
96,335,90,348,89,347,7,2,2
102,337,90,348,96,335,7,2,1
128,326,127,334,119,328,32,28,22
127,334,128,326,144,333,15,4,3
94,360,106,350,101,370,12,3,2
106,350,94,360,90,355,11,3,2
90,348,106,350,90,355,10,3,2
199,592,206,595,202,604,10,2,1
206,595,199,592,200,586,5,2,0
198,607,199,592,202,604,15,3,2
199,592,195,581,200,586,7,2,1
199,592,198,607,194,609,15,4,3
234,588,228,597,219,585,20,6,4
230,577,234,588,219,585,24,6,3
234,588,235,579,238,584,41,10,3
235,579,234,588,230,577,26,9,4
245,661,247,663,248,669,22,8,5
247,663,250,668,248,669,17,6,2
247,663,245,661,265,656,5,3,1
247,663,265,656,265,665,4,3,1
250,668,247,663,265,665,5,4,1
243,658,245,661,234,664,31,7,6
236,657,243,658,234,664,33,8,6
256,642,243,658,244,644,3,3,1
245,661,243,658,256,642,3,3,1
622,468,615,470,621,461,48,36,27
629,465,622,468,621,461,92,49,39
632,489,645,496,641,503,205,111,110
630,503,632,489,641,503,240,150,143
630,463,629,465,621,461,86,46,36
629,465,630,463,636,459,98,52,46
565,542,569,534,576,543,96,97,89
569,534,576,532,576,543,61,62,54
569,534,560,536,560,526,77,65,61
591,490,608,491,605,502,35,33,28
608,491,591,490,605,473,96,40,24
699,494,700,492,714,483,2,2,2
700,492,700,489,714,483,2,2,2
700,489,700,492,699,494,3,3,2
660,456,652,454,667,446,135,38,46
652,454,660,456,655,462,127,9,22
660,456,661,466,655,462,66,11,14
671,464,660,456,667,446,121,112,106
661,466,660,456,671,464,138,135,129
647,458,652,454,651,460,240,72,80
647,458,651,460,647,471,226,50,61
641,458,647,458,647,471,249,140,135
653,467,661,466,662,477,83,63,59
651,474,653,467,662,477,89,57,54
661,466,653,467,655,462,75,18,20
653,467,651,474,647,471,170,24,35
651,460,653,467,647,471,205,36,48
653,467,651,460,655,462,165,13,27
605,464,620,457,621,461,19,18,13
604,453,620,457,605,464,21,21,16
623,397,630,385,632,398,23,23,18
641,416,632,421,640,413,111,40,21
603,449,608,445,604,453,26,25,23
664,624,669,632,661,631,42,16,10
672,627,669,632,664,624,30,12,7
669,632,672,627,672,634,7,3,0
669,632,664,644,661,631,37,12,7
664,644,669,632,672,634,18,7,4
625,589,633,591,632,592,84,30,22
625,589,624,585,633,591,54,31,23
610,595,625,589,615,600,88,32,18
624,585,625,589,615,583,37,38,32
625,589,610,595,615,583,45,33,25
631,607,621,605,633,603,21,19,18
621,605,631,607,631,609,17,18,18
631,607,633,603,632,610,15,12,13
631,609,631,607,632,610,15,12,13
606,572,613,574,603,580,37,38,33
613,574,606,572,608,566,41,42,38
602,551,613,536,615,554,38,38,34
626,539,613,536,613,533,61,34,25
613,536,626,539,615,554,34,27,22
613,536,602,551,593,540,62,57,52
613,536,596,529,613,533,29,27,22
596,529,613,536,593,540,54,47,41
635,516,640,522,625,523,30,17,14
640,522,643,510,646,525,11,4,1
640,522,635,516,643,510,22,8,5
643,510,635,511,641,503,101,41,40
635,511,630,503,641,503,176,105,98
629,535,617,527,625,523,81,34,22
626,539,617,527,629,535,82,35,23
621,567,629,558,633,559,26,25,20
615,554,629,558,621,567,32,32,28
638,548,651,551,640,555,38,22,13
596,529,605,524,613,533,31,30,24
605,524,596,529,598,514,72,49,39
596,529,589,517,598,514,154,94,81
583,512,589,517,583,523,135,79,67
591,538,593,540,589,540,201,140,127
591,538,596,529,593,540,173,132,118
656,608,649,599,658,600,66,25,11
667,604,656,608,658,600,56,23,13
656,608,667,604,666,615,57,22,13
665,583,651,590,651,587,38,19,12
651,590,665,583,668,588,40,18,11
656,579,665,583,651,587,34,18,12
665,583,666,581,668,588,64,22,12
632,421,631,412,640,413,119,43,23
641,427,641,416,650,433,176,91,89
638,428,641,427,650,433,167,93,88
641,427,632,421,641,416,101,39,28
632,421,641,427,638,428,91,38,31
630,434,622,439,621,438,59,42,31
630,434,632,421,638,428,105,56,47
705,423,706,428,701,433,81,79,74
708,429,706,428,705,423,29,29,24
642,184,650,192,639,187,68,31,23
650,192,643,197,639,187,56,24,17
650,192,642,184,654,179,59,31,24
643,203,639,212,630,210,49,19,11
630,210,639,212,633,223,32,23,17
639,212,640,226,633,223,38,22,14
639,212,646,222,640,226,84,32,18
660,216,662,215,669,222,57,33,27
662,215,669,217,669,222,65,36,31
654,407,669,402,669,412,196,5,19
654,407,654,399,669,402,189,6,17
654,407,669,412,668,414,202,4,20
650,433,654,407,668,414,207,25,42
641,416,654,407,650,433,172,70,73
654,407,641,416,640,413,123,46,47
655,397,663,392,669,402,177,4,14
654,399,655,397,669,402,185,6,17
663,392,655,397,658,386,180,11,21
669,365,665,358,672,353,76,2,4
665,358,659,352,672,353,47,4,4
665,358,669,365,663,366,85,3,6
353,171,334,174,348,163,30,25,18
353,171,355,182,334,174,26,22,15
353,171,348,163,357,164,15,13,7
360,179,353,171,357,164,19,18,11
355,182,353,171,360,179,25,23,17
463,412,466,407,465,413,161,69,71
466,407,463,412,462,412,164,71,75
464,420,461,417,465,413,29,3,1
461,417,463,412,465,413,27,2,0
463,412,461,417,462,412,21,2,0
461,417,457,409,462,412,34,2,3
461,417,464,420,454,428,69,7,12
461,417,454,428,444,421,61,8,11
457,409,461,417,444,421,57,5,8
277,324,264,330,261,326,29,2,1
277,324,265,336,264,330,29,2,0
277,324,280,325,265,336,28,1,0
286,316,283,321,279,314,49,0,2
283,321,277,324,279,314,30,0,2
277,324,283,321,280,325,14,0,0
283,321,286,316,287,317,46,0,0
283,321,287,317,285,328,25,1,0
280,325,283,321,285,328,15,1,0
223,315,226,308,225,318,104,12,14
226,308,223,315,219,312,80,7,9
219,319,223,315,225,318,76,5,6
223,315,219,319,219,312,65,3,4
269,307,255,309,247,286,188,18,20
255,309,241,333,225,318,53,2,3
238,301,255,309,225,318,53,4,4
231,300,233,302,225,304,119,23,22
225,294,231,300,225,304,131,22,23
212,283,225,294,207,299,28,5,3
225,294,212,283,231,276,40,5,3
255,309,240,295,247,286,157,18,17
240,295,255,309,238,301,107,13,11
231,253,224,263,221,256,60,43,34
224,263,223,264,221,256,70,55,43
223,264,224,263,231,276,30,6,4
301,268,297,256,302,254,20,18,12
296,252,305,244,302,254,34,30,25
297,256,296,252,302,254,30,26,23
296,252,297,256,295,253,40,36,32
296,252,295,253,290,249,34,29,23
305,244,296,252,291,240,30,26,20
296,252,290,249,291,240,28,22,16
252,271,279,265,289,279,182,9,12
290,249,279,242,291,240,44,37,29
279,242,280,237,291,240,45,38,29
259,231,263,228,271,235,92,35,31
263,228,259,220,264,227,113,42,34
263,228,259,231,259,220,116,44,36
220,255,211,257,214,252,54,44,30
211,257,220,255,221,256,55,45,31
211,257,208,249,214,252,44,36,24
218,244,212,242,216,240,62,52,40
208,249,212,242,214,252,40,32,20
212,242,218,244,214,252,55,45,31
252,270,245,259,248,258,103,7,7
252,270,279,265,252,271,187,9,12
245,236,244,250,240,239,55,22,14
252,248,244,250,245,236,74,22,19
244,250,252,248,248,258,100,35,33
245,259,244,250,248,258,124,50,47
217,335,210,338,207,327,20,1,1
210,338,188,339,207,327,10,4,2
210,338,210,341,188,339,9,4,2
210,338,216,342,210,341,22,0,2
216,342,210,338,217,335,24,0,2
242,346,216,342,218,335,52,3,3
242,346,218,335,241,333,53,3,4
242,346,242,349,224,358,43,3,4
216,342,242,346,224,358,45,2,4
265,336,242,346,241,333,55,1,3
242,346,265,336,267,354,47,1,2
242,349,242,346,267,354,42,2,2
361,376,357,381,346,375,36,30,24
363,384,361,376,371,380,22,9,8
357,381,361,376,363,384,33,26,22
346,375,336,380,336,374,56,51,47
339,383,336,380,346,375,68,63,58
336,380,339,383,337,385,80,76,71
336,380,324,387,323,382,92,87,82
324,387,336,380,337,385,92,86,81
335,373,336,380,323,382,72,68,64
336,380,335,373,336,374,66,59,57
357,356,342,369,354,354,22,1,1
357,356,364,347,362,358,12,1,0
357,356,354,354,364,347,11,1,0
342,369,357,356,346,375,21,2,2
361,376,357,356,362,358,22,1,0
357,356,361,376,346,375,21,2,1
370,389,378,390,376,398,100,97,91
366,395,370,389,376,398,103,99,93
370,389,362,393,363,384,85,79,75
370,389,366,395,362,393,108,103,98
376,399,377,402,362,401,119,117,111
366,395,376,399,362,401,114,112,106
376,399,366,395,376,398,115,111,106
383,397,376,399,376,398,87,83,78
377,402,376,399,383,397,105,103,97
383,413,383,409,396,404,114,113,106
383,409,388,403,396,404,112,110,104
403,314,405,317,395,319,26,25,21
407,310,403,314,392,304,15,15,13
403,314,388,311,392,304,19,20,17
388,311,403,314,395,319,20,17,13
424,316,425,331,409,326,26,23,19
417,313,424,316,409,326,29,29,23
424,316,417,313,422,305,43,44,39
436,302,424,316,422,305,42,43,38
441,307,424,316,436,302,41,42,37
417,339,420,341,416,340,90,2,2
427,335,417,339,425,331,36,19,15
417,339,427,335,420,341,48,12,7
452,375,435,363,452,365,157,6,12
427,335,426,332,441,325,44,44,40
426,332,427,335,425,331,32,33,28
385,367,381,357,390,362,23,1,1
431,395,424,398,429,393,35,3,2
424,398,431,395,434,401,39,5,5
421,400,424,398,425,408,52,9,13
424,398,434,401,425,408,49,6,8
397,366,388,372,390,362,21,2,1
397,366,398,368,388,372,14,2,2
397,366,409,370,398,368,80,4,5
407,377,409,379,396,389,30,2,3
398,368,407,377,396,389,27,2,3
409,370,407,377,398,368,31,2,3
409,379,407,377,412,373,17,2,0
407,377,409,370,412,373,50,4,4
420,383,433,385,429,393,37,6,6
424,398,420,383,429,393,29,3,2
420,383,424,398,421,400,35,6,7
436,386,452,375,455,389,222,52,56
443,396,436,386,455,389,191,83,82
436,386,435,363,452,375,190,26,31
435,363,436,386,433,385,220,48,53
431,395,436,386,443,396,93,35,34
436,386,431,395,429,393,41,6,7
433,385,436,386,429,393,56,13,14
395,319,389,324,387,315,33,3,2
389,324,379,343,370,340,56,1,0
389,324,379,308,387,315,36,8,8
379,308,389,324,370,340,46,3,3
381,357,391,346,390,362,67,1,3
391,346,378,345,379,343,72,1,1
391,346,381,357,378,345,75,1,2
452,365,453,359,459,360,61,12,7
453,359,448,352,459,360,29,18,11
567,111,562,104,570,106,7,7,5
562,104,567,111,554,110,6,7,4
574,80,562,104,554,89,7,7,5
570,106,562,104,574,80,7,7,5
562,104,549,108,554,89,7,8,5
562,104,554,110,549,108,6,6,4
566,114,572,116,562,120,12,13,10
566,114,567,111,572,116,12,13,10
554,110,566,114,562,120,12,12,10
567,111,566,114,554,110,10,11,8
580,115,601,123,583,127,8,8,6
580,115,594,107,601,123,8,8,5
580,115,572,116,570,106,8,8,6
580,115,570,106,586,93,7,7,5
594,107,580,115,586,93,8,7,5
496,189,490,186,500,181,28,29,27
497,190,496,189,500,181,36,36,36
496,189,482,200,490,186,21,21,19
496,189,497,190,482,200,20,20,18
491,177,484,173,491,175,16,16,16
484,173,487,166,491,175,18,18,17
473,164,481,163,474,168,73,43,27
481,163,484,173,474,168,40,28,19
484,173,481,163,487,166,23,21,17
476,150,481,163,473,152,73,27,15
481,163,476,150,480,146,64,26,14
473,152,481,163,470,157,75,28,16
481,163,473,164,470,157,111,44,27
481,163,480,146,489,143,68,30,17
487,166,481,163,489,143,63,29,18
463,104,459,109,449,100,11,10,7
463,104,463,106,459,109,16,15,11
460,90,463,104,449,100,13,12,9
469,94,463,104,460,90,11,11,8
463,106,463,104,467,105,13,13,9
463,104,469,94,467,105,7,8,6
479,83,476,92,471,85,15,14,11
476,92,469,94,471,85,16,15,12
476,92,479,83,486,89,16,15,12
487,95,476,92,486,89,10,10,7
483,103,476,92,487,95,12,10,8
469,94,476,92,483,103,11,10,8
446,75,452,67,453,84,11,11,7
451,65,452,67,446,75,11,11,6
452,67,451,65,458,63,10,9,6
452,67,469,76,453,84,11,10,8
468,69,452,67,458,63,8,8,6
469,76,452,67,468,69,12,11,8
461,56,456,57,456,55,9,9,4
456,57,461,56,459,62,11,11,7
456,57,459,62,458,63,9,10,5
451,58,456,57,458,63,10,10,6
456,55,456,57,451,58,7,6,2
456,35,457,40,453,36,20,11,2
457,40,456,35,458,34,35,13,2
469,45,457,40,464,33,62,19,9
457,40,458,34,464,33,73,23,9
505,85,513,84,504,88,105,29,16
513,84,515,89,504,88,93,26,14
513,84,505,85,510,82,90,24,11
515,89,513,84,526,90,20,10,6
513,84,536,77,526,90,13,10,7
513,84,531,65,536,77,10,10,7
531,65,513,84,510,82,12,11,8
504,101,509,103,508,112,13,13,10
504,101,504,100,509,103,17,15,12
504,101,508,112,501,115,12,12,9
495,102,504,101,501,115,14,15,11
504,100,504,101,495,102,15,16,15
544,103,539,99,539,98,11,12,9
537,105,539,99,544,103,11,12,9
533,97,539,99,537,105,13,13,9
539,99,535,96,539,98,14,14,10
539,99,533,97,535,96,14,15,10
536,91,539,92,535,96,8,9,6
536,91,533,97,526,90,9,10,6
533,97,536,91,535,96,12,13,8
536,77,536,91,526,90,9,9,6
539,92,536,91,536,77,11,10,6
498,78,497,79,498,75,77,21,5
505,85,498,78,510,82,87,26,10
498,78,505,85,497,81,78,24,9
497,79,498,78,497,81,35,12,1
510,82,498,78,500,72,79,22,9
498,78,498,75,500,72,122,35,12
490,68,489,59,493,65,102,30,16
490,68,477,71,489,59,43,17,8
490,68,498,75,489,74,85,23,9
490,68,493,65,500,72,94,27,13
498,75,490,68,500,72,92,25,10
581,139,587,137,581,144,59,21,10
529,145,524,144,532,133,111,34,17
540,140,529,145,532,133,138,34,13
504,151,513,156,510,160,25,19,15
512,149,513,156,504,151,45,23,17
510,160,513,156,520,162,19,19,15
539,129,533,121,552,118,28,16,11
542,131,539,129,552,118,17,14,11
546,188,560,182,561,183,84,27,16
561,183,560,182,567,177,7,8,4
292,232,283,233,287,224,45,39,27
283,233,283,225,287,224,50,45,32
275,237,283,233,280,237,59,51,38
281,222,287,221,283,225,84,73,57
300,207,290,206,298,200,87,72,50
300,207,300,212,295,213,118,100,78
290,206,300,207,295,213,117,101,79
300,207,304,210,300,212,117,97,75
300,207,303,204,304,210,136,111,86
300,207,298,200,303,203,137,113,86
303,204,300,207,303,203,146,117,90
266,199,276,201,261,216,133,101,75
276,201,266,199,272,194,104,82,57
279,191,276,201,272,194,86,69,45
282,205,276,201,285,202,119,98,65
287,195,276,201,279,191,119,99,71
276,201,287,195,285,202,126,106,76
282,214,282,205,285,211,85,69,48
282,214,281,222,270,223,78,63,43
282,214,276,201,282,205,118,98,70
287,221,282,214,285,211,99,85,65
281,222,282,214,287,221,100,87,68
282,214,270,223,261,216,98,66,49
276,201,282,214,261,216,128,100,74
390,126,382,131,376,116,53,24,12
382,131,373,130,376,116,86,34,17
392,133,382,131,390,126,62,26,13
385,138,382,131,392,133,97,38,19
370,145,381,136,386,147,36,25,17
381,136,385,138,386,147,56,31,18
381,136,370,145,373,130,41,27,18
382,131,381,136,373,130,78,41,24
381,136,382,131,385,138,112,45,24
348,124,351,122,351,123,20,19,12
348,124,343,120,351,122,21,19,13
348,124,351,123,356,132,14,13,7
348,124,348,140,344,142,18,17,11
354,137,348,124,356,132,18,17,11
348,124,354,137,348,140,20,19,13
330,125,348,124,344,142,20,18,12
343,120,348,124,330,125,19,18,12
359,135,354,137,356,132,19,18,12
354,137,359,135,362,144,15,14,7
369,128,359,135,356,132,19,18,11
359,135,369,128,370,129,20,18,11
359,135,370,145,362,144,14,13,6
359,135,370,129,370,145,16,14,8
411,248,407,240,418,245,36,34,30
411,248,405,252,407,240,40,38,33
343,210,336,211,335,207,22,19,13
336,211,343,210,337,216,32,28,23
335,207,336,211,333,219,25,22,15
336,211,337,216,333,219,27,24,17
337,216,336,220,333,219,24,20,13
339,224,336,220,337,216,32,29,24
333,219,336,220,326,228,31,28,20
336,220,339,224,326,228,30,27,20
397,503,406,506,402,510,169,170,167
400,558,394,557,399,552,77,70,65
400,579,394,557,400,558,10,3,1
379,579,394,557,400,579,9,2,1
394,549,387,555,385,547,89,85,79
389,542,394,549,385,547,87,86,80
394,549,394,557,387,555,73,67,63
394,549,389,542,392,536,93,93,87
404,545,394,549,392,536,94,93,88
365,569,376,562,372,578,7,1,0
376,562,379,579,372,578,7,1,0
376,562,394,557,379,579,9,1,1
394,557,376,562,387,555,17,9,7
388,541,389,542,385,547,83,83,77
392,536,388,541,387,534,98,99,94
389,542,388,541,392,536,90,91,86
385,516,372,526,369,513,144,145,140
372,526,363,517,369,513,134,136,130
363,517,372,526,361,530,121,123,117
402,510,396,508,396,505,154,156,152
396,508,390,511,396,505,173,176,171
512,459,515,461,503,473,80,6,10
512,459,495,462,500,455,78,8,12
495,462,512,459,503,473,97,10,16
512,459,503,452,512,453,100,8,19
503,452,512,459,500,455,85,7,16
519,460,512,459,512,453,118,6,12
515,461,512,459,519,460,138,12,16
505,485,503,478,508,483,68,15,14
507,486,505,485,508,483,22,7,2
503,509,503,502,509,508,135,136,129
503,509,514,516,498,515,140,141,134
503,509,509,508,514,516,143,144,137
493,510,503,509,498,515,131,133,125
503,502,503,509,493,510,138,140,132
483,503,503,502,493,510,142,145,136
487,512,483,503,493,510,139,143,134
475,500,483,503,471,506,157,161,155
471,506,483,503,482,517,137,140,134
483,503,487,512,482,517,139,141,135
450,489,461,491,455,493,177,177,173
450,489,446,478,456,474,168,168,164
462,476,450,489,456,474,169,170,165
461,491,450,489,462,476,167,168,163
446,478,450,489,443,483,175,176,171
450,489,441,484,443,483,169,170,165
460,498,461,491,471,495,168,169,164
460,498,462,505,461,504,132,132,128
462,505,460,498,471,495,160,161,156
461,491,460,498,455,493,179,180,175
453,501,460,498,461,504,161,162,157
455,493,460,498,453,501,172,173,168
450,431,457,435,450,442,81,79,72
450,431,454,428,458,432,37,6,6
457,435,450,431,458,432,40,30,25
443,424,450,431,437,430,63,59,52
450,431,443,424,454,428,40,22,18
450,431,435,434,437,430,113,113,105
450,431,450,442,435,434,128,128,121
461,440,457,435,463,436,34,24,19
461,440,466,441,462,444,37,32,25
466,441,461,440,463,436,30,8,6
450,442,461,440,462,444,116,118,110
457,435,461,440,450,442,90,88,81
373,430,371,417,378,421,150,149,143
371,417,373,430,366,418,157,155,149
366,418,373,430,359,424,162,159,154
373,430,353,438,359,424,169,166,161
353,438,373,430,369,445,173,170,165
379,433,388,437,379,434,167,168,163
388,437,381,442,379,434,166,166,161
381,442,388,437,390,440,177,178,173
388,437,401,435,394,441,167,167,162
390,440,388,437,394,441,158,158,153
379,444,381,450,373,447,180,180,176
379,444,381,442,381,450,183,183,180
401,435,385,428,401,411,139,138,133
385,428,384,425,401,411,135,133,127
388,437,385,428,401,435,155,155,150
385,428,388,437,379,433,165,166,160
383,420,383,413,401,411,125,124,118
384,425,383,420,401,411,131,130,124
383,413,383,420,378,421,138,137,131
409,427,411,429,401,435,145,143,138
411,429,407,438,401,435,151,150,145
407,438,411,429,420,439,138,137,132
420,439,411,429,425,433,137,137,131
411,429,423,426,425,433,127,127,121
423,426,411,429,411,422,124,123,117
411,429,409,427,411,422,103,102,96
489,427,484,432,484,426,193,91,91
489,427,484,426,482,418,221,67,72
493,425,489,427,482,418,199,46,53
489,427,493,425,496,429,181,23,32
469,526,470,508,482,517,124,125,120
469,526,463,519,470,508,136,137,132
463,519,462,513,470,508,143,144,139
462,513,463,519,454,516,143,144,139
432,502,424,496,430,490,174,174,172
424,485,424,496,419,492,169,169,167
430,490,424,496,424,485,165,165,163
441,484,443,494,430,490,173,174,169
443,494,432,502,430,490,171,172,168
450,489,443,494,441,484,166,167,162
441,510,443,494,453,501,166,167,162
443,494,455,493,453,501,170,171,166
443,494,450,489,455,493,164,165,160
432,502,443,494,435,508,170,171,166
443,494,441,510,435,508,166,167,162
441,525,441,510,454,516,145,146,141
441,525,442,527,437,528,129,129,125
535,579,537,569,543,577,93,61,52
535,579,543,577,544,578,154,89,74
535,579,531,581,531,568,113,71,60
537,569,535,579,531,568,117,77,66
535,579,531,585,531,581,54,36,24
543,590,535,579,544,578,88,51,38
531,585,535,579,543,590,69,44,33
495,608,496,602,504,605,23,24,21
496,602,495,608,485,604,18,21,18
503,586,495,596,490,584,19,20,16
493,571,503,586,490,584,18,13,11
503,586,493,571,499,567,18,11,10
488,556,493,553,495,555,73,18,17
498,525,481,534,482,517,109,107,99
481,534,498,525,492,537,94,83,75
481,534,469,526,482,517,110,111,105
469,526,481,534,470,533,107,107,102
494,548,486,540,492,537,74,10,11
486,540,481,534,492,537,58,38,30
479,547,483,545,488,556,49,1,1
483,545,493,553,488,556,56,4,4
493,553,483,545,494,548,55,3,2
483,545,486,540,494,548,71,6,9
470,533,469,541,464,542,109,110,101
493,571,480,566,488,556,51,6,6
474,561,480,566,476,568,57,10,12
480,566,474,561,488,556,54,9,9
416,562,428,576,423,577,13,3,2
434,567,428,576,416,562,12,2,1
423,577,428,576,427,583,46,13,15
544,522,537,521,540,519,249,168,164
537,521,540,518,540,519,232,157,153
537,521,522,516,532,505,97,17,17
540,518,537,521,532,505,105,38,38
538,530,547,539,529,535,85,40,38
531,527,538,530,529,535,204,126,119
538,530,537,521,544,522,187,113,108
540,518,542,517,540,519,250,171,172
542,517,544,522,540,519,251,170,168
544,554,549,553,551,566,83,84,77
549,553,559,555,551,566,87,91,83
520,574,524,568,531,581,89,43,31
517,565,520,574,514,573,83,31,22
520,574,517,565,524,568,103,35,20
504,560,499,567,495,555,46,3,4
508,557,504,560,495,555,63,4,7
520,532,519,546,519,531,182,24,35
519,546,502,543,519,531,129,13,16
519,546,520,532,529,535,168,56,61
522,562,519,546,535,559,29,12,10
540,550,519,546,529,535,84,25,27
519,546,540,550,535,559,39,22,20
560,536,553,533,560,526,39,27,23
553,533,544,522,560,526,32,6,6
538,530,553,533,547,539,31,8,8
553,533,538,530,544,522,78,35,34
546,545,555,541,555,549,76,79,71
555,541,546,545,547,539,69,68,61
553,533,555,541,547,539,41,30,27
555,541,553,533,560,536,90,87,80
606,572,597,564,608,566,73,75,68
608,566,597,564,601,556,73,75,67
595,553,602,551,601,556,59,61,52
595,553,593,550,602,551,76,73,65
597,564,595,553,601,556,77,80,70
595,553,597,564,593,565,104,101,91
593,550,586,548,589,540,148,87,74
580,566,589,570,582,573,135,75,62
582,573,589,570,586,575,145,78,67
589,570,599,579,586,575,160,149,138
608,491,617,494,617,501,39,33,27
602,437,599,443,596,440,55,31,24
596,440,599,443,593,446,108,33,19
599,443,603,449,593,446,82,32,21
608,445,599,443,602,437,25,23,20
599,443,608,445,603,449,24,21,18
532,620,521,615,524,613,12,13,10
517,631,521,615,532,620,12,13,9
521,615,523,612,524,613,12,12,10
513,609,521,615,508,611,18,19,16
521,615,517,631,508,611,14,14,11
521,607,521,615,513,609,23,23,21
523,612,521,615,521,607,12,13,10
561,561,553,572,551,566,71,76,67
553,572,561,561,555,574,68,73,64
553,572,543,577,551,566,68,67,57
543,577,553,572,544,578,60,52,41
550,583,553,582,550,587,148,86,74
550,583,543,590,544,578,109,56,47
550,583,550,587,543,590,103,50,44
572,674,571,671,580,673,61,14,4
565,686,572,674,580,673,13,11,7
556,689,565,686,563,692,11,12,9
543,687,556,689,545,695,12,12,7
555,701,556,689,563,692,9,9,7
545,695,556,689,555,701,9,10,6
600,761,593,763,588,746,7,8,7
599,737,600,761,588,746,10,8,6
614,731,614,719,618,733,61,16,9
610,727,604,721,612,719,41,14,7
614,719,610,727,612,719,54,18,6
614,731,610,727,614,719,61,18,5
628,777,628,773,633,768,20,11,4
523,664,507,667,519,654,12,11,8
532,666,523,664,519,654,26,14,9
523,664,532,666,527,679,10,11,6
541,676,556,689,543,687,42,14,8
507,667,504,663,505,662,18,19,14
501,670,504,663,507,667,13,14,10
504,663,501,670,494,659,11,12,9
496,658,504,663,494,659,13,14,11
529,688,516,686,527,679,13,13,9
516,686,529,688,529,690,13,12,9
529,690,529,688,543,687,78,16,6
561,650,566,640,571,657,26,14,10
566,640,561,650,557,635,84,21,8
563,630,566,640,557,635,93,21,8
554,627,563,630,557,635,51,18,10
562,625,563,630,554,627,37,17,13
571,671,572,667,580,673,123,56,42
572,667,577,662,580,673,113,65,53
593,639,577,662,585,638,10,11,8
593,639,601,645,577,662,10,11,8
587,634,593,639,585,638,13,14,10
596,633,593,639,587,634,12,13,9
601,645,601,636,607,635,11,11,9
601,636,602,629,607,635,16,16,14
601,636,596,633,602,629,18,18,16
519,634,517,631,533,621,14,15,11
544,632,554,627,557,635,19,18,14
542,636,544,632,557,635,17,15,11
550,646,561,650,559,653,95,18,9
550,646,542,636,557,635,24,11,7
561,650,550,646,557,635,71,16,8
534,637,519,634,533,621,14,15,11
519,634,534,637,527,643,20,16,12
534,637,544,632,542,636,13,14,11
548,733,546,728,548,727,129,90,75
507,791,525,787,520,799,74,36,27
525,787,527,785,532,792,69,50,43
533,767,540,738,551,739,11,11,9
540,779,533,767,545,779,12,13,10
527,785,540,779,535,790,17,15,12
535,790,540,779,538,793,31,26,21
540,779,545,779,538,793,22,19,14
530,768,540,779,527,785,11,12,10
540,779,530,768,533,767,12,12,10
593,763,594,772,587,781,8,8,7
600,761,594,772,593,763,9,9,8
599,788,590,789,587,781,18,12,6
594,772,599,788,587,781,11,9,6
599,788,594,772,604,781,18,10,6
595,792,599,788,599,791,84,27,8
590,789,599,788,595,792,71,26,8
608,787,607,800,599,791,58,16,8
599,788,608,787,599,791,98,27,14
607,800,608,787,623,799,18,8,5
608,787,621,786,623,799,19,8,4
587,741,599,737,588,746,14,7,5
585,742,587,741,588,746,8,7,6
599,737,587,741,586,735,39,11,5
587,741,585,742,586,735,47,16,8
571,732,570,740,557,729,103,67,56
573,730,571,732,557,729,111,91,77
573,731,571,732,573,730,98,72,61
570,740,575,733,585,742,81,41,32
585,742,575,733,586,735,79,38,29
575,733,571,732,573,731,150,113,102
571,732,575,733,570,740,108,62,51
575,733,573,730,586,735,150,98,83
575,733,573,731,573,730,140,109,97
529,798,535,795,536,800,85,42,30
535,795,529,798,532,792,130,79,67
541,796,535,795,538,793,164,122,106
535,795,541,796,536,800,117,66,51
535,795,535,790,538,793,122,94,83
535,795,532,792,535,790,144,99,92
554,815,540,819,554,803,13,12,9
563,805,554,815,554,803,15,11,9
554,815,563,805,569,827,10,10,9
554,815,559,841,540,819,8,9,8
559,841,554,815,569,827,9,9,8
540,819,530,842,526,828,8,8,8
559,841,530,842,540,819,8,8,8
530,842,518,843,526,828,7,8,6
518,843,530,842,519,851,6,6,4
530,842,522,858,519,851,29,12,6
551,870,553,860,561,864,40,13,9
572,840,559,841,569,827,9,9,8
577,839,572,840,569,827,9,10,8
572,840,577,839,580,849,7,6,5
586,821,597,824,593,830,5,5,4
578,826,586,821,593,830,6,6,6
597,824,586,821,589,810,8,8,8
586,821,576,804,589,810,10,9,8
586,821,578,826,576,804,9,8,7
457,165,452,182,449,180,81,35,24
452,182,451,184,449,180,56,31,25
451,184,452,182,453,184,27,19,17
423,175,424,179,418,176,126,35,18
423,175,427,171,424,179,53,19,9
419,160,423,175,418,176,60,26,13
427,171,423,175,419,160,40,22,13
473,200,464,196,475,193,29,29,27
473,206,473,200,477,204,26,26,23
473,200,482,200,477,204,19,20,17
473,200,475,193,482,200,26,27,24
419,220,419,219,426,223,27,28,23
419,219,419,220,417,216,36,36,28
461,268,461,271,449,275,79,80,73
456,282,461,271,460,281,82,83,75
449,275,461,271,456,282,94,95,87
461,271,467,272,460,281,85,86,78
461,271,461,268,467,272,108,100,91
454,256,460,254,456,258,74,66,61
447,255,454,256,456,258,49,49,45
441,276,449,275,441,277,50,51,45
441,276,444,269,449,275,58,58,53
496,258,501,255,496,265,117,119,110
496,258,491,257,496,248,96,100,91
501,255,496,258,496,248,69,73,65
489,267,491,259,496,265,124,126,116
491,259,496,258,496,265,126,128,118
496,258,491,259,491,257,92,96,86
519,294,519,295,509,289,143,145,136
519,295,519,296,509,289,137,139,129
524,291,519,294,514,280,163,166,156
524,291,530,286,529,301,131,123,111
524,291,519,295,519,294,43,45,36
519,296,524,291,529,301,90,85,75
519,295,524,291,519,296,42,44,36
485,283,479,287,483,279,171,128,116
479,287,485,283,487,285,165,128,116
484,278,485,283,483,279,179,160,147
487,285,485,283,489,275,81,74,66
485,283,484,278,489,275,99,92,84
533,269,523,266,525,261,107,108,101
520,276,524,291,514,280,165,169,159
524,291,520,276,530,286,159,164,154
512,278,520,276,514,280,132,136,126
563,292,570,297,561,293,41,36,26
563,292,561,293,557,283,124,49,31
588,300,592,311,575,307,91,58,50
594,309,588,300,596,304,41,38,36
588,300,594,309,592,311,43,40,38
571,275,571,277,567,278,37,13,9
571,277,571,275,576,272,128,59,43
542,300,544,299,548,305,105,88,76
539,302,542,300,548,305,98,82,70
542,300,542,298,544,299,103,49,34
542,300,539,302,542,298,119,69,54
551,209,555,222,549,218,31,32,28
555,222,571,215,562,227,83,36,24
571,215,555,222,555,205,83,34,19
555,222,551,209,555,205,31,32,27
549,218,555,222,541,229,25,26,23
555,222,543,237,541,229,32,32,30
560,238,555,222,562,227,34,32,28
543,237,555,222,560,238,31,31,28
510,211,506,198,512,210,30,30,28
506,198,516,204,512,210,28,28,26
516,204,506,198,509,197,27,27,25
506,198,510,211,494,215,27,28,25
488,207,506,198,494,215,26,27,24
497,190,506,198,488,207,21,22,19
509,197,506,198,508,192,27,28,25
506,198,497,190,508,192,18,18,16
517,212,524,213,521,221,39,41,38
515,214,517,212,521,221,33,36,33
517,212,516,204,524,213,19,21,18
516,204,517,212,512,210,22,24,21
517,212,515,214,512,210,15,17,15
644,331,640,331,643,322,141,94,78
656,300,654,304,653,302,79,39,30
656,307,654,304,656,300,84,38,24
654,304,656,307,655,309,105,32,15
653,302,654,304,650,312,90,24,9
654,304,655,309,650,312,87,23,7
658,310,658,309,669,308,38,24,15
655,309,658,309,658,310,113,31,19
656,307,658,309,655,309,105,34,22
661,299,654,295,668,291,15,16,11
654,295,661,299,656,300,25,24,18
677,296,661,299,668,291,14,12,9
661,299,677,296,669,308,21,19,16
658,309,661,299,669,308,34,30,24
661,299,656,307,656,300,44,32,22
661,299,658,309,656,307,50,32,21
640,360,641,350,647,351,78,44,35
637,354,641,350,640,360,146,107,93
641,350,637,354,636,347,127,93,82
640,331,640,338,638,332,100,79,66
644,331,640,338,640,331,150,101,86
640,338,644,331,646,337,123,79,66
486,312,485,308,493,310,129,87,80
485,308,491,303,493,310,132,92,83
485,308,486,312,482,313,144,137,123
485,308,482,313,475,311,94,95,83
499,300,492,292,494,288,164,165,154
491,303,492,292,499,300,144,141,130
492,292,487,285,494,288,140,134,124
623,397,610,403,614,394,22,18,14
610,403,623,397,622,409,63,28,18
643,373,639,371,646,361,80,50,40
639,371,640,360,646,361,85,54,43
639,371,636,364,640,360,145,110,98
604,384,612,390,597,400,28,28,24
610,403,612,390,614,394,26,23,18
598,371,607,380,594,376,26,25,22
607,380,604,384,594,376,21,20,18
607,380,598,371,604,367,28,28,25
619,370,607,380,604,367,22,23,19
607,380,619,370,621,372,18,19,15
607,380,612,390,604,384,31,31,29
586,392,584,393,580,385,51,35,28
584,393,586,392,584,395,72,40,26
580,385,584,393,567,397,36,36,31
567,397,584,393,574,402,43,43,38
584,393,584,395,574,402,43,41,37
594,415,590,411,595,406,161,42,16
590,411,594,415,590,417,166,48,21
591,427,603,432,596,440,92,35,25
603,430,603,432,591,427,92,37,27
603,432,602,437,596,440,56,34,28
594,415,610,429,603,430,41,28,23
582,422,579,425,580,416,34,32,29
586,414,582,422,580,416,46,33,28
582,422,586,414,590,417,74,26,17
579,425,582,422,591,427,54,24,16
560,448,559,438,572,450,46,48,43
560,417,559,420,544,412,34,30,24
564,418,559,420,560,417,133,73,58
571,426,559,420,564,418,118,73,57
536,435,547,430,540,441,144,66,41
547,430,536,435,539,421,106,54,38
547,430,539,421,544,412,53,38,29
559,420,547,430,544,412,79,52,42
643,388,640,391,636,389,107,71,58
645,383,643,388,636,389,95,63,52
643,388,654,399,640,391,52,22,20
643,388,655,397,654,399,63,22,23
643,388,645,383,658,386,52,14,15
655,397,643,388,658,386,79,18,20
658,377,646,379,643,373,25,12,11
646,379,658,377,658,386,42,13,13
645,383,646,379,658,386,44,14,14
497,226,491,227,490,225,51,53,48
502,219,497,226,494,215,34,35,32
497,226,490,225,494,215,33,33,30
497,226,502,219,499,231,40,42,37
491,228,497,226,499,231,46,48,42
491,227,497,226,491,228,52,54,49
426,223,430,215,439,221,27,24,20
430,215,439,209,439,221,49,33,29
439,209,430,215,425,206,57,34,28
419,219,430,215,426,223,25,25,20
425,206,430,215,417,211,60,41,33
417,211,430,215,417,216,43,34,29
430,215,419,219,417,216,27,27,21
439,209,440,201,448,210,76,30,15
445,235,439,247,437,236,32,32,30
439,247,435,242,437,236,27,28,25
439,247,447,255,438,255,45,46,40
424,275,432,284,421,278,43,44,39
424,275,428,274,432,284,45,46,40
424,275,421,278,421,272,31,32,27
428,274,424,275,421,272,22,23,17
471,237,476,229,481,233,53,54,48
479,240,471,237,481,233,43,44,36
471,237,464,244,462,238,65,47,41
461,256,470,250,463,260,135,72,54
470,250,461,256,460,254,132,71,51
472,263,470,250,477,253,118,104,90
464,261,464,264,463,260,83,52,36
464,264,464,261,472,263,134,67,55
470,250,464,261,463,260,141,75,58
464,261,470,250,472,263,141,85,68
449,285,443,283,449,275,75,75,70
451,286,449,285,456,282,87,88,81
449,285,449,275,456,282,94,96,88
443,283,449,285,443,289,88,89,83
443,289,449,285,449,291,72,73,68
449,285,451,286,449,291,86,87,79
439,296,442,299,436,302,82,82,78
427,300,439,296,436,302,49,49,45
439,296,427,300,438,292,34,35,32
439,296,438,292,443,289,55,55,52
447,298,439,296,443,289,67,68,64
442,299,439,296,447,298,69,69,65
638,704,638,714,632,716,56,21,9
638,714,641,722,632,716,19,12,7
638,714,645,718,641,722,30,20,14
636,688,640,691,632,688,9,9,4
640,691,638,704,632,688,30,14,6
653,706,656,687,667,703,14,5,2
662,710,653,706,667,703,10,5,3
638,736,636,742,632,740,32,19,14
638,726,638,736,632,740,20,14,10
636,742,638,736,647,744,50,18,12
623,708,626,714,619,715,19,10,4
613,709,623,708,619,715,9,7,5
638,704,623,708,619,700,27,13,7
626,714,623,708,638,704,46,18,8
595,691,601,695,589,694,6,6,4
601,695,602,713,589,694,10,10,8
603,696,601,695,602,678,8,8,6
601,695,595,691,602,678,10,11,8
593,690,595,691,589,694,6,7,4
580,673,593,690,589,694,16,11,7
594,676,593,690,580,673,17,11,7
593,690,594,676,602,678,12,12,10
595,691,593,690,602,678,11,12,9
616,693,604,697,603,696,8,7,7
604,697,613,709,602,713,8,8,7
601,695,604,697,602,713,8,8,6
604,697,601,695,603,696,8,8,6
558,927,566,932,555,929,11,12,9
558,927,560,925,566,932,11,12,9
556,912,558,927,555,929,7,7,5
560,925,558,927,556,912,7,7,5
606,838,603,834,614,833,30,10,6
616,843,606,838,614,833,12,5,1
606,838,616,843,607,844,5,4,0
602,832,603,834,599,835,38,12,5
602,832,599,835,593,830,13,7,3
598,825,602,832,593,830,7,6,3
602,832,598,825,602,825,10,6,2
602,832,602,825,614,833,36,13,8
603,834,602,832,614,833,39,13,8
537,869,522,858,540,862,43,16,8
522,858,537,869,532,877,30,15,8
537,869,540,874,532,877,21,16,13
552,896,576,899,565,913,7,8,5
576,899,579,891,585,905,4,4,4
519,877,530,878,519,882,11,12,8
514,864,519,877,509,871,8,7,4
522,858,519,877,514,864,20,8,4
530,878,519,877,522,858,25,12,6
503,881,519,877,519,882,3,4,1
519,877,503,881,509,871,3,4,2
536,898,548,894,544,907,18,11,8
536,898,539,893,548,894,30,16,12
532,910,536,898,544,907,20,12,8
536,898,532,910,526,893,49,21,15
539,893,536,898,526,893,58,24,19
548,883,539,893,532,877,36,21,19
540,874,548,883,532,877,29,20,18
548,883,540,874,545,876,30,20,18
539,893,548,883,548,894,32,18,15
548,883,552,896,548,894,9,8,3
586,846,583,850,580,849,33,13,6
591,851,583,850,586,846,57,20,13
567,856,572,840,580,849,21,9,5
572,840,567,856,559,841,14,8,4
583,584,588,590,585,596,84,50,33
588,590,583,584,595,586,105,89,77
588,590,589,599,585,596,101,70,55
588,590,599,594,589,599,111,86,73
588,590,595,586,599,594,80,80,72
595,586,584,578,586,575,156,139,125
583,584,584,578,595,586,155,137,122
584,578,582,573,586,575,165,84,71
666,581,665,578,668,575,75,28,18
668,575,665,578,657,576,40,18,12
665,578,656,579,657,576,29,15,10
665,578,665,583,656,579,34,18,13
665,583,665,578,666,581,76,29,20
450,888,453,887,463,894,22,15,5
453,887,454,883,463,894,27,21,11
454,883,453,887,450,888,48,49,43
452,864,449,868,443,860,46,40,36
449,868,441,862,443,860,59,55,49
449,868,459,876,445,874,50,50,45
449,868,452,864,459,876,46,45,40
441,862,440,865,439,863,94,96,87
433,870,440,865,438,871,60,62,55
440,865,433,870,439,863,75,77,69
449,868,440,865,441,862,56,54,48
440,865,445,874,438,871,40,40,35
440,865,449,868,445,874,34,34,29
473,842,473,845,470,843,56,9,1
477,838,473,842,466,829,40,13,6
473,842,462,836,466,829,52,16,7
473,842,470,843,462,836,64,18,7
450,830,452,834,447,840,43,7,1
452,834,450,830,455,831,75,13,4
447,840,452,834,460,841,61,8,1
452,834,462,836,460,841,75,10,2
462,836,452,834,455,831,85,11,3
450,830,442,824,458,821,62,18,10
442,824,450,830,441,827,68,20,12
429,817,436,819,427,820,58,13,6
429,817,424,816,434,813,60,14,6
429,817,427,820,424,816,25,3,1
435,810,436,815,434,813,34,11,3
436,815,429,817,434,813,66,20,8
429,817,436,815,436,819,70,18,8
436,815,442,824,436,819,70,29,19
442,824,436,815,458,821,37,15,10
436,815,462,814,458,821,28,12,8
436,815,435,810,462,814,9,5,4
488,890,501,889,501,895,12,4,1
488,890,491,884,501,889,13,4,1
491,884,488,890,483,891,36,9,5
488,890,481,899,483,891,19,6,2
481,899,488,890,488,904,13,5,1
488,890,501,895,498,903,9,5,2
488,904,488,890,498,903,7,5,1
76,256,84,250,76,257,13,8,4
84,250,76,256,76,249,15,9,4
76,249,76,256,75,246,19,9,8
76,256,33,260,75,246,3,2,2
76,256,76,257,33,260,2,2,2
108,240,109,242,101,251,8,8,3
114,236,109,242,108,240,10,10,4
106,229,114,236,108,240,25,15,8
97,238,84,233,89,228,42,13,8
97,238,106,229,108,240,31,13,7
97,238,108,240,101,251,9,8,3
84,250,97,238,101,251,21,14,7
84,233,97,238,84,250,31,15,9
157,67,170,73,154,70,42,12,4
173,64,157,67,160,60,36,10,3
170,73,157,67,173,64,50,15,5
170,77,173,75,172,78,57,22,10
170,77,170,73,173,75,65,25,14
170,77,172,78,165,88,48,20,12
154,70,170,77,165,88,43,14,8
170,73,170,77,154,70,45,13,7
153,93,149,85,165,88,38,14,7
165,90,153,93,165,88,48,16,9
166,98,153,93,165,90,49,16,10
148,97,153,93,151,106,20,8,2
151,106,153,93,161,108,50,17,11
153,93,166,98,161,108,45,16,10
142,92,132,91,140,83,14,9,5
149,85,142,92,140,83,21,15,9
153,93,142,92,149,85,17,12,6
142,92,153,93,148,97,15,9,3
229,75,224,80,222,61,12,9,5
224,80,204,61,222,61,12,10,5
224,80,206,87,204,61,11,9,4
196,99,187,80,206,87,11,9,5
175,81,187,80,176,107,12,10,5
187,80,196,99,176,107,11,10,5
187,80,175,81,173,75,12,9,4
182,66,187,80,173,75,21,11,5
196,99,197,100,197,104,7,6,2
197,100,196,99,206,87,10,9,5
181,147,175,135,194,129,18,15,9
171,141,175,135,181,147,16,14,7
194,129,175,135,179,119,16,14,8
175,135,166,117,179,119,14,12,6
166,117,175,135,154,124,13,9,4
175,135,171,141,154,124,13,11,6
200,306,200,296,205,305,25,17,9
200,296,207,299,205,305,24,15,9
200,296,200,306,195,307,28,24,14
191,298,200,296,195,307,27,23,14
194,272,175,270,191,265,56,46,30
165,317,157,310,169,309,21,20,14
157,310,165,317,156,311,20,18,13
157,310,159,303,169,309,16,15,9
165,277,169,279,168,285,27,22,14
112,261,101,251,116,245,7,7,3
112,261,96,258,101,251,5,5,2
130,253,112,261,116,245,12,9,5
127,267,130,253,132,268,28,14,8
112,261,127,267,114,265,14,12,8
130,253,127,267,112,261,16,12,8
123,273,124,281,105,278,5,5,2
114,265,123,273,105,278,6,6,3
127,267,123,273,114,265,14,12,8
103,293,109,298,103,302,21,19,13
109,298,116,304,103,302,18,16,11
105,278,109,298,103,293,12,11,6
124,281,109,298,105,278,6,5,2
172,253,169,248,179,246,55,46,32
172,253,184,259,171,258,71,60,44
184,259,172,253,179,246,74,63,46
125,230,124,231,122,232,15,12,2
124,231,127,241,122,232,7,6,0
130,253,140,260,132,268,62,32,22
140,260,130,253,137,254,59,31,22
222,167,225,165,223,172,41,35,25
219,168,222,167,220,171,48,42,31
222,167,223,172,220,171,47,40,30
225,161,222,167,219,168,38,33,24
225,165,222,167,225,161,42,37,28
234,213,235,210,239,212,88,70,50
233,223,234,213,239,212,99,81,60
243,84,240,75,247,83,15,12,7
250,91,243,84,247,83,15,12,8
243,84,250,91,227,95,16,14,10
224,80,243,84,227,95,15,13,9
240,75,243,84,229,75,12,10,6
243,84,224,80,229,75,12,10,6
573,186,583,198,573,210,19,19,17
573,186,573,210,555,205,73,28,16
573,186,561,183,567,177,8,7,5
576,175,573,186,567,177,9,9,7
573,186,585,196,583,198,23,24,21
587,197,591,214,584,212,18,18,16
583,198,587,197,584,212,18,18,16
591,214,587,197,598,198,18,18,16
585,196,587,197,583,198,29,29,27
587,197,595,195,598,198,16,17,14
587,197,589,192,595,195,23,24,21
587,197,585,196,589,192,18,18,16
575,133,569,138,558,130,48,21,10
587,165,579,168,574,156,10,11,8
563,166,579,168,576,175,20,22,18
587,151,587,137,604,140,48,20,12
587,137,587,151,581,144,61,26,15
610,155,587,151,604,140,52,22,13
587,151,610,155,605,163,37,20,12
604,164,587,151,605,163,30,18,13
587,165,587,151,604,164,27,17,12
579,168,572,157,574,156,10,11,7
572,157,579,168,563,166,9,10,8
601,218,593,219,591,214,27,28,26
593,219,589,216,591,214,29,30,27
593,219,601,218,593,230,13,14,12
586,228,593,219,593,230,12,13,10
589,216,593,219,586,228,15,16,13
584,239,588,235,590,236,38,38,36
588,235,588,231,590,236,18,18,16
588,235,584,239,577,232,35,34,32
588,231,588,235,577,232,29,29,27
573,248,567,247,567,246,156,76,54
571,250,567,247,573,248,149,79,59
567,247,571,250,568,255,116,64,49
567,247,561,243,567,246,54,39,31
567,247,568,255,555,258,53,49,44
561,243,567,247,555,258,50,47,42
616,161,623,158,627,166,73,29,14
623,158,625,157,627,166,84,29,14
626,155,634,152,634,160,68,26,15
625,157,626,155,634,160,73,26,15
410,930,406,928,404,924,51,10,1
406,928,405,929,404,924,58,7,1
405,929,406,928,410,930,49,12,2
180,806,185,798,192,805,73,31,19
180,806,168,817,164,795,33,14,6
172,790,180,806,164,795,27,12,6
185,798,180,806,172,790,44,22,13
178,831,167,842,158,820,22,9,4
153,823,167,842,157,843,14,5,2
158,820,167,842,153,823,15,6,2
167,842,178,831,178,837,22,8,4
167,842,161,856,157,843,36,8,1
193,822,211,811,205,825,40,23,13
211,811,193,822,192,805,45,23,12
213,793,206,788,214,787,5,4,0
206,788,213,793,200,795,15,5,1
206,788,198,792,204,782,35,9,3
198,792,206,788,200,795,33,8,1
229,804,215,810,213,807,6,4,1
218,813,215,810,229,804,5,5,1
211,811,215,810,218,813,27,13,5
191,789,192,783,198,792,47,14,4
191,789,189,790,192,783,41,16,4
187,796,193,801,185,798,77,27,14
187,796,185,798,178,786,48,24,12
189,790,187,796,178,786,49,22,11
193,801,187,796,198,792,71,22,10
187,796,191,789,198,792,61,19,7
191,789,187,796,189,790,63,22,9
223,926,223,931,218,924,43,29,20
244,917,254,919,250,922,26,24,18
254,919,244,917,255,913,32,31,25
255,913,244,917,245,904,29,29,24
244,917,242,916,245,904,51,52,46
235,848,243,840,245,844,62,21,7
243,840,235,848,239,833,56,18,6
243,840,249,838,245,844,42,13,5
249,838,243,840,239,833,46,12,4
240,828,239,833,227,824,21,10,2
242,823,240,828,227,824,14,7,1
240,828,249,838,239,833,41,10,3
249,838,240,828,249,821,39,9,3
240,828,242,823,249,821,34,7,2
219,860,211,852,226,855,32,21,14
219,860,213,865,211,852,27,18,10
229,870,219,860,226,855,59,28,17
213,865,219,860,229,870,57,26,15
213,865,208,864,211,852,17,15,8
202,857,208,864,204,863,14,17,7
208,864,202,857,211,852,14,16,7
208,871,226,880,208,883,43,21,13
208,871,213,865,226,880,51,23,14
204,875,208,871,208,883,71,30,20
208,871,208,864,213,865,41,17,9
208,864,208,871,204,863,26,18,6
204,863,208,871,197,866,30,23,12
208,871,204,875,197,866,43,26,14
195,878,192,869,197,866,45,35,23
192,869,195,878,186,880,45,33,20
183,874,192,869,186,880,48,33,20
185,868,183,874,167,872,39,22,12
185,868,192,869,183,874,44,35,22
200,927,203,928,204,929,23,20,13
205,914,203,928,198,925,12,11,4
203,928,200,927,198,925,20,17,10
217,900,205,908,208,897,54,28,21
208,912,205,908,217,900,58,29,21
205,908,199,907,208,897,68,30,23
199,907,205,908,201,913,41,26,16
181,898,193,902,181,911,23,11,6
193,902,202,884,208,897,62,27,19
292,723,297,720,296,727,18,5,1
297,720,292,723,286,722,17,4,1
285,738,292,723,296,727,4,3,1
292,723,285,738,286,722,3,2,0
273,753,271,759,271,751,39,26,12
271,759,273,753,279,754,29,20,10
273,753,271,751,272,745,28,17,6
279,754,273,753,272,745,23,16,8
319,635,316,644,313,637,6,3,1
316,644,317,651,312,650,4,3,0
316,644,303,643,313,637,5,3,2
303,643,316,644,312,650,4,3,1
336,655,332,641,339,645,54,23,16
317,651,332,641,336,655,41,14,8
316,644,332,641,317,651,39,14,8
332,641,339,642,339,645,24,14,5
339,642,332,641,331,634,11,7,1
339,658,335,664,336,655,88,35,24
348,663,339,658,339,645,23,12,8
339,658,336,655,339,645,65,34,28
336,666,339,658,348,663,62,23,11
335,664,339,658,336,666,66,18,8
281,781,284,782,278,789,25,8,2
284,782,285,783,278,789,24,7,1
284,782,281,781,283,778,49,33,21
287,776,284,782,283,778,60,45,32
285,783,284,782,287,776,57,43,30
277,741,279,754,272,745,21,15,7
277,741,285,738,279,754,12,8,3
277,741,272,745,266,736,14,10,3
268,728,277,741,266,736,7,6,2
285,738,277,741,268,728,5,5,1
476,766,464,761,475,762,84,53,44
462,767,477,772,475,778,57,28,22
454,780,462,767,475,778,31,15,11
462,767,454,780,459,768,9,6,4
462,767,476,766,477,772,94,51,42
476,766,462,767,464,761,90,53,44
495,763,484,775,482,769,72,23,13
484,775,482,774,482,769,102,71,60
477,772,482,774,475,778,100,47,39
484,783,494,781,500,789,94,28,17
483,784,484,783,500,789,87,22,12
484,783,484,775,494,781,108,22,7
484,783,482,774,484,775,103,27,18
484,783,483,784,475,778,48,9,2
482,774,484,783,475,778,66,19,12
483,784,481,785,475,778,43,9,1
481,785,477,793,475,778,47,9,2
477,793,481,785,483,784,84,12,3
479,805,477,807,477,794,104,16,6
482,804,479,805,477,794,93,17,8
479,805,482,804,477,807,54,16,6
257,876,263,867,264,869,52,26,17
260,863,263,867,257,876,50,23,15
263,867,266,868,264,869,29,20,11
266,868,263,867,273,862,16,11,5
263,867,260,863,273,862,19,12,6
255,859,260,863,248,868,48,22,12
253,858,255,859,248,868,50,24,12
260,863,255,859,264,843,12,8,2
255,859,251,846,264,843,13,8,2
251,846,249,853,245,844,36,13,7
249,853,235,848,245,844,59,21,8
235,848,249,853,244,861,59,24,10
249,838,251,845,245,844,32,9,4
251,845,251,846,245,844,29,8,3
251,845,249,838,264,843,8,5,0
251,846,251,845,264,843,6,5,0
337,718,344,720,340,725,6,6,4
337,718,342,716,344,720,4,4,2
315,724,337,718,340,725,8,6,4
342,708,337,718,327,709,3,4,2
342,716,337,718,342,708,3,3,2
337,718,319,712,327,709,5,5,3
307,785,304,779,323,779,35,15,7
307,785,306,786,304,779,30,22,11
318,791,307,785,323,779,34,14,7
307,785,318,791,310,792,27,16,8
306,786,307,785,310,792,25,19,10
283,459,269,458,276,445,83,75,67
261,443,269,458,267,460,62,45,43
267,460,269,458,277,466,77,59,54
269,458,283,459,277,466,85,74,66
283,459,286,452,292,453,110,104,97
286,452,283,459,276,445,97,91,83
276,436,276,445,272,439,89,84,74
257,422,242,425,247,418,14,1,0
242,425,257,422,257,429,13,1,0
347,457,353,448,355,461,173,169,164
347,466,347,457,355,461,170,166,160
353,438,352,439,349,435,175,172,167
353,448,352,439,353,438,196,192,187
313,422,319,421,313,423,179,173,168
314,416,313,422,300,412,165,159,154
313,422,301,426,300,412,166,161,155
313,422,313,423,301,426,166,160,154
338,410,336,419,332,413,153,149,144
336,419,325,425,332,413,170,166,160
325,425,336,419,327,427,167,163,158
336,419,339,420,327,427,171,167,162
339,420,343,415,356,422,163,160,155
343,415,350,414,356,422,162,158,153
336,419,343,415,339,420,165,162,157
343,415,336,419,338,410,157,153,148
343,415,338,410,350,408,161,157,152
350,414,343,415,350,408,166,163,157
281,470,284,473,282,474,88,85,76
282,469,281,470,277,466,79,74,64
281,470,274,477,277,466,84,73,66
281,470,282,474,274,477,87,76,69
251,449,267,460,251,463,20,8,7
251,449,261,443,267,460,28,16,14
276,445,270,446,272,439,80,74,63
270,446,261,443,272,439,72,57,51
269,458,270,446,276,445,70,62,53
270,446,269,458,261,443,65,48,44
238,433,236,444,229,438,52,13,14
243,430,238,433,242,425,43,9,9
222,461,222,455,233,457,11,1,2
222,455,222,461,207,468,2,2,0
229,438,229,441,218,447,12,2,1
236,444,229,441,229,438,26,0,0
229,441,222,455,218,447,10,2,1
229,441,236,444,233,457,20,1,1
222,455,229,441,233,457,14,1,1
202,363,184,366,199,355,7,5,2
210,356,202,363,199,355,7,2,1
223,360,202,363,210,356,22,1,1
212,400,202,363,223,360,15,1,1
191,379,202,363,212,400,7,3,1
175,360,182,371,181,373,29,19,11
182,371,175,360,184,366,18,13,7
185,384,191,379,188,394,17,10,4
242,425,239,416,247,418,17,0,0
235,419,239,416,242,425,65,16,18
247,418,239,416,238,397,23,0,0
239,416,235,419,238,397,81,23,24
164,404,172,401,171,409,62,32,26
164,404,171,409,169,413,71,33,28
164,404,147,426,143,398,7,3,2
164,404,169,413,147,426,16,7,5
135,408,137,403,143,398,3,3,1
106,350,120,364,101,370,13,3,1
120,364,106,350,121,362,14,2,2
120,364,121,362,130,367,3,3,1
165,365,175,360,181,373,33,19,11
178,359,188,345,193,350,10,8,5
184,366,178,359,193,350,9,8,4
175,360,178,359,184,366,10,8,5
172,357,162,349,174,348,17,15,11
178,359,172,357,174,348,22,20,16
172,357,178,359,175,360,20,18,14
162,349,172,357,161,361,17,16,11
172,357,165,365,161,361,20,19,12
165,365,172,357,175,360,18,16,11
367,459,371,452,375,455,176,173,169
369,451,371,452,367,459,173,169,166
371,452,373,447,375,455,171,168,165
371,452,369,451,373,447,170,166,163
353,448,363,449,360,460,174,170,164
363,449,367,459,360,460,165,161,155
363,449,369,451,367,459,178,174,169
369,451,363,449,369,445,165,162,157
363,449,353,438,369,445,172,169,163
363,449,353,448,353,438,175,171,166
392,737,404,727,399,744,5,4,1
404,727,406,728,399,744,10,4,1
435,737,418,746,417,740,55,18,9
370,675,363,685,360,678,14,7,3
370,675,360,678,372,665,6,4,4
363,685,370,675,364,686,10,6,3
388,672,370,675,372,665,3,4,3
379,682,370,675,388,672,3,4,2
370,675,369,690,364,686,21,13,9
370,675,379,682,369,690,3,3,1
538,698,527,704,529,690,91,20,8
535,710,527,704,538,698,74,17,7
529,690,527,704,513,694,27,12,7
464,761,470,758,475,762,35,19,15
463,745,470,758,464,761,17,9,6
470,758,463,745,476,748,7,5,4
503,693,516,686,513,694,8,9,6
516,686,503,693,501,670,9,9,6
500,707,503,693,513,694,10,10,7
501,670,503,693,486,675,8,9,6
503,693,484,684,486,675,9,9,7
411,674,432,687,407,681,7,5,2
432,687,431,693,407,681,4,5,2
432,675,432,687,411,674,8,5,2
459,686,464,689,459,694,126,80,67
427,668,433,670,432,675,112,53,43
418,658,432,649,429,664,40,26,21
438,663,432,649,438,647,7,6,4
432,649,438,663,429,664,8,7,4
438,647,432,649,437,640,7,7,7
481,590,467,597,476,584,11,5,3
481,590,476,584,490,584,12,7,5
495,596,481,590,490,584,15,13,10
483,575,493,571,490,584,12,4,2
476,584,483,575,490,584,9,2,0
475,577,483,575,476,584,10,1,0
483,575,480,566,493,571,28,2,2
483,575,475,577,476,568,34,1,2
480,566,483,575,476,568,42,1,3
438,588,443,598,434,608,6,4,2
439,607,449,600,451,613,27,12,9
439,607,441,625,434,608,12,10,7
439,607,451,613,441,625,12,9,6
443,598,439,607,434,608,9,6,4
439,607,443,598,449,600,20,8,5
456,606,449,600,458,603,112,71,56
449,600,456,606,451,613,83,40,30
456,606,459,615,451,613,76,31,23
457,620,459,615,460,621,27,16,13
459,615,457,620,451,613,20,11,8
457,620,460,621,456,627,10,8,10
441,625,457,620,456,627,6,7,5
451,613,457,620,441,625,9,9,6
463,612,456,606,458,603,123,79,65
456,606,463,612,459,615,113,63,49
428,634,439,636,437,640,7,7,4
428,634,429,631,439,636,8,8,5
432,649,428,634,437,640,7,7,5
422,629,428,634,417,644,8,8,6
429,631,428,634,425,628,9,8,6
428,634,422,629,425,628,9,8,5
372,649,374,647,383,653,76,13,5
391,669,393,671,388,672,3,4,1
393,671,391,669,391,662,4,5,2
382,659,391,669,388,672,5,6,3
391,669,382,659,391,662,5,6,4
402,615,395,613,408,594,3,2,2
410,612,402,615,408,594,3,2,1
402,615,415,619,410,626,54,13,6
402,615,410,612,415,619,22,7,3
420,588,424,610,408,594,6,2,0
424,610,410,612,408,594,7,3,0
410,612,424,610,417,617,53,10,5
466,653,465,660,453,656,7,8,5
477,671,494,659,486,675,8,9,6
494,659,477,671,482,650,8,9,6
478,678,477,671,486,675,11,12,9
477,671,478,678,474,682,12,12,10
486,635,491,643,482,650,14,12,9
496,646,494,659,482,650,10,10,7
491,643,496,646,482,650,11,11,7
496,646,496,658,494,659,11,11,8
496,658,496,646,500,654,11,11,8
503,639,496,646,491,643,30,14,10
480,632,473,640,473,624,25,11,5
473,640,464,638,473,624,10,10,7
473,640,486,635,482,650,10,10,7
486,635,473,640,480,632,14,11,8
467,650,473,640,482,650,8,9,6
447,652,454,651,453,656,8,9,7
454,651,447,652,459,642,8,8,6
454,651,459,642,463,648,6,7,4
466,653,454,651,463,648,8,9,6
454,651,466,653,453,656,9,9,7
351,532,356,527,358,528,92,93,86
356,527,351,532,343,525,94,93,86
351,532,355,539,345,543,80,78,72
343,525,351,532,334,535,86,84,78
351,532,345,543,334,535,57,53,48
355,539,361,548,351,546,69,65,60
351,546,361,548,365,569,13,9,7
361,548,376,562,365,569,21,16,13
376,562,361,548,369,544,40,35,31
361,548,362,540,369,544,85,84,76
362,540,361,548,355,539,77,73,68
228,620,218,623,222,617,28,5,2
224,639,218,623,228,620,33,6,3
203,615,198,607,205,609,15,4,3
198,607,203,615,194,609,14,4,2
230,679,223,678,229,674,28,18,10
223,678,228,673,229,674,30,20,12
223,678,230,679,226,691,22,15,6
247,592,248,594,240,596,40,13,10
247,591,247,592,240,596,42,14,10
247,592,247,591,248,594,18,10,4
247,591,248,581,256,589,5,4,3
248,581,247,591,241,582,26,11,5
248,581,259,583,256,589,4,4,3
248,581,256,562,259,583,6,5,4
275,654,275,649,283,652,1,4,3
275,649,275,648,283,652,1,3,3
275,649,275,654,268,653,34,15,5
275,648,275,649,268,653,31,15,5
331,634,323,636,324,617,27,11,5
323,636,319,635,324,617,65,23,10
332,641,323,636,331,634,65,21,7
323,636,316,644,319,635,21,4,1
323,636,332,641,316,644,48,15,6
367,629,357,621,374,620,5,5,2
367,629,351,631,357,621,5,5,3
339,642,351,639,339,645,3,4,0
351,639,352,640,339,645,3,4,1
351,639,339,642,351,631,2,4,1
352,640,351,639,351,631,3,4,2
240,580,241,582,238,584,51,20,9
235,579,240,580,238,584,52,17,7
240,580,235,579,240,570,47,17,10
248,581,240,580,240,570,10,5,3
240,580,248,581,241,582,17,6,4
244,562,245,563,240,570,8,5,1
245,563,244,562,249,561,11,4,0
245,563,248,581,240,570,9,5,2
245,563,249,561,256,562,8,3,3
248,581,245,563,256,562,6,5,3
190,421,180,418,178,405,10,9,5
180,418,171,409,178,405,22,14,9
171,409,180,418,170,415,31,19,14
188,423,194,432,172,428,28,17,11
195,448,199,451,198,453,5,6,3
222,455,199,451,218,447,3,3,1
198,453,199,451,207,468,5,5,2
199,451,222,455,207,468,3,3,1
235,419,215,406,238,397,41,7,8
215,406,212,400,238,397,39,6,7
212,400,215,406,212,402,11,1,0
207,433,199,451,195,448,3,3,1
199,451,207,433,218,447,3,2,1
212,431,229,438,218,447,10,2,1
207,433,212,431,218,447,3,2,1
212,431,207,433,212,427,1,2,1
138,376,138,374,157,370,58,23,12
138,374,139,368,157,370,70,26,15
139,368,131,366,133,358,40,24,14
133,358,131,366,131,356,21,13,4
121,362,131,366,130,367,4,4,1
131,366,121,362,131,356,7,5,1
90,363,98,373,69,397,3,1,1
94,360,90,363,90,355,10,2,1
98,373,90,363,101,370,13,3,2
90,363,94,360,101,370,14,3,2
90,363,69,397,28,389,1,1,1
90,363,28,389,24,333,1,1,1
90,355,90,363,24,333,1,1,1
106,410,106,418,99,405,13,4,2
106,410,116,417,106,418,61,29,20
226,709,219,711,224,705,16,8,2
209,714,219,711,211,721,14,9,4
219,711,226,709,229,712,15,8,2
219,711,229,712,224,729,16,10,4
211,721,219,711,224,729,14,10,4
227,657,224,639,233,643,32,7,4
228,673,227,657,234,664,28,6,2
193,710,195,713,190,719,3,2,0
193,710,190,719,171,731,5,2,0
195,706,193,710,194,700,15,5,3
193,710,195,706,195,713,8,5,2
195,706,201,711,195,713,17,6,3
178,667,189,680,167,666,2,1,1
189,680,189,690,167,666,2,1,1
189,690,196,696,194,700,10,3,1
189,690,193,710,171,731,4,2,1
193,710,189,690,194,700,7,3,0
189,690,171,731,126,709,2,1,1
167,666,189,690,126,709,1,1,1
170,608,170,606,178,602,28,14,7
183,593,168,590,178,581,33,25,15
168,590,183,593,178,602,44,30,19
199,592,183,593,195,581,12,3,2
183,593,199,592,194,609,18,8,4
168,590,165,587,166,583,22,16,11
120,596,165,587,138,614,1,1,1
165,587,170,606,138,614,2,2,1
165,587,168,590,170,606,13,8,4
165,587,116,587,166,583,2,1,1
165,587,120,596,116,587,1,1,1
184,615,184,610,194,609,51,38,29
184,610,183,593,194,609,20,11,6
183,593,184,610,178,602,47,31,18
185,568,178,581,166,583,16,10,6
170,550,185,568,166,583,13,6,3
185,568,188,559,191,575,7,3,1
180,549,185,568,170,550,12,3,2
185,568,180,549,188,559,8,2,1
170,550,178,544,179,546,11,4,2
168,534,178,544,170,550,10,3,2
178,544,168,534,177,532,8,3,2
178,544,177,532,204,536,2,2,1
179,546,178,544,204,536,2,2,2
294,373,292,377,294,371,93,88,78
292,377,276,372,294,371,104,97,87
288,384,292,377,294,378,112,107,97
292,377,294,373,294,378,88,83,73
275,366,276,372,269,369,88,81,69
276,372,275,366,285,359,89,79,70
275,366,269,357,285,359,69,61,52
212,400,239,392,238,397,37,5,5
239,392,212,400,223,360,35,3,3
234,364,223,360,224,358,28,1,0
242,349,234,364,224,358,40,3,3
251,361,234,364,242,349,45,3,4
234,364,239,392,223,360,41,4,3
200,234,203,230,208,235,40,23,11
201,228,203,230,200,234,45,22,10
203,230,211,232,208,235,47,24,11
211,232,203,230,205,224,84,36,20
203,230,201,228,205,224,82,31,16
181,231,169,238,168,233,115,92,71
169,238,181,231,179,246,85,69,50
169,248,169,238,179,246,51,42,25
229,211,220,206,231,207,62,52,38
220,206,229,211,220,215,60,50,37
229,211,230,217,220,215,71,60,45
235,210,229,211,231,207,71,56,39
234,213,229,211,235,210,80,65,48
233,226,233,223,240,229,79,62,43
240,239,233,226,240,229,83,54,35
233,226,240,239,225,233,92,58,37
230,217,228,225,222,222,73,61,44
233,223,228,225,230,217,83,67,48
233,226,228,225,233,223,92,74,57
222,222,228,225,225,233,93,64,43
228,225,233,226,225,233,95,62,41
177,199,171,194,180,196,61,52,38
177,199,180,196,184,200,48,38,26
183,210,177,208,184,200,61,48,34
177,208,169,212,175,203,107,88,65
169,212,160,209,175,203,107,87,61
181,218,183,210,194,216,51,38,25
183,229,181,218,194,216,82,42,25
158,190,153,182,164,185,46,37,27
145,179,146,185,144,184,20,17,9
146,185,145,179,153,182,25,23,14
146,185,144,198,144,184,23,21,13
177,331,184,323,181,334,11,10,5
184,323,186,322,181,334,10,8,4
184,323,177,331,175,329,13,12,6
171,316,184,323,175,329,17,15,9
188,320,184,323,171,316,18,16,10
186,322,184,323,188,320,21,19,13
170,312,188,320,171,316,17,15,9
170,312,192,314,188,320,18,15,9
170,312,165,317,169,309,20,18,12
165,317,170,312,171,316,16,15,9
191,298,170,312,169,309,22,19,11
192,314,170,312,191,298,22,19,11
169,309,164,287,168,285,20,18,11
159,303,164,287,169,309,17,15,8
164,287,165,277,168,285,30,25,17
123,273,132,276,124,281,27,21,15
144,313,156,311,151,324,39,25,19
143,313,144,313,151,324,57,33,24
137,315,151,324,144,333,47,22,16
137,315,143,313,151,324,48,22,16
128,326,137,315,144,333,20,6,5
137,315,128,326,126,319,4,2,3
118,328,120,335,112,329,22,19,15
120,335,118,328,119,328,43,38,33
127,334,120,335,119,328,38,34,27
133,352,132,351,143,341,31,23,16
132,351,133,352,131,356,55,45,30
132,351,128,338,143,341,35,27,19
128,338,132,351,124,342,58,49,37
143,341,128,338,144,333,17,9,6
128,338,127,334,144,333,15,8,5
121,362,124,352,131,356,14,9,3
124,352,132,351,131,356,32,23,11
132,351,124,352,124,342,57,47,34
234,599,236,589,240,596,13,3,2
236,589,234,588,238,584,28,6,0
236,589,247,591,240,596,33,11,7
247,591,236,589,238,584,36,12,5
243,658,240,647,244,644,5,4,0
240,647,243,658,236,657,14,5,2
244,644,240,647,233,643,6,4,2
240,647,236,657,233,643,20,6,4
616,488,616,472,623,475,106,55,39
615,470,616,472,605,473,31,34,27
616,472,616,488,605,473,80,35,21
641,486,644,487,645,496,186,58,69
632,489,641,486,645,496,230,128,125
625,482,616,488,623,475,99,47,32
643,476,625,482,623,475,173,105,95
641,486,625,482,643,476,183,113,104
625,482,641,486,632,489,182,116,106
569,534,562,537,560,536,188,187,179
599,507,608,515,598,514,122,42,26
608,515,605,524,598,514,66,42,33
591,490,588,504,583,495,74,64,55
600,506,591,490,605,502,36,34,28
600,506,608,515,599,507,116,40,24
588,504,600,506,599,507,48,48,41
600,506,588,504,591,490,43,41,34
591,490,586,477,605,473,105,50,34
586,477,601,462,605,473,79,39,29
601,462,586,477,583,474,81,43,32
652,454,645,452,645,450,243,99,102
647,458,645,452,652,454,242,94,97
645,452,638,451,645,450,246,166,154
638,451,632,448,635,441,58,25,18
632,448,638,451,636,459,104,59,51
626,404,623,397,632,398,26,22,19
623,397,626,404,622,409,48,29,21
630,434,626,420,632,421,93,59,49
626,420,631,412,632,421,100,38,20
610,435,608,445,602,437,21,21,17
610,435,617,444,608,445,15,16,11
603,432,610,435,602,437,33,32,29
620,602,625,589,632,592,84,30,16
633,603,620,602,632,592,84,30,15
621,605,620,602,633,603,29,21,18
620,602,621,605,615,600,72,27,18
625,589,620,602,615,600,87,30,15
614,581,615,583,603,580,49,50,45
613,574,614,581,603,580,35,36,31
614,581,616,582,615,583,47,47,43
624,585,618,577,624,577,29,30,26
618,577,624,585,616,582,33,33,29
614,581,618,577,616,582,33,34,29
618,577,614,581,613,574,23,24,19
620,568,613,574,608,566,31,32,29
620,568,615,554,621,567,33,33,30
615,554,620,568,608,566,39,40,37
620,568,618,577,613,574,17,17,14
620,568,621,567,624,577,11,11,8
618,577,620,568,624,577,13,14,10
635,516,635,513,643,510,29,7,3
635,513,635,511,643,510,37,10,5
616,528,626,539,613,533,65,31,21
616,528,617,527,626,539,75,32,20
629,558,632,557,633,559,47,31,24
633,559,632,557,640,555,90,32,17
632,557,638,548,640,555,86,35,20
638,548,632,557,636,547,94,37,21
632,557,629,549,636,547,86,37,21
629,549,632,557,629,558,62,33,23
626,539,629,549,615,554,38,26,20
629,549,629,558,615,554,27,25,22
651,551,641,543,652,544,36,23,17
638,548,641,543,651,551,32,24,19
589,517,584,525,583,523,122,69,58
584,525,589,517,596,529,150,93,80
591,538,584,525,596,529,135,97,82
584,525,576,532,583,523,70,66,60
576,532,584,525,589,540,63,51,41
584,525,591,538,589,540,111,72,57
656,608,647,603,649,599,62,24,11
647,603,656,608,647,606,64,25,11
649,599,647,603,646,598,56,26,18
646,598,647,603,642,601,22,13,7
647,603,647,606,642,601,20,14,10
647,606,654,611,644,616,59,23,12
656,608,654,611,647,606,68,25,11
654,611,654,624,644,616,60,21,11
654,624,654,611,662,622,62,19,9
654,611,664,619,662,622,60,18,10
664,619,654,611,666,615,62,20,12
654,611,656,608,666,615,61,21,11
636,409,638,405,640,413,91,36,25
631,412,636,409,640,413,114,47,26
631,436,638,428,635,441,74,37,28
631,436,630,434,638,428,89,50,40
630,434,631,436,622,439,71,49,37
617,433,617,432,621,438,16,17,12
617,432,630,434,621,438,47,36,27
617,432,626,420,630,434,38,30,24
626,420,617,432,616,424,25,26,22
617,432,610,429,616,424,27,30,23
610,435,617,432,617,433,30,30,26
706,428,705,432,701,433,74,72,68
705,432,706,428,708,429,21,20,16
705,432,708,429,704,437,26,25,22
705,432,702,436,701,433,78,77,72
702,436,705,432,704,437,65,63,60
643,197,649,198,643,203,28,18,12
650,192,649,198,643,197,28,14,6
662,214,664,211,669,217,61,37,29
662,215,662,214,669,217,65,39,31
662,214,662,215,660,216,51,34,26
660,204,662,214,660,216,68,39,34
664,211,662,214,660,204,69,39,34
654,407,649,403,654,399,191,76,84
640,391,649,403,641,401,29,14,13
654,399,649,403,640,391,68,28,28
649,403,654,407,640,413,111,42,44
638,405,649,403,640,413,55,25,21
649,403,638,405,641,401,44,19,18
659,352,660,357,657,355,6,8,3
665,358,660,357,659,352,26,7,4
660,357,665,358,663,366,62,8,8
646,361,660,357,663,366,30,20,18
657,355,660,357,646,361,20,19,17
277,324,267,313,279,314,19,1,1
267,313,277,324,261,326,19,1,1
212,283,213,278,231,276,33,8,5
235,284,225,294,231,276,96,10,10
236,298,231,300,225,294,152,35,32
235,284,236,298,225,294,139,26,25
236,298,235,284,240,295,228,66,56
236,298,240,295,238,301,158,44,34
236,298,238,301,233,302,98,24,15
231,300,236,298,233,302,113,30,21
224,263,240,262,231,276,56,12,11
252,270,240,262,245,259,120,24,24
240,262,252,270,252,271,130,23,23
276,245,274,247,270,246,24,21,15
274,247,277,260,270,246,35,20,13
252,270,277,260,279,265,162,8,10
270,246,277,260,248,258,71,13,11
277,260,252,270,248,258,148,7,8
280,255,279,242,290,249,35,29,22
279,242,280,255,276,245,47,42,34
280,255,274,247,276,245,40,36,28
280,255,277,260,274,247,40,30,23
279,265,289,272,289,279,139,10,15
289,279,289,272,301,280,89,4,7
301,280,289,272,302,269,69,5,7
289,272,301,268,302,269,25,11,7
276,241,279,242,276,245,54,49,40
276,241,276,245,270,246,22,19,12
276,241,275,237,280,237,52,45,35
279,242,276,241,280,237,51,44,34
276,241,270,246,271,235,28,24,16
275,237,276,241,271,235,37,33,23
194,272,209,269,208,274,42,35,22
184,259,192,260,191,265,66,54,38
192,260,184,259,179,246,76,63,46
192,260,194,237,203,247,49,40,27
194,237,192,260,179,246,74,62,44
208,249,199,261,203,247,33,27,16
211,257,199,261,208,249,34,28,18
199,261,192,260,203,247,50,41,28
209,269,199,261,211,257,39,33,21
192,260,199,261,191,265,54,43,29
199,261,194,272,191,265,56,46,31
199,261,209,269,194,272,44,37,24
212,242,212,241,216,240,58,50,36
211,232,212,241,208,235,46,31,19
212,241,211,232,216,240,56,38,24
208,245,208,249,203,247,20,15,5
208,245,212,242,208,249,35,27,16
208,245,212,241,212,242,37,29,17
212,241,208,245,208,235,42,33,20
200,234,208,245,203,247,35,28,17
208,245,200,234,208,235,36,29,17
235,254,231,253,240,239,62,37,26
244,250,235,254,240,239,55,24,17
235,254,224,263,231,253,47,28,22
235,254,240,262,224,263,41,19,14
235,254,244,250,245,259,44,8,6
240,262,235,254,245,259,63,18,16
378,390,371,386,371,380,32,24,21
370,389,371,386,378,390,56,52,47
371,386,363,384,371,380,36,27,25
371,386,370,389,363,384,73,68,63
383,409,378,405,388,403,120,118,112
388,403,378,405,383,397,106,104,98
378,405,377,402,383,397,102,99,93
378,405,371,417,365,416,138,136,130
378,405,383,413,371,417,138,136,130
378,405,383,409,383,413,134,132,126
378,405,365,416,362,401,135,134,128
377,402,378,405,362,401,119,118,112
436,322,443,315,444,318,43,44,39
424,316,436,322,425,331,37,38,33
443,315,436,322,441,307,35,35,31
436,322,424,316,441,307,33,34,29
436,322,444,320,441,325,56,57,52
444,320,436,322,444,318,46,47,42
426,332,436,322,441,325,52,52,48
436,322,426,332,425,331,45,46,41
414,337,417,339,416,340,89,2,7
414,337,408,334,409,326,52,4,6
425,331,414,337,409,326,40,17,15
417,339,414,337,425,331,44,15,12
448,352,435,351,434,344,38,22,17
367,348,373,353,362,358,17,1,1
378,345,373,353,367,348,44,2,2
381,357,373,353,378,345,47,2,1
371,359,381,357,385,367,16,0,1
371,359,385,367,371,380,20,1,2
373,353,371,359,362,358,10,1,1
371,359,373,353,381,357,20,1,1
361,376,371,359,371,380,22,1,1
371,359,361,376,362,358,23,1,1
399,350,409,370,397,366,137,3,5
399,350,397,366,390,362,98,2,3
391,346,399,350,390,362,113,2,3
399,350,414,337,416,340,119,2,4
414,337,399,350,408,334,114,2,4
409,370,411,371,412,373,107,11,11
417,382,409,379,412,373,38,3,2
417,382,420,383,421,400,30,2,4
417,382,421,400,396,389,30,3,4
409,379,417,382,396,389,29,2,3
424,374,435,363,433,385,207,40,45
411,371,424,374,412,373,197,28,35
405,333,389,324,395,319,57,8,6
399,350,405,333,408,334,110,1,3
405,333,395,319,409,326,49,9,7
408,334,405,333,409,326,57,2,3
578,122,580,115,583,127,8,9,6
580,115,578,122,572,116,11,12,9
575,133,578,122,583,127,7,8,5
572,116,578,122,562,120,11,12,9
578,122,575,133,562,120,11,10,7
483,183,491,177,490,186,22,23,20
483,183,484,173,491,177,19,19,17
483,183,475,193,475,185,24,25,21
482,200,483,183,490,186,23,24,21
475,193,483,183,482,200,25,25,22
457,40,456,48,453,36,15,12,6
456,48,455,51,439,39,13,12,7
453,36,456,48,439,39,14,13,7
456,48,457,40,469,45,36,13,7
488,73,490,68,489,74,34,16,2
490,68,488,73,477,71,20,14,6
479,83,488,73,489,74,13,13,7
477,71,488,73,479,83,14,13,7
579,135,575,133,583,127,10,10,7
587,137,579,135,583,127,10,9,6
581,139,579,135,587,137,19,9,5
553,155,539,159,546,142,84,25,12
553,158,539,159,553,155,88,26,15
539,159,554,161,536,172,71,25,13
539,159,553,158,554,161,83,26,15
536,132,539,129,542,131,84,18,10
536,132,540,140,532,133,168,37,13
536,132,542,131,540,140,151,32,10
533,121,536,132,532,133,126,29,12
539,129,536,132,533,121,86,21,11
531,195,526,202,530,194,24,25,22
531,195,531,201,526,202,25,25,23
538,178,560,182,546,188,63,23,14
554,161,538,178,536,172,69,26,14
538,178,529,174,536,172,24,25,20
529,174,538,178,531,184,22,23,19
551,209,551,204,555,205,22,21,17
551,204,551,209,544,206,15,15,13
550,200,551,204,544,206,21,21,19
552,199,573,186,555,205,69,28,16
573,186,552,199,561,183,67,27,16
551,204,552,199,555,205,26,21,16
552,199,551,204,550,200,17,17,15
552,199,546,188,561,183,83,30,17
560,170,563,166,567,177,19,20,18
560,182,560,170,567,177,13,15,11
560,170,538,178,554,161,64,24,14
538,178,560,170,560,182,66,25,14
284,234,292,232,291,240,43,37,27
284,234,283,233,292,232,38,32,22
280,237,284,234,291,240,42,35,26
283,233,284,234,280,237,39,30,20
272,230,275,237,271,235,41,37,26
272,230,283,233,275,237,61,53,39
283,233,272,230,283,225,70,58,42
270,223,272,230,264,227,98,42,36
281,222,272,230,270,223,71,57,41
272,230,281,222,283,225,77,64,47
272,230,263,228,264,227,87,33,27
263,228,272,230,271,235,74,30,26
405,252,413,253,412,259,15,16,13
411,248,413,253,405,252,32,32,28
413,253,411,248,418,245,23,23,18
429,265,413,253,418,245,32,32,30
412,259,413,253,429,265,35,35,32
390,511,400,520,385,516,158,159,154
396,508,400,520,390,511,164,165,160
400,520,396,508,402,510,155,157,152
406,517,400,520,402,510,159,160,155
400,520,406,517,400,523,141,142,137
372,526,390,529,387,534,114,115,110
390,529,372,526,385,516,137,138,133
390,529,392,536,387,534,116,117,112
390,529,400,523,392,536,126,127,122
400,520,390,529,385,516,140,141,136
390,529,400,520,400,523,136,137,132
417,522,423,540,414,538,127,128,123
434,535,417,522,437,528,132,133,128
423,540,417,522,434,535,127,128,123
404,545,409,550,399,552,88,85,79
409,550,400,558,399,552,81,74,70
409,550,415,555,400,558,80,74,69
400,523,410,539,392,536,124,125,120
410,539,404,545,392,536,98,98,93
394,557,396,551,399,552,87,81,76
394,549,396,551,394,557,83,77,72
396,551,404,545,399,552,89,86,81
396,551,394,549,404,545,90,87,81
381,554,369,544,385,547,80,76,71
381,554,376,562,369,544,48,43,39
387,555,381,554,385,547,84,80,74
376,562,381,554,387,555,19,11,9
505,485,498,480,503,478,74,64,57
483,503,498,480,503,502,147,149,143
503,473,498,480,492,464,98,42,44
503,478,498,480,503,473,61,23,21
507,492,510,490,512,493,51,39,37
503,502,507,492,512,493,130,128,122
507,492,507,486,510,490,35,21,19
507,492,505,485,507,486,61,62,56
498,480,507,492,503,502,121,119,112
507,492,498,480,505,485,100,95,89
374,431,373,430,378,421,167,166,159
384,426,385,428,379,433,152,151,145
385,428,384,426,384,425,180,179,172
383,420,382,423,378,421,139,138,131
382,423,383,420,384,425,147,146,139
384,426,382,423,384,425,173,171,165
382,423,374,431,378,421,161,160,154
374,431,382,423,379,433,155,154,148
382,423,384,426,379,433,164,164,157
461,511,462,505,470,508,148,149,144
462,513,461,511,470,508,156,157,152
462,505,461,511,461,504,173,174,169
461,511,462,513,454,516,157,158,153
461,511,453,501,461,504,159,160,155
461,511,454,516,453,501,157,158,153
455,532,460,530,464,542,104,105,99
420,495,419,493,419,492,159,159,157
424,496,420,495,419,492,158,158,156
419,493,420,495,406,500,175,175,174
496,602,498,600,504,605,22,22,20
498,600,496,602,495,596,23,24,22
498,600,511,591,504,605,16,16,14
498,600,503,586,511,591,17,18,14
503,586,498,600,495,596,16,17,13
493,553,494,552,495,555,83,23,23
494,552,493,553,494,548,68,15,12
494,552,502,543,495,555,80,10,10
494,552,494,548,502,543,81,11,10
469,541,468,544,464,542,102,102,91
468,544,458,554,464,542,58,40,36
468,544,474,561,458,554,40,15,13
468,544,479,547,474,561,40,5,5
468,544,469,541,479,547,56,33,29
469,541,479,539,479,547,60,41,36
479,539,483,545,479,547,53,12,12
430,576,438,588,427,583,33,4,5
428,576,430,576,427,583,40,7,9
430,576,428,576,434,567,16,4,3
443,579,430,576,434,567,26,4,5
430,576,443,579,438,588,32,3,5
438,588,443,579,445,592,18,1,0
475,577,458,569,476,568,43,4,6
458,569,474,561,476,568,39,5,6
474,561,458,569,458,554,34,4,4
443,579,454,585,445,592,18,2,1
454,585,443,579,453,580,27,2,2
534,524,538,530,531,527,242,160,153
538,530,534,524,537,521,241,160,153
534,524,531,527,522,516,123,41,38
537,521,534,524,522,516,123,42,40
542,513,540,518,541,511,145,90,89
542,513,542,517,540,518,182,119,118
559,555,550,551,555,549,84,89,81
549,553,550,551,559,555,89,94,85
550,551,546,545,555,549,78,83,74
546,545,550,551,544,554,104,107,99
550,551,549,553,544,554,126,129,121
524,568,521,563,522,562,77,30,18
517,565,521,563,524,568,88,29,17
511,591,510,586,526,593,30,30,26
503,586,510,586,511,591,24,25,20
517,576,531,585,526,593,33,28,24
510,586,517,576,526,593,28,27,23
531,585,517,576,531,581,37,28,23
517,576,520,574,531,581,58,32,27
520,574,517,576,514,573,51,41,35
511,570,504,560,508,557,19,1,3
511,570,517,565,514,573,50,18,15
504,560,511,570,499,567,18,1,2
509,555,519,546,522,562,54,4,6
519,546,509,555,502,543,103,7,12
502,543,509,555,495,555,90,9,11
509,555,508,557,495,555,70,4,8
574,552,565,542,576,543,111,114,103
574,552,568,557,565,542,119,122,112
574,552,586,548,582,562,131,115,105
588,563,580,566,582,562,154,97,84
588,563,589,570,580,566,143,85,72
589,570,588,563,593,565,154,131,118
588,563,595,553,593,565,151,122,110
586,548,588,563,582,562,133,79,66
595,553,588,563,593,550,154,121,108
588,563,586,548,593,550,155,101,87
596,569,589,570,593,565,135,125,115
589,570,596,569,599,579,157,156,147
597,564,596,569,593,565,115,112,105
599,579,596,569,606,572,109,110,104
596,569,597,564,606,572,79,80,73
616,488,616,492,608,491,38,30,25
616,492,617,494,608,491,40,33,27
553,582,549,580,555,574,47,36,27
549,580,553,572,555,574,42,38,30
553,572,549,580,544,578,64,51,40
549,580,550,583,544,578,123,69,54
550,583,549,580,553,582,95,61,48
612,748,600,761,599,737,7,7,5
600,734,599,737,596,728,98,41,25
600,734,596,728,604,721,70,31,20
610,727,600,734,604,721,67,22,11
518,674,523,664,527,679,10,11,7
532,666,534,680,527,679,10,11,5
541,676,534,680,532,666,34,12,7
534,680,541,676,543,687,92,16,6
529,688,534,680,543,687,74,17,6
562,655,561,650,571,657,14,13,10
561,650,562,655,559,653,43,15,5
571,660,562,655,571,657,12,12,9
566,624,563,630,562,625,107,20,11
587,634,566,624,579,615,47,20,14
566,624,587,634,585,638,33,18,14
566,640,566,624,585,638,32,17,13
563,630,566,624,566,640,112,24,10
577,662,571,663,571,660,25,17,12
572,667,571,663,577,662,119,88,78
571,663,562,655,571,660,39,33,28
593,639,598,637,601,645,11,11,10
598,637,601,636,601,645,11,11,10
598,637,593,639,596,633,15,15,13
601,636,598,637,596,633,19,20,18
516,642,519,634,527,643,35,29,23
519,634,516,642,517,631,39,34,27
516,642,503,639,517,631,103,82,70
554,627,544,628,548,618,12,12,9
544,632,544,628,554,627,19,19,15
544,628,533,621,548,618,12,12,9
544,628,534,637,533,621,14,15,12
534,637,544,628,544,632,15,15,12
546,728,544,725,548,727,44,40,28
544,725,551,717,548,727,18,18,11
551,717,544,725,543,724,14,14,9
529,798,526,797,532,792,112,59,49
526,797,525,787,532,792,101,61,51
525,787,526,797,520,799,94,51,41
526,797,531,802,520,799,27,11,9
526,797,529,798,531,802,32,11,7
515,759,530,768,504,782,10,10,8
540,738,545,737,551,739,23,8,4
545,737,546,728,548,733,115,67,55
545,737,540,738,546,728,108,64,55
530,768,525,786,504,782,18,14,11
525,786,530,768,527,785,8,10,7
525,787,525,786,527,785,10,15,8
525,786,507,791,504,782,80,44,33
525,786,525,787,507,791,109,61,47
608,785,599,788,604,781,54,19,10
608,785,608,787,599,788,80,25,13
553,860,543,865,540,862,67,18,10
543,865,553,860,551,870,47,17,11
539,853,530,842,559,841,7,6,5
539,853,553,860,540,862,53,17,7
470,170,452,182,457,165,75,38,27
470,170,457,165,467,161,91,38,22
452,182,470,170,453,184,61,36,27
473,164,470,170,467,161,109,52,36
453,184,470,170,475,185,50,32,25
473,200,465,203,464,196,27,27,25
465,203,464,205,457,199,23,23,21
464,196,465,203,457,199,24,25,22
465,203,473,200,473,206,24,25,22
465,203,471,208,464,205,23,23,20
465,203,473,206,471,208,24,24,21
462,245,470,250,460,254,123,67,47
470,250,462,245,464,244,106,63,47
464,244,462,245,462,238,97,49,38
441,276,434,270,444,269,48,49,44
428,274,434,270,440,280,49,50,45
434,270,429,265,438,255,33,33,29
444,269,434,270,438,255,36,37,32
484,262,491,259,489,267,105,107,97
484,262,477,253,484,252,102,103,94
491,257,484,262,484,252,79,82,72
491,259,484,262,491,257,81,83,73
484,262,472,263,477,253,109,105,95
472,263,484,262,474,270,102,80,68
484,262,480,274,474,270,103,83,70
484,262,489,267,480,274,132,132,121
523,266,526,273,521,272,76,77,69
526,273,523,266,533,269,93,94,87
526,273,533,269,535,274,98,100,93
526,273,520,276,521,272,75,78,68
530,286,526,273,535,274,158,162,153
520,276,526,273,530,286,157,161,151
520,269,523,266,521,272,40,42,32
590,298,593,288,598,296,33,31,27
590,298,598,296,596,304,38,39,34
588,300,590,298,596,304,41,41,37
563,292,574,281,570,297,90,38,24
574,281,571,277,576,272,140,50,29
593,288,574,281,591,274,128,46,28
574,281,576,272,591,274,125,43,24
650,329,645,331,643,322,56,29,23
645,331,644,331,643,322,100,46,32
646,337,645,331,650,329,28,14,10
644,331,645,331,646,337,69,29,19
642,344,640,338,646,337,123,79,66
638,341,642,344,636,347,117,85,74
642,344,641,350,636,347,123,87,77
642,344,646,337,647,351,71,38,26
641,350,642,344,647,351,77,45,32
640,338,639,339,638,332,105,84,70
638,332,639,339,628,333,29,25,19
639,339,638,341,628,333,33,29,23
639,339,642,344,638,341,143,107,94
642,344,639,339,640,338,161,120,105
476,290,485,297,475,311,117,99,89
485,297,485,308,475,311,109,100,89
485,308,485,297,491,303,151,110,98
479,287,485,297,476,290,131,90,81
630,385,637,374,636,389,73,56,50
637,374,645,383,636,389,96,64,53
637,374,630,385,621,372,42,35,30
637,374,639,371,643,373,117,80,69
637,374,621,372,632,362,37,33,29
646,379,637,374,643,373,89,60,50
637,374,646,379,645,383,88,59,48
636,364,637,374,632,362,57,45,37
639,371,637,374,636,364,152,121,109
612,390,600,403,597,400,34,26,20
600,403,612,390,610,403,30,24,19
597,400,600,403,595,406,113,36,23
600,403,594,415,595,406,115,42,25
594,415,600,403,610,403,102,41,25
630,385,622,387,621,372,20,21,17
622,387,607,380,621,372,20,20,17
607,380,622,387,612,390,27,28,25
623,397,622,387,630,385,24,25,20
622,387,623,397,614,394,24,25,22
612,390,622,387,614,394,31,32,29
591,423,603,430,591,427,83,33,22
591,423,594,415,603,430,80,33,22
594,415,591,423,590,417,162,43,20
582,422,591,423,591,427,61,21,13
591,423,582,422,590,417,74,25,14
559,438,569,433,572,450,42,43,38
572,450,569,433,593,446,55,40,32
569,433,579,425,593,446,56,36,29
555,431,547,430,559,420,123,76,62
442,198,448,195,448,210,41,24,15
440,201,442,198,448,210,60,28,16
448,195,442,198,442,187,24,17,16
427,197,424,179,442,187,112,40,20
442,198,427,197,442,187,107,39,20
427,197,442,198,440,201,110,37,20
424,179,427,197,414,188,82,32,18
414,188,427,197,407,199,59,28,17
427,197,412,207,407,199,74,38,26
436,249,439,247,438,255,43,44,40
439,247,436,249,435,242,35,35,33
435,242,436,249,427,241,26,26,24
427,241,436,249,418,245,27,27,25
436,249,429,265,418,245,36,36,34
429,265,436,249,438,255,41,42,38
460,232,469,234,462,238,62,52,45
469,234,471,237,462,238,60,57,51
469,234,460,232,469,224,34,33,30
476,229,469,234,469,224,35,36,32
471,237,469,234,476,229,48,48,43
471,237,472,243,464,244,55,47,42
472,243,470,250,464,244,97,76,63
472,243,479,240,476,244,57,58,48
472,243,471,237,479,240,49,50,41
470,250,476,246,477,253,119,120,107
484,245,476,246,476,244,84,86,76
476,246,472,243,476,244,66,68,58
472,243,476,246,470,250,99,101,89
477,253,476,246,484,252,97,99,89
476,246,484,245,484,252,92,94,84
644,683,644,684,636,688,15,10,2
644,684,640,691,636,688,20,11,4
640,691,644,684,656,687,57,19,10
644,684,647,679,656,687,65,21,12
644,684,644,683,647,679,36,17,4
649,710,662,710,656,723,14,7,4
649,710,653,706,662,710,24,10,5
645,718,649,710,656,723,34,15,9
623,708,617,702,619,700,6,6,5
617,702,623,708,613,709,6,6,5
604,697,617,702,613,709,8,8,7
617,702,616,693,619,700,7,8,7
617,702,604,697,616,693,9,9,8
603,834,599,837,599,835,47,14,10
606,838,599,837,603,834,51,15,12
599,837,607,844,605,847,27,9,4
599,837,606,838,607,844,34,11,6
599,837,586,846,593,830,22,9,6
599,835,599,837,593,830,8,6,3
566,872,551,870,561,864,16,8,6
564,862,566,872,561,864,21,7,3
566,872,579,866,577,881,4,4,2
565,913,577,902,578,906,7,8,6
576,899,577,902,565,913,7,8,6
578,906,577,902,585,905,5,5,4
577,902,576,899,585,905,5,5,4
569,888,576,899,552,896,7,8,5
548,883,557,879,552,896,9,8,4
557,879,569,888,552,896,7,8,4
569,888,557,879,562,879,7,7,4
566,872,557,879,551,870,9,8,5
557,879,566,872,562,879,9,8,4
551,870,557,879,545,876,16,11,9
557,879,548,883,545,876,14,10,7
596,860,597,852,600,852,4,2,0
594,854,597,852,596,860,7,1,0
597,852,605,847,600,852,8,2,2
597,852,599,837,605,847,27,8,5
585,858,596,860,579,866,5,3,1
583,850,585,858,580,849,49,14,6
559,859,567,856,564,862,67,21,8
559,859,564,862,561,864,62,18,7
553,860,559,859,561,864,69,19,11
582,573,580,576,573,571,104,80,70
584,578,580,576,582,573,117,42,30
580,576,584,578,583,584,156,79,62
580,576,573,591,573,571,99,65,53
580,576,583,584,573,591,117,61,47
418,861,429,850,434,855,52,42,34
429,850,433,851,434,855,24,10,5
432,848,428,847,433,832,8,7,3
432,848,433,832,447,840,10,5,2
429,850,432,848,433,851,20,11,6
432,848,429,850,428,847,20,12,7
447,844,432,848,447,840,14,6,1
432,848,447,844,433,851,22,8,3
395,833,401,843,388,838,28,14,7
409,849,411,853,402,853,50,23,19
409,849,401,843,411,843,40,24,17
429,850,419,845,428,847,20,9,5
409,849,419,845,411,853,28,7,5
419,845,409,849,411,843,21,8,4
428,847,419,845,433,832,9,6,3
411,853,419,845,418,861,47,16,14
419,845,429,850,418,861,41,30,24
433,832,419,845,420,822,6,5,3
440,826,442,824,441,827,60,13,9
442,824,440,826,436,819,72,25,17
440,826,441,827,433,832,13,3,3
436,819,440,826,433,832,35,11,7
127,241,123,243,122,232,5,5,0
123,243,114,236,122,232,13,11,5
123,243,130,253,116,245,11,7,3
114,236,115,244,109,242,9,9,4
115,244,123,243,116,245,10,9,5
123,243,115,244,114,236,10,9,4
112,221,103,222,96,191,8,6,3
103,222,92,194,96,191,5,4,2
103,222,94,219,92,194,5,5,2
95,225,97,238,89,228,42,12,7
97,238,95,225,106,229,40,13,7
95,225,103,222,106,229,38,10,4
103,222,95,225,94,219,15,6,0
95,225,89,228,89,224,19,6,1
94,219,95,225,89,224,6,4,0
132,101,142,92,148,97,16,11,6
131,104,132,101,151,106,13,9,4
132,101,148,97,151,106,14,10,4
142,92,132,101,132,91,17,13,7
132,101,131,104,127,102,12,10,7
132,91,132,101,127,102,10,8,6
206,87,195,76,204,61,13,10,5
187,80,195,76,206,87,12,9,6
204,61,195,76,191,59,19,12,6
195,76,182,66,191,59,20,12,6
195,76,187,80,182,66,11,9,6
214,94,219,103,197,104,12,10,6
197,100,214,94,197,104,11,9,5
212,283,203,293,198,288,28,19,11
203,293,212,283,207,299,26,16,10
200,296,203,293,207,299,28,19,12
198,281,194,272,208,274,35,28,17
212,283,198,281,208,274,34,27,17
198,281,212,283,198,288,28,20,11
192,290,198,281,198,288,43,34,23
196,292,203,293,200,296,28,22,11
196,292,200,296,191,298,33,27,16
192,290,196,292,191,298,36,29,17
194,272,182,286,175,270,51,41,28
198,281,182,286,194,272,50,40,25
182,286,198,281,192,290,42,33,22
182,286,192,290,191,298,38,31,20
182,286,169,309,168,285,26,22,13
182,286,191,298,169,309,28,24,14
101,270,112,261,114,265,3,4,0
95,272,101,270,105,278,7,6,2
101,270,114,265,105,278,3,4,0
112,261,101,270,96,258,4,4,1
101,270,95,272,94,259,10,7,4
96,258,101,270,94,259,9,7,4
130,253,131,247,137,254,65,34,26
131,247,123,243,127,241,15,6,3
123,243,131,247,130,253,14,6,2
131,247,148,250,137,254,39,24,15
131,247,138,236,148,250,39,23,16
149,238,138,236,151,235,23,17,8
138,236,149,238,148,250,21,15,7
149,238,153,249,148,250,47,42,32
160,244,149,238,151,235,52,46,35
153,249,149,238,160,244,43,37,27
140,262,140,264,132,268,72,38,25
140,260,140,262,132,268,71,37,25
148,250,142,255,137,254,22,16,7
232,214,233,223,230,217,103,87,67
232,214,234,213,233,223,91,74,53
229,211,232,214,230,217,111,96,79
232,214,229,211,234,213,94,79,62
594,190,596,193,595,195,14,14,12
589,192,594,190,595,195,28,28,26
596,193,594,190,597,191,10,10,8
597,191,594,190,597,174,9,9,7
581,180,573,186,576,175,10,10,8
581,180,585,196,573,186,18,18,16
585,196,581,180,589,192,19,19,18
580,142,581,139,581,144,91,31,15
577,148,580,142,581,144,83,37,23
582,150,587,165,574,156,14,14,10
582,150,587,151,587,165,13,13,9
577,148,582,150,574,156,23,22,19
582,150,577,148,581,144,61,34,24
587,151,582,150,581,144,68,32,20
560,160,553,158,553,155,8,11,7
553,158,560,160,554,161,5,8,4
626,154,632,145,634,152,47,20,12
626,155,626,154,634,152,59,24,12
206,827,200,828,205,825,24,22,15
200,828,193,822,205,825,22,19,12
200,828,206,827,207,830,24,20,14
197,847,200,828,207,830,18,17,12
181,816,180,806,192,805,53,27,16
193,822,181,816,192,805,41,23,14
181,816,193,822,178,831,22,18,10
181,816,178,831,168,817,28,15,7
214,787,206,785,204,782,10,6,2
206,785,206,788,204,782,24,7,6
206,788,206,785,214,787,5,5,1
213,808,211,811,213,807,31,12,4
215,810,213,808,213,807,19,7,1
213,808,215,810,211,811,28,11,3
221,936,209,943,208,942,39,31,25
209,943,221,936,217,946,38,30,23
221,936,222,938,217,946,39,31,24
222,938,225,933,231,935,32,25,19
225,933,223,926,231,922,66,40,32
225,933,231,922,231,935,65,40,32
225,933,223,931,223,926,52,34,25
221,936,225,933,222,938,26,19,13
225,933,221,936,223,931,29,21,14
244,918,243,920,242,916,33,31,26
244,917,244,918,242,916,37,36,31
243,920,244,918,250,922,25,24,17
244,918,244,917,250,922,25,24,17
167,842,186,862,161,856,38,20,10
161,856,186,862,167,872,40,23,12
186,862,185,868,167,872,41,24,13
192,869,186,862,197,866,54,44,33
185,868,186,862,192,869,59,47,36
205,911,205,914,201,913,34,25,13
205,908,205,911,201,913,43,27,16
205,911,208,912,205,914,43,28,16
205,911,205,908,208,912,56,31,19
193,902,195,904,181,911,17,8,4
195,904,199,907,201,913,31,19,11
199,907,195,904,208,897,66,28,22
195,904,193,902,208,897,68,27,22
195,904,201,913,189,923,16,10,4
181,911,195,904,189,923,13,9,4
182,890,193,902,181,898,49,19,12
181,888,182,890,174,885,28,15,8
193,902,182,890,202,884,61,25,16
182,890,167,896,174,885,12,7,2
182,890,181,898,167,896,7,4,1
182,890,195,879,202,884,63,28,18
195,879,182,890,186,880,62,28,17
182,890,184,881,186,880,61,28,20
182,890,181,888,184,881,57,27,20
476,765,475,762,482,769,60,52,45
476,766,476,765,482,769,80,73,63
476,765,476,766,475,762,57,44,39
482,774,480,771,482,769,150,122,110
480,771,482,774,477,772,157,108,98
480,771,476,766,482,769,118,102,92
476,766,480,771,477,772,139,114,104
250,854,249,853,251,846,29,10,7
255,859,250,854,251,846,27,11,5
250,854,251,856,244,861,54,23,13
249,853,250,854,244,861,54,23,13
287,448,286,452,276,445,104,98,90
276,436,287,448,276,445,108,102,94
287,448,276,436,279,433,107,102,94
287,448,279,433,299,432,132,127,119
287,448,294,451,292,453,130,125,118
286,452,287,448,292,453,127,121,114
287,448,299,432,300,447,148,143,136
294,451,287,448,300,447,139,133,126
280,408,274,415,276,402,113,108,97
280,408,276,402,280,399,113,108,96
290,398,280,408,280,399,136,132,120
291,412,280,408,290,398,136,131,120
279,433,287,417,299,431,142,137,130
287,417,280,408,291,412,138,133,124
280,408,287,417,274,415,122,116,107
287,417,301,426,299,431,155,149,142
287,417,291,412,301,426,157,152,144
276,436,271,420,279,433,93,88,81
271,420,287,417,279,433,111,105,98
287,417,271,420,274,415,122,117,110
347,457,343,446,353,448,172,168,163
343,446,347,457,341,458,180,176,171
335,453,343,446,341,458,169,166,160
343,446,335,453,335,450,168,165,159
329,441,343,446,335,450,176,172,167
329,440,343,446,329,441,177,173,167
318,418,313,422,314,416,172,166,161
313,422,318,418,319,421,158,152,147
321,409,318,418,314,416,159,155,151
318,418,321,409,332,413,166,162,157
319,421,318,418,332,413,164,161,155
236,444,243,442,240,449,89,39,39
251,449,244,440,261,443,12,3,1
243,442,244,440,251,449,13,2,1
244,456,247,454,251,463,35,19,17
247,454,251,449,251,463,14,3,1
233,426,235,419,242,425,63,13,15
238,433,233,426,242,425,67,17,19
233,426,238,433,229,438,61,16,18
212,431,233,426,229,438,13,1,1
233,426,212,431,212,427,15,1,1
202,363,190,378,184,366,23,13,9
190,378,202,363,191,379,14,8,6
190,378,182,371,184,366,51,27,16
185,384,190,378,191,379,32,11,2
176,395,180,391,188,394,15,14,10
180,391,185,384,188,394,12,10,5
168,386,180,391,176,395,9,8,4
164,404,167,396,172,401,44,28,21
172,401,167,396,174,399,14,13,6
164,388,167,396,143,398,29,15,11
167,396,164,404,143,398,25,12,10
167,396,176,395,174,399,9,10,4
168,386,167,396,164,388,33,21,13
167,396,168,386,176,395,8,6,3
162,369,165,380,157,370,63,21,11
162,369,165,365,165,380,52,18,8
161,361,162,369,157,370,32,19,10
165,365,162,369,161,361,28,21,11
165,380,165,385,164,388,27,20,7
165,385,168,386,164,388,20,18,7
178,347,178,359,174,348,20,19,15
175,343,178,347,174,348,14,12,9
178,347,175,343,184,344,14,12,9
178,347,184,344,188,345,16,14,10
178,359,178,347,188,345,12,10,7
398,726,404,727,392,737,9,5,1
384,722,398,726,388,736,8,5,1
398,726,392,737,388,736,5,5,1
426,753,435,737,427,754,48,18,9
435,737,426,753,418,746,39,13,6
426,753,418,747,418,746,5,4,3
422,755,426,753,427,754,4,4,3
418,747,426,753,422,755,4,4,3
422,729,435,737,417,740,48,17,8
415,733,422,729,417,740,68,23,14
463,745,445,745,458,739,5,5,3
445,745,463,745,445,750,20,14,9
445,745,445,750,427,754,56,21,13
435,737,445,745,427,754,52,20,11
445,745,456,734,458,739,6,6,4
456,734,445,745,435,737,15,9,5
413,735,417,740,399,744,8,3,1
413,735,415,733,417,740,43,8,5
458,760,463,745,464,761,33,15,10
446,756,458,760,450,764,68,28,21
458,760,446,756,445,750,87,48,36
463,745,458,760,445,750,56,31,23
458,760,459,768,450,764,39,10,7
458,760,462,767,459,768,73,20,15
462,767,458,760,464,761,86,27,20
527,704,523,706,513,694,26,13,7
523,706,527,704,535,710,83,18,7
470,758,478,751,475,762,8,8,5
478,751,470,758,476,748,6,6,4
478,751,496,755,495,763,21,10,5
496,755,478,751,493,742,10,9,5
475,762,478,751,482,769,29,27,22
478,751,495,763,482,769,29,15,9
439,673,438,663,452,665,12,11,8
452,676,439,673,452,665,22,18,14
439,673,433,670,438,663,80,64,58
433,670,439,673,432,675,151,104,94
482,683,473,691,474,682,7,7,5
484,684,473,691,482,683,7,7,4
473,691,484,684,482,699,32,27,22
473,692,473,691,482,699,58,46,39
466,685,464,689,459,686,73,58,49
452,676,466,685,459,686,37,29,25
473,691,466,685,474,682,13,12,9
466,685,473,691,464,689,21,18,12
463,745,464,738,476,748,6,7,5
464,738,463,745,458,739,4,4,3
456,734,464,738,458,739,5,5,3
473,732,479,730,476,748,9,9,7
462,697,467,700,464,715,20,8,6
467,700,467,695,473,692,129,82,73
467,695,473,691,473,692,114,93,86
473,691,467,695,464,689,95,73,63
462,697,467,695,467,700,77,20,17
477,702,473,692,480,701,90,64,54
477,702,467,700,473,692,106,65,55
431,666,427,668,429,664,106,71,65
431,666,433,670,427,668,125,77,70
438,663,431,666,429,664,18,10,9
433,670,431,666,438,663,58,45,42
467,597,486,599,485,604,21,21,16
481,590,486,599,467,597,14,11,7
486,599,481,590,495,596,12,11,8
486,599,496,602,485,604,21,22,20
496,602,486,599,495,596,16,16,15
443,598,445,594,449,600,6,2,1
445,594,438,588,445,592,4,2,0
445,594,443,598,438,588,4,2,0
462,601,463,612,458,603,102,68,55
462,601,454,585,467,597,13,6,5
428,634,422,645,417,644,8,8,6
422,645,428,634,432,649,7,8,5
422,645,418,658,417,644,22,19,15
422,645,432,649,418,658,10,9,6
395,633,406,637,405,639,70,17,7
395,633,395,632,406,637,81,16,6
406,637,396,627,410,626,69,15,6
395,632,396,627,406,637,81,16,6
387,625,396,627,395,632,72,40,29
431,609,420,588,434,608,11,3,2
431,609,424,610,420,588,13,4,1
441,625,431,609,434,608,14,10,7
467,650,467,651,463,648,8,8,6
467,651,466,653,463,648,8,9,6
477,671,470,655,482,650,8,9,6
467,651,470,655,466,653,6,6,4
470,655,467,650,482,650,7,7,5
470,655,467,651,467,650,5,6,4
465,660,468,669,464,662,7,8,5
468,669,466,685,452,676,19,16,13
468,669,477,671,474,682,11,12,9
466,685,468,669,474,682,9,10,7
464,662,468,669,452,665,6,7,4
468,669,452,676,452,665,8,8,6
486,626,480,632,473,624,66,25,17
486,626,478,614,495,608,40,28,21
498,622,500,617,517,631,15,14,10
473,640,467,641,464,638,11,12,9
467,641,473,640,467,650,8,8,6
364,533,355,539,361,530,87,88,80
364,533,362,540,355,539,85,86,79
372,526,364,533,361,530,104,106,99
212,617,218,623,208,624,17,5,2
203,615,212,617,208,624,19,5,3
212,617,220,612,222,617,13,3,0
218,623,212,617,222,617,17,3,0
212,617,203,615,205,609,16,5,4
212,617,215,606,220,612,9,3,0
215,606,212,617,205,609,12,4,2
187,646,206,636,208,659,34,21,12
177,626,187,646,184,651,8,5,2
194,630,187,646,177,626,19,13,6
212,629,218,623,224,639,24,4,2
218,623,212,629,208,624,21,4,2
212,629,206,636,208,624,13,3,1
215,666,227,657,228,673,32,21,13
170,415,179,419,172,428,54,30,22
180,418,179,419,170,415,43,26,20
188,423,190,424,194,432,5,4,2
190,424,188,423,190,421,8,6,3
190,424,207,433,194,432,3,3,2
212,427,190,424,190,421,2,3,1
207,433,190,424,212,427,3,3,2
181,420,180,418,190,421,15,13,9
188,423,181,420,190,421,14,12,8
181,420,179,419,180,418,21,19,15
181,420,188,423,172,428,33,21,14
179,419,181,420,172,428,47,29,20
232,421,215,406,235,419,33,4,6
233,426,232,421,235,419,56,4,6
232,421,233,426,212,427,17,1,1
210,411,212,427,190,421,2,2,1
210,411,232,421,212,427,16,1,2
232,421,210,411,215,406,18,1,2
210,411,188,394,212,402,3,2,1
210,411,190,421,188,394,3,3,1
195,433,195,448,194,432,7,8,5
207,433,195,433,194,432,3,4,2
195,433,207,433,195,448,3,3,1
138,374,135,372,139,368,67,19,7
131,366,135,372,130,367,43,13,5
135,372,131,366,139,368,57,17,8
133,378,135,372,138,376,34,9,3
135,372,138,374,138,376,43,12,3
219,711,221,697,224,705,25,17,9
221,697,226,695,224,705,42,33,23
226,695,221,697,226,691,44,35,25
221,697,215,693,226,691,40,31,21
205,698,219,711,209,714,16,9,3
201,711,205,698,209,714,25,10,6
221,697,205,698,215,693,27,16,8
205,698,221,697,219,711,17,10,3
236,657,230,658,233,643,33,9,6
230,658,227,657,233,643,34,8,4
230,658,236,657,234,664,35,6,5
227,657,230,658,234,664,29,5,2
195,713,203,714,206,720,8,4,1
201,711,203,714,195,713,9,5,2
206,720,203,714,209,714,13,7,2
203,714,201,711,209,714,14,9,4
183,654,167,666,184,651,1,1,1
183,654,178,667,167,666,1,1,1
194,660,202,677,189,680,14,9,4
194,660,183,654,184,651,16,7,2
187,646,194,660,184,651,19,8,3
194,660,187,646,208,659,28,15,8
170,606,169,611,138,614,1,1,1
170,608,169,611,170,606,4,1,3
169,611,170,613,138,614,1,1,1
169,611,170,608,170,613,4,1,4
179,615,170,608,178,602,24,11,4
184,610,179,615,178,602,47,31,17
170,608,179,615,170,613,18,6,2
179,615,184,610,184,615,50,35,21
179,615,177,626,170,613,8,3,1
186,572,191,575,178,581,13,4,1
185,568,186,572,178,581,14,4,2
186,572,185,568,191,575,9,3,1
285,389,285,388,288,384,121,115,105
274,382,285,388,285,389,121,114,105
267,390,270,385,269,393,97,90,81
270,385,285,389,269,393,118,112,102
270,385,274,382,285,389,117,110,101
274,382,270,385,273,380,108,99,89
283,383,292,377,288,384,110,105,95
292,377,283,383,276,372,111,104,95
285,388,283,383,288,384,124,119,109
283,383,285,388,274,382,121,114,105
276,372,283,383,273,380,111,103,93
283,383,274,382,273,380,112,104,95
264,365,266,362,269,369,52,28,24
266,362,275,366,269,369,55,45,36
275,366,266,362,269,357,51,41,32
269,357,266,362,267,354,47,27,22
266,362,251,361,267,354,47,7,8
266,362,264,365,251,361,49,9,9
264,365,255,367,251,361,44,4,4
255,367,234,364,251,361,41,2,2
234,364,255,367,239,392,39,3,3
165,240,169,238,169,248,29,23,13
176,204,177,199,184,200,45,34,21
177,199,176,204,175,203,44,33,18
177,208,176,204,184,200,55,42,28
176,204,177,208,175,203,65,52,34
177,208,176,217,169,212,122,93,69
176,217,177,208,183,210,100,78,58
181,218,176,217,183,210,103,76,56
176,217,181,231,168,233,107,71,50
181,231,176,217,183,229,108,69,48
176,217,181,218,183,229,104,63,42
171,194,164,193,164,185,60,50,35
164,193,158,190,164,185,69,54,41
146,185,149,188,144,198,24,22,13
149,188,146,185,153,182,25,25,16
130,269,123,273,127,267,23,18,12
130,269,132,276,123,273,27,20,12
130,269,127,267,132,268,35,25,15
140,264,134,274,132,268,74,39,25
134,274,130,269,132,268,45,24,11
130,269,134,274,132,276,43,22,9
123,296,109,298,124,281,4,4,1
138,305,144,313,143,313,81,34,28
124,352,113,345,124,342,13,6,3
106,350,113,345,121,362,14,3,3
113,345,124,352,121,362,10,3,2
622,468,622,469,615,470,60,45,36
622,469,616,472,615,470,62,44,35
616,472,622,469,623,475,82,56,45
622,469,629,465,623,475,90,43,35
622,469,622,468,629,465,96,47,38
641,486,644,478,644,487,243,116,116
644,478,641,486,643,476,246,123,121
644,478,649,485,644,487,165,30,38
644,478,651,474,649,485,158,31,39
651,474,644,478,643,476,191,52,62
621,493,625,482,632,489,99,52,44
625,482,621,493,616,488,84,32,23
617,501,621,493,624,500,81,33,21
617,494,621,493,617,501,93,39,24
621,493,616,492,616,488,83,38,28
616,492,621,493,617,494,86,41,29
562,538,569,534,565,542,171,172,162
562,538,562,537,569,534,191,191,182
562,537,562,538,560,536,192,192,182
559,499,569,503,560,526,73,16,10
543,500,533,482,549,475,54,4,6
531,491,543,500,533,497,63,7,11
543,500,531,491,533,482,66,6,11
533,497,543,500,532,505,60,9,13
543,500,541,511,532,505,59,7,10
593,509,589,517,583,512,113,75,63
588,504,593,509,583,512,66,60,54
589,517,593,509,598,514,109,58,46
593,509,599,507,598,514,88,45,32
593,509,588,504,599,507,50,47,40
610,505,600,506,605,502,35,26,19
600,506,610,505,608,515,107,36,21
617,501,610,505,605,502,37,26,19
586,489,591,490,583,495,107,76,66
586,489,584,485,591,490,181,120,105
577,484,586,489,583,495,144,98,86
584,485,586,489,577,484,120,77,66
585,481,586,477,591,490,123,77,64
584,485,585,481,591,490,154,95,80
585,481,584,485,577,484,74,60,49
644,455,647,458,641,458,253,157,149
644,455,645,452,647,458,252,149,142
638,451,644,455,641,458,250,171,159
645,452,644,455,638,451,249,169,157
617,417,610,403,622,409,88,35,22
617,417,594,415,610,403,92,38,24
610,429,617,417,616,424,20,22,17
617,417,610,429,594,415,35,27,21
617,444,614,447,608,445,20,21,16
614,447,620,457,604,453,31,30,26
608,445,614,447,604,453,30,29,26
631,436,622,442,622,439,84,57,45
622,439,622,442,621,438,15,16,11
622,442,617,444,621,438,15,16,11
632,448,622,442,635,441,80,47,38
622,442,631,436,635,441,79,49,38
616,436,610,435,617,433,26,27,22
610,435,616,436,617,444,14,15,10
616,436,617,433,621,438,17,18,13
617,444,616,436,621,438,14,15,10
635,511,623,518,630,503,120,76,71
635,513,623,518,635,511,89,52,50
623,518,617,501,624,500,85,35,25
630,503,623,518,624,500,87,52,48
623,518,610,505,617,501,91,36,23
617,527,623,518,625,523,87,34,21
616,528,615,526,617,527,36,21,11
605,524,615,526,613,533,20,20,15
615,526,616,528,613,533,15,14,6
629,549,631,545,636,547,93,36,19
631,545,629,549,626,539,93,35,18
643,541,653,534,652,544,36,26,20
641,543,643,541,652,544,37,27,21
638,546,638,548,636,547,56,32,30
638,546,641,543,638,548,32,29,28
629,408,636,409,631,412,131,60,36
629,408,631,412,622,409,114,43,22
626,404,629,408,622,409,67,32,18
636,409,629,408,638,405,117,68,55
638,405,629,408,632,398,102,63,54
629,408,626,404,632,398,37,25,18
617,432,609,431,610,429,31,34,27
609,431,617,432,610,435,32,33,28
609,431,610,435,603,432,36,36,32
609,431,603,432,603,430,38,39,34
610,429,609,431,603,430,34,36,31
649,198,648,206,643,203,32,21,15
648,206,660,204,660,216,28,22,17
648,206,639,212,643,203,61,27,15
646,222,648,206,660,216,21,18,14
639,212,648,206,646,222,66,27,15
266,313,267,313,261,326,18,1,1
210,275,212,283,208,274,35,27,16
210,275,213,278,212,283,37,29,19
209,269,210,275,208,274,35,28,15
240,295,238,282,247,286,233,32,31
235,284,238,282,240,295,234,63,55
238,282,252,271,247,286,199,14,14
238,282,235,284,231,276,147,30,28
240,262,238,282,231,276,98,18,18
238,282,240,262,252,271,161,17,17
289,261,297,256,301,268,27,23,17
289,272,289,261,301,268,26,17,13
289,261,289,272,279,265,83,20,20
297,256,289,261,295,253,36,30,25
277,260,289,261,279,265,48,26,19
280,255,289,261,277,260,27,22,13
295,253,289,261,290,249,33,28,22
289,261,280,255,290,249,23,20,12
216,273,223,264,231,276,38,17,12
213,278,216,273,231,276,31,9,5
210,275,216,273,213,278,41,30,20
441,356,435,351,448,352,60,10,11
435,351,441,356,435,363,106,5,7
453,359,441,356,448,352,47,11,11
435,363,441,356,452,365,103,5,8
441,356,453,359,452,365,85,5,8
434,344,434,350,430,342,56,7,6
435,351,434,350,434,344,55,8,4
420,355,399,350,416,340,134,2,4
399,350,420,355,409,370,169,5,9
420,341,420,355,416,340,138,5,7
420,355,411,371,409,370,203,7,16
420,355,420,341,430,342,119,8,12
434,350,420,355,430,342,111,7,11
424,374,420,355,435,363,202,14,23
420,355,424,374,411,371,205,12,21
420,355,435,351,435,363,165,10,17
420,355,434,350,435,351,142,9,17
420,383,422,378,433,385,129,47,45
422,378,424,374,433,385,178,55,56
417,382,422,378,420,383,33,1,2
422,378,417,382,412,373,81,14,15
424,374,422,378,412,373,139,31,34
394,340,399,350,391,346,98,1,1
394,340,405,333,399,350,104,2,3
405,333,394,340,389,324,77,3,3
389,324,394,340,379,343,68,1,1
394,340,391,346,379,343,74,1,0
458,51,456,55,455,51,10,8,4
458,51,461,56,456,55,9,8,3
461,56,458,51,469,45,15,10,5
458,51,456,48,469,45,18,11,6
529,145,525,148,524,144,33,20,10
526,150,525,148,529,145,24,20,12
525,148,512,149,524,144,85,38,23
520,154,525,148,526,150,18,18,11
520,154,513,156,512,149,27,23,20
525,148,520,154,512,149,27,22,17
536,146,529,145,540,140,98,28,11
536,146,540,140,546,142,118,30,10
539,159,536,146,546,142,103,29,13
529,174,526,163,536,172,18,19,15
526,163,519,176,520,162,18,18,16
526,163,529,174,519,176,18,18,16
534,193,531,195,530,194,25,25,23
531,184,534,193,530,194,20,20,19
537,187,534,193,531,184,17,18,16
531,201,534,193,532,203,30,30,28
531,195,534,193,531,201,30,31,28
539,185,538,178,546,188,15,15,10
539,185,537,187,531,184,14,15,12
538,178,539,185,531,184,21,22,18
430,558,434,567,416,562,16,3,3
417,522,433,518,437,528,143,144,139
433,518,441,525,437,528,140,140,136
441,525,433,518,441,510,153,154,149
406,506,408,509,402,510,164,165,162
408,509,406,517,402,510,165,166,161
408,509,406,506,406,500,155,155,153
420,495,408,509,406,500,173,173,171
414,521,410,539,400,523,128,129,124
406,517,414,521,400,523,153,153,149
414,521,417,522,414,538,134,135,130
410,539,414,521,414,538,133,134,129
408,509,414,521,406,517,164,165,160
413,548,409,550,404,545,87,85,79
410,539,413,548,404,545,96,96,90
413,548,410,539,414,538,98,99,93
409,550,413,548,415,555,100,97,91
483,481,498,480,483,503,152,153,147
483,481,478,479,478,475,154,156,149
471,495,483,481,474,499,158,159,154
483,481,475,500,474,499,158,159,154
483,481,483,503,475,500,157,158,153
485,465,483,481,478,475,147,148,141
478,479,483,481,473,482,154,155,150
483,481,485,465,492,464,123,121,114
498,480,483,481,492,464,112,99,94
483,481,470,487,473,482,159,160,155
483,481,471,495,470,487,159,160,155
375,432,379,433,379,434,139,138,132
375,432,374,431,379,433,148,147,141
442,527,446,531,437,528,123,124,119
446,530,446,531,442,527,126,126,122
446,531,434,535,437,528,117,118,113
446,531,446,530,455,532,112,113,108
469,526,464,529,463,519,116,117,112
464,529,460,530,463,519,120,121,116
464,529,469,526,470,533,101,101,97
464,529,470,533,464,542,107,107,100
460,530,464,529,464,542,104,105,98
463,519,454,524,454,516,135,136,131
460,530,454,524,463,519,126,127,122
454,524,460,530,455,532,113,114,109
446,530,454,524,455,532,117,118,113
454,524,441,525,454,516,139,140,135
441,525,454,524,442,527,128,129,124
454,524,446,530,442,527,126,126,122
481,534,476,536,470,533,110,109,102
476,536,469,541,470,533,108,107,98
476,536,479,539,469,541,99,97,87
486,540,480,538,481,534,62,58,48
480,538,476,536,481,534,101,99,90
476,536,480,538,479,539,95,92,82
483,545,480,538,486,540,59,17,16
479,539,480,538,483,545,52,20,17
464,581,458,569,475,577,35,3,4
458,569,464,581,453,580,37,4,4
464,581,454,585,453,580,17,1,1
464,581,475,577,476,584,13,1,0
467,597,464,581,476,584,10,4,2
454,585,464,581,467,597,10,2,1
443,579,451,572,453,580,39,4,4
451,572,458,569,453,580,37,3,4
451,572,443,579,434,567,29,3,4
458,569,451,572,458,554,27,2,2
517,576,509,583,514,573,22,22,16
509,583,517,576,510,586,22,23,18
509,583,510,586,503,586,27,28,23
509,583,511,570,514,573,19,17,12
509,583,503,586,499,567,19,14,11
511,570,509,583,499,567,17,12,9
517,564,521,563,517,565,65,19,10
509,555,517,564,508,557,21,2,2
521,563,517,564,522,562,43,10,3
517,564,509,555,522,562,24,3,2
517,564,511,570,508,557,28,5,4
511,570,517,564,517,565,46,10,8
577,547,574,552,576,543,135,136,127
574,552,577,547,586,548,105,97,87
571,560,574,552,582,562,149,150,139
574,552,571,560,568,557,144,147,137
580,566,571,560,582,562,131,130,118
571,560,580,566,573,571,106,109,97
561,561,571,560,573,571,98,102,91
568,557,571,560,563,558,135,139,128
571,560,561,561,563,558,120,124,114
594,772,607,771,604,781,7,8,6
620,774,607,771,611,766,16,10,6
607,771,594,772,600,761,10,11,9
611,766,607,771,600,761,11,12,10
612,738,614,731,618,733,14,6,5
612,738,612,748,599,737,8,8,5
600,734,612,738,599,737,26,6,3
612,738,610,727,614,731,44,13,4
612,738,600,734,610,727,65,20,9
621,745,618,733,632,740,10,10,8
626,758,621,745,632,740,17,13,9
621,745,612,738,618,733,8,7,7
612,738,621,745,612,748,8,8,7
523,664,514,672,507,667,11,11,8
518,674,514,672,523,664,11,11,8
514,672,501,670,507,667,9,10,6
514,672,516,686,501,670,9,9,7
516,686,518,677,527,679,12,13,8
518,677,518,674,527,679,9,9,6
530,681,529,688,527,679,15,14,9
534,680,530,681,527,679,14,14,6
530,681,534,680,529,688,28,15,7
549,651,550,646,559,653,93,17,8
549,651,548,658,540,652,105,73,59
542,661,532,666,540,652,94,55,43
548,658,542,661,540,652,127,75,60
562,655,557,665,559,653,100,63,53
571,663,557,665,562,655,79,57,50
557,665,572,667,571,671,116,54,42
557,665,571,663,572,667,166,109,94
567,619,558,616,559,610,34,21,16
571,608,567,619,559,610,60,23,14
567,619,562,625,558,616,48,19,13
567,619,566,624,562,625,79,21,13
567,619,571,608,579,615,93,24,14
566,624,567,619,579,615,79,23,14
516,647,527,643,519,654,110,56,47
516,647,516,642,527,643,125,83,73
550,646,539,641,542,636,10,11,8
539,641,534,637,542,636,9,8,5
484,775,500,773,499,776,75,21,9
495,763,500,773,484,775,66,17,7
499,776,500,773,504,782,43,33,29
500,773,515,759,504,782,17,13,10
548,736,548,733,551,739,74,30,22
545,737,548,736,551,739,33,8,3
548,736,545,737,548,733,84,27,19
608,785,614,781,608,787,85,25,14
614,781,607,771,620,774,41,15,11
614,781,608,785,604,781,70,22,12
607,771,614,781,604,781,19,11,9
537,869,541,868,540,874,26,17,15
540,874,541,868,545,876,30,20,18
541,868,537,869,540,862,36,11,5
543,865,541,868,540,862,42,14,7
541,868,551,870,545,876,26,17,15
541,868,543,865,551,870,28,15,11
522,858,538,854,540,862,66,24,13
538,854,539,853,540,862,55,17,7
530,842,538,854,522,858,24,12,7
539,853,538,854,530,842,8,6,4
472,169,473,164,474,168,96,62,48
472,169,470,170,473,164,95,53,41
455,251,454,256,447,255,41,41,37
454,256,455,251,460,254,72,56,48
455,251,462,245,460,254,97,44,27
455,251,439,247,445,235,50,40,35
439,247,455,251,447,255,45,45,40
455,251,445,235,462,238,86,45,33
462,245,455,251,462,238,123,46,27
434,270,428,267,429,265,20,21,17
428,267,434,270,428,274,34,35,29
428,267,428,274,421,272,24,25,21
412,259,428,267,421,272,32,32,29
428,267,412,259,429,265,37,37,35
501,255,516,264,496,265,144,146,137
516,264,512,278,496,265,130,132,122
516,264,501,255,519,251,131,134,125
525,261,516,264,519,251,133,135,127
523,266,516,264,525,261,145,147,137
567,280,574,281,563,292,116,43,26
567,278,567,280,557,283,80,49,40
567,280,563,292,557,283,114,45,29
571,277,567,280,567,278,84,32,17
574,281,567,280,571,277,116,35,13
590,298,585,294,593,288,31,23,19
585,294,574,281,593,288,104,44,31
574,281,585,294,570,297,115,50,37
488,293,492,292,491,303,162,137,125
485,297,488,293,491,303,165,129,117
492,292,488,293,487,285,133,123,113
488,293,479,287,487,285,151,109,101
488,293,485,297,479,287,143,99,91
579,425,571,428,571,426,25,27,20
569,433,571,428,579,425,30,31,24
571,428,569,433,559,432,32,29,22
552,439,560,448,548,444,41,41,36
552,439,559,438,560,448,43,44,38
555,431,552,439,547,430,92,69,61
552,439,548,444,540,441,69,39,25
547,430,552,439,540,441,115,71,55
559,436,555,431,559,432,65,64,53
569,433,559,436,559,432,27,28,22
559,436,569,433,559,438,35,36,30
552,439,559,436,559,438,34,33,26
559,436,552,439,555,431,55,52,43
555,431,558,430,559,432,103,96,82
558,430,555,431,559,420,127,80,62
558,430,559,420,571,426,88,59,44
571,428,558,430,571,426,54,42,32
558,430,571,428,559,432,39,34,27
427,202,427,197,440,201,118,37,18
427,202,439,209,425,206,76,29,17
427,202,440,201,439,209,89,31,16
412,207,427,202,425,206,91,46,30
427,197,427,202,412,207,91,43,29
638,714,640,711,645,718,26,18,10
640,711,649,710,645,718,42,22,13
640,711,638,714,638,704,38,15,3
649,710,646,701,653,706,55,22,13
640,691,646,701,638,704,57,22,11
646,701,640,691,656,687,57,21,11
653,706,646,701,656,687,55,19,10
641,729,638,736,638,726,36,22,16
641,729,643,732,638,736,48,24,19
641,729,638,726,639,725,26,18,14
641,729,639,725,641,722,26,18,15
641,729,641,722,650,732,43,19,14
643,732,641,729,650,732,41,16,14
647,744,646,735,650,732,14,2,2
646,735,643,732,650,732,34,11,10
638,736,646,735,647,744,51,18,12
643,732,646,735,638,736,50,23,18
566,875,566,872,577,881,4,4,3
566,872,566,875,562,879,9,7,5
569,888,566,875,577,881,5,6,4
566,875,569,888,562,879,7,7,4
576,899,572,890,579,891,6,6,5
569,888,572,890,576,899,7,7,5
572,890,579,886,579,891,5,5,4
579,886,572,890,577,881,5,5,4
572,890,569,888,577,881,6,6,4
593,851,594,854,591,851,24,3,3
593,851,597,852,594,854,14,1,1
597,852,593,851,599,837,40,10,9
593,851,591,851,586,846,60,20,16
599,837,593,851,586,846,38,11,9
586,857,583,850,591,851,44,11,7
586,857,585,858,583,850,49,13,8
594,854,586,857,591,851,28,6,3
586,857,594,854,596,860,11,2,1
585,858,586,857,596,860,7,3,1
578,863,567,856,580,849,40,11,5
585,858,578,863,580,849,35,10,4
578,863,585,858,579,866,8,2,2
567,856,578,863,564,862,52,15,6
566,872,578,863,579,866,7,3,1
578,863,566,872,564,862,11,4,1
559,854,559,859,553,860,52,17,8
559,854,539,853,559,841,7,6,5
539,853,559,854,553,860,46,16,6
567,856,559,854,559,841,12,7,4
559,859,559,854,567,856,50,17,7
404,835,395,833,398,828,16,8,4
404,835,401,843,395,833,25,13,6
405,818,404,835,398,828,7,5,2
401,850,409,849,402,853,52,27,21
409,849,401,850,401,843,45,27,20
401,850,402,853,394,857,49,29,23
385,854,401,850,394,857,49,32,25
401,850,385,854,388,838,45,25,18
401,843,401,850,388,838,43,24,17
109,227,103,222,112,221,46,12,4
103,222,109,227,106,229,47,13,5
106,229,109,227,114,236,35,17,10
122,232,109,227,112,221,43,17,8
114,236,109,227,122,232,29,17,10
210,89,197,100,206,87,10,9,5
210,89,214,94,197,100,11,9,5
224,80,210,89,206,87,9,7,3
219,103,218,93,227,95,16,14,10
214,94,218,93,219,103,16,14,10
218,93,224,80,227,95,11,9,5
218,93,210,89,224,80,8,7,3
210,89,218,93,214,94,9,7,3
198,289,192,290,198,288,36,26,15
198,289,196,292,192,290,36,27,15
203,293,198,289,198,288,30,23,12
196,292,198,289,203,293,31,24,13
182,286,171,277,175,270,43,35,25
171,277,165,277,175,270,27,20,13
171,277,169,279,165,277,29,23,15
131,237,131,247,127,241,24,8,4
131,247,131,237,138,236,64,36,28
138,236,131,237,136,234,64,37,27
131,237,125,230,136,234,46,25,16
131,237,124,231,125,230,23,11,4
124,231,131,237,127,241,20,9,3
147,271,155,257,161,266,23,20,13
140,264,144,263,147,271,13,10,1
140,262,144,263,140,264,16,10,3
144,263,155,257,147,271,15,13,6
144,263,140,262,140,260,20,12,7
142,256,140,260,137,254,41,26,16
142,255,142,256,137,254,34,22,11
142,256,144,263,140,260,22,14,9
582,176,587,165,597,174,18,19,16
582,176,581,180,576,175,10,11,8
583,179,594,190,589,192,18,18,17
581,180,583,179,589,192,17,17,16
594,190,583,179,597,174,15,15,14
583,179,582,176,597,174,15,16,14
582,176,583,179,581,180,16,16,15
569,138,560,136,558,130,57,23,11
560,136,556,147,555,141,80,30,18
571,139,569,138,575,133,49,18,8
579,135,571,139,575,133,38,15,7
571,139,580,142,577,148,82,32,20
561,163,572,157,563,166,8,8,8
561,163,560,160,572,157,7,7,6
560,160,561,163,554,161,5,6,3
561,163,560,170,554,161,20,12,11
560,170,561,163,563,166,24,22,23
624,153,626,155,625,157,51,11,1
623,158,624,153,625,157,43,9,0
624,153,626,154,626,155,49,14,2
624,153,610,155,621,146,29,11,4
632,145,624,153,621,146,48,19,10
626,154,624,153,632,145,57,22,13
610,155,624,153,616,161,70,26,12
624,153,623,158,616,161,66,24,9
186,836,200,828,197,847,19,18,11
193,822,186,836,178,831,21,19,11
200,828,186,836,193,822,18,17,10
180,806,179,814,168,817,42,16,6
179,814,181,816,168,817,38,17,6
181,816,179,814,180,806,59,26,13
206,931,209,930,208,942,34,27,21
209,930,221,936,208,942,31,25,18
209,930,206,931,204,929,22,19,13
223,931,209,930,218,924,29,21,13
221,936,209,930,223,931,24,18,11
203,928,209,930,204,929,19,16,9
209,930,205,914,218,924,33,20,12
209,930,203,928,205,914,18,14,6
189,850,167,842,178,837,27,17,10
189,850,186,862,167,842,39,25,15
189,850,186,836,197,847,22,20,13
257,422,263,426,257,429,51,29,26
261,443,263,426,272,439,70,58,50
263,426,261,443,257,429,42,24,22
263,426,276,436,272,439,75,67,58
263,426,271,420,276,436,73,66,58
263,413,263,426,257,422,50,25,24
345,443,352,439,353,448,168,164,159
343,446,345,443,353,448,174,170,165
352,439,345,443,349,435,170,166,161
345,443,343,446,329,440,175,170,165
349,435,345,443,329,433,174,170,164
345,443,329,440,329,433,173,169,164
243,442,247,450,240,449,51,23,22
247,450,243,442,251,449,14,3,1
247,454,247,450,251,449,13,4,2
247,450,244,456,240,449,80,46,45
247,450,247,454,244,456,19,2,1
238,433,240,434,236,444,122,48,53
240,434,243,442,236,444,86,31,34
240,434,244,440,243,442,32,4,4
240,434,243,430,244,435,20,0,0
240,434,238,433,243,430,55,15,17
257,429,244,437,244,435,13,1,1
244,437,240,434,244,435,23,0,1
240,434,244,437,244,440,27,2,2
261,443,244,437,257,429,13,2,1
244,440,244,437,261,443,12,2,1
183,377,190,378,185,384,40,14,4
176,381,180,391,168,386,15,10,6
168,382,176,381,168,386,22,15,10
180,391,176,381,185,384,16,10,4
176,381,183,377,185,384,45,16,6
176,381,168,382,165,380,36,21,12
176,381,165,365,181,373,56,24,13
165,365,176,381,165,380,55,22,12
165,385,166,383,168,386,15,19,6
166,383,168,382,168,386,16,20,7
166,383,165,385,165,380,22,19,6
168,382,166,383,165,380,29,21,10
431,693,412,714,407,681,4,5,2
412,714,393,706,402,683,7,5,3
407,681,412,714,402,683,4,4,2
398,726,399,723,404,727,58,12,6
399,723,407,721,404,727,82,26,17
399,723,386,715,392,711,58,16,9
386,715,399,723,384,722,48,13,7
399,723,398,726,384,722,17,4,1
404,727,406,727,406,728,63,12,8
407,721,406,727,404,727,97,37,26
413,751,422,755,407,757,4,4,2
413,751,418,747,422,755,3,4,1
413,751,407,757,399,744,3,4,1
418,747,413,751,418,746,3,4,1
417,740,413,751,399,744,3,3,0
418,746,413,751,417,740,4,3,1
507,711,500,714,500,707,99,84,76
507,711,500,707,513,694,16,15,12
523,706,507,711,513,694,18,12,8
507,711,507,731,500,714,82,53,46
533,723,535,710,538,718,14,14,13
533,723,523,706,535,710,58,20,9
478,751,478,749,493,742,8,9,6
478,749,478,751,476,748,6,7,4
478,749,479,730,493,742,8,8,6
479,730,478,749,476,748,10,10,8
515,747,511,744,516,735,59,16,6
505,752,502,743,511,744,81,15,7
502,743,505,752,496,755,69,12,5
433,677,432,687,432,675,24,7,3
439,673,433,677,432,675,132,68,60
449,688,439,673,452,676,88,53,45
449,688,452,676,459,686,85,59,53
433,677,449,688,432,687,66,32,26
449,688,433,677,439,673,75,39,33
449,688,459,686,459,694,91,42,33
432,687,449,688,431,693,9,4,3
507,731,491,718,500,714,46,25,19
500,714,491,718,500,707,122,81,71
464,689,462,696,459,694,125,66,52
462,696,462,697,459,694,62,11,4
467,695,462,696,464,689,116,69,55
462,696,467,695,462,697,104,36,30
468,616,475,619,473,624,101,53,40
475,619,468,616,478,614,136,98,84
475,619,486,626,473,624,115,65,51
486,626,475,619,478,614,88,55,44
468,616,469,610,478,614,99,81,74
469,610,468,616,463,612,152,107,89
478,614,469,610,485,604,29,27,23
469,610,467,597,485,604,19,19,14
469,610,462,601,467,597,44,36,28
462,601,469,610,463,612,72,57,46
460,621,465,618,473,624,46,19,12
465,618,468,616,473,624,76,34,24
459,615,465,618,460,621,43,13,6
463,612,465,618,459,615,79,29,17
468,616,465,618,463,612,123,67,52
397,643,395,633,405,639,93,43,31
397,643,408,646,399,650,131,83,71
408,646,397,643,405,639,106,78,67
393,622,383,618,395,613,38,31,26
431,609,426,611,424,610,82,23,11
417,617,426,611,425,628,49,11,6
424,610,426,611,417,617,75,14,7
425,628,426,611,441,625,16,10,6
426,611,431,609,441,625,19,11,6
466,653,469,657,465,660,7,7,5
470,655,469,657,466,653,6,6,4
469,657,468,669,465,660,7,8,5
469,657,470,655,477,671,8,9,6
468,669,469,657,477,671,8,9,6
485,629,486,635,480,632,41,12,9
486,626,485,629,480,632,79,23,17
500,617,497,623,495,608,11,12,9
498,622,497,623,500,617,12,13,9
497,623,486,626,495,608,21,18,12
459,642,463,643,463,648,5,5,3
464,638,463,643,459,642,9,9,7
467,641,463,643,464,638,7,7,5
370,537,364,533,372,526,100,102,96
370,537,372,526,387,534,107,108,103
388,541,370,537,387,534,91,91,87
370,537,388,541,385,547,86,86,81
187,646,198,634,206,636,42,30,18
198,634,187,646,194,630,36,25,13
184,619,194,630,177,626,39,30,18
179,615,184,619,177,626,24,16,8
184,619,179,615,184,615,40,28,16
206,636,211,640,208,659,43,33,23
211,640,215,650,208,659,40,30,20
212,629,211,640,206,636,18,9,5
227,657,219,641,224,639,20,3,2
215,650,219,641,227,657,20,6,4
211,640,219,641,215,650,19,12,6
219,641,212,629,224,639,22,4,2
219,641,211,640,212,629,17,3,2
223,678,216,675,228,673,26,17,8
216,675,215,666,228,673,32,22,13
216,675,211,687,204,682,29,21,11
211,687,216,675,223,678,26,18,8
207,665,194,660,208,659,21,14,7
194,660,207,665,202,677,22,15,8
217,655,215,650,227,657,20,10,7
215,666,217,655,227,657,31,20,14
215,650,217,655,208,659,44,34,23
217,655,215,666,208,659,35,26,16
215,406,212,407,212,402,11,1,0
212,407,210,411,212,402,6,1,0
210,411,212,407,215,406,9,1,1
106,404,106,410,99,405,18,6,2
106,410,106,404,116,417,54,23,15
131,387,133,378,138,376,8,4,1
125,412,135,408,133,414,14,3,1
106,404,125,412,116,417,47,15,9
125,412,133,414,119,422,25,3,1
116,417,125,412,119,422,48,10,4
128,375,120,364,130,367,16,3,2
135,372,128,375,130,367,43,10,3
128,375,135,372,133,378,35,6,4
205,698,213,689,215,693,22,10,3
213,689,205,698,211,687,22,9,2
215,693,213,689,226,691,36,26,17
213,689,223,678,226,691,27,19,9
213,689,211,687,223,678,28,20,9
199,699,201,711,195,706,27,8,5
199,699,205,698,201,711,31,10,7
199,699,195,706,194,700,28,7,5
196,696,199,699,194,700,27,7,3
205,698,199,699,196,696,32,9,4
211,687,203,683,204,682,26,15,7
205,698,203,683,211,687,23,9,3
203,683,205,698,196,696,20,6,2
189,690,203,683,196,696,12,4,1
203,683,189,690,189,680,9,3,0
203,683,202,677,204,682,21,12,5
202,677,203,683,189,680,9,4,1
183,654,184,662,178,667,2,2,1
194,660,184,662,183,654,13,6,2
178,667,184,662,189,680,2,2,2
184,662,194,660,189,680,5,3,1
255,367,257,387,239,392,29,1,0
263,368,264,365,269,369,53,26,23
263,368,255,367,264,365,49,6,7
169,238,165,239,168,233,71,57,46
165,240,165,239,169,238,47,38,28
165,239,160,244,151,235,48,40,30
165,239,165,240,160,244,31,24,15
165,214,160,209,169,212,104,79,52
165,214,158,221,160,209,113,77,50
176,217,165,214,169,212,123,89,63
164,193,153,197,158,190,72,58,43
149,188,153,197,144,198,21,19,11
169,195,164,193,171,194,73,60,42
177,199,169,195,171,194,68,58,42
169,195,177,199,175,203,73,61,43
160,209,169,195,175,203,104,86,61
164,193,169,195,160,209,111,90,65
158,190,153,189,153,182,31,27,17
153,189,149,188,153,182,19,20,11
153,197,153,189,158,190,52,42,32
153,189,153,197,149,188,20,19,11
137,315,136,308,143,313,58,19,14
136,308,138,305,143,313,64,22,18
138,305,151,300,144,313,54,28,22
144,313,151,300,156,311,22,16,11
151,300,157,310,156,311,8,8,4
157,310,151,300,159,303,8,8,4
113,345,123,340,124,342,17,11,6
123,340,113,345,120,335,17,13,7
123,340,128,338,124,342,66,59,49
123,340,120,335,127,334,53,47,38
128,338,123,340,127,334,58,51,43
105,340,113,345,106,350,17,5,4
105,340,90,348,102,337,7,2,1
105,340,106,350,90,348,8,2,2
105,340,102,337,112,329,4,3,0
120,335,105,340,112,329,11,9,5
113,345,105,340,120,335,10,5,2
621,493,624,495,624,500,76,31,22
624,495,621,493,632,489,107,58,49
624,495,630,503,624,500,92,53,45
624,495,632,489,630,503,120,73,65
561,540,562,538,565,542,186,188,176
561,540,565,542,555,549,118,122,112
555,541,561,540,555,549,81,85,76
561,540,555,541,560,536,126,126,117
562,538,561,540,560,536,174,175,164
569,503,576,516,560,526,78,27,19
576,516,583,512,583,523,118,78,66
576,532,576,516,583,523,70,57,49
576,516,569,534,560,526,42,26,23
569,534,576,516,576,532,37,31,25
571,493,577,484,583,495,132,93,80
576,478,566,476,571,471,88,88,79
571,471,566,476,567,466,85,84,76
547,506,543,500,559,499,55,4,6
547,506,559,499,560,526,51,6,6
542,517,547,506,544,522,134,69,70
544,522,547,506,560,526,67,16,16
542,513,547,506,542,517,98,40,41
579,477,571,471,583,474,76,78,69
579,477,576,478,571,471,84,86,77
576,478,579,477,577,484,64,64,56
579,477,585,481,577,484,61,57,48
624,418,617,417,622,409,86,35,22
631,412,624,418,622,409,102,37,19
626,420,624,418,631,412,89,33,16
622,442,622,454,617,444,31,29,25
614,447,622,454,620,457,30,27,22
622,454,614,447,617,444,31,29,25
622,454,622,442,632,448,90,56,46
622,454,630,463,621,461,86,50,39
620,457,622,454,621,461,31,25,13
630,463,622,454,636,459,92,49,41
622,454,632,448,636,459,81,44,36
624,519,635,516,625,523,34,18,15
623,518,624,519,625,523,30,12,7
624,519,635,513,635,516,69,38,36
624,519,623,518,635,513,66,36,35
615,526,609,521,613,520,37,26,22
609,521,615,526,605,524,40,35,30
609,521,608,515,613,520,53,33,21
608,515,609,521,605,524,47,42,33
653,534,638,530,646,525,17,15,12
643,541,638,530,653,534,22,19,14
638,530,640,522,646,525,20,18,15
631,545,637,542,636,547,67,28,18
637,542,638,546,636,547,30,19,19
638,546,637,542,641,543,28,25,25
637,542,643,541,641,543,22,23,20
648,206,653,202,660,204,46,31,26
653,202,648,206,649,198,26,21,15
652,196,653,202,649,198,38,20,13
660,204,653,202,661,195,66,38,32
653,202,652,196,661,195,65,37,31
651,193,649,198,650,192,56,23,17
651,193,652,196,649,198,58,25,18
652,196,651,193,661,195,60,33,25
661,195,651,193,654,179,43,26,19
651,193,650,192,654,179,48,29,21
256,310,266,313,261,326,21,1,1
241,333,256,310,261,326,47,2,4
255,309,256,310,241,333,52,2,5
256,310,255,309,269,307,63,1,1
266,313,256,310,269,307,44,1,1
268,311,266,313,269,307,75,1,1
266,313,268,311,267,313,31,1,0
268,311,269,307,279,314,117,6,8
267,313,268,311,279,314,64,1,3
216,273,214,266,223,264,51,36,27
223,264,214,266,221,256,60,48,35
214,266,211,257,221,256,55,44,31
456,48,456,49,455,51,15,15,10
456,49,458,51,455,51,14,13,8
458,51,456,49,456,48,14,13,9
532,153,526,150,529,145,22,19,14
536,146,532,153,529,145,21,16,13
532,153,536,146,539,159,27,17,11
520,157,520,154,526,150,16,18,12
520,157,526,163,520,162,17,18,15
513,156,520,157,520,162,20,20,16
520,154,520,157,513,156,24,22,18
538,191,534,193,537,187,15,15,13
538,191,539,185,546,188,19,19,15
539,185,538,191,537,187,14,15,11
534,193,545,196,532,203,27,27,25
536,207,545,196,544,206,23,24,21
545,196,536,207,532,203,25,26,23
538,191,545,196,534,193,26,27,24
545,196,550,200,544,206,25,26,23
545,196,538,191,546,188,25,26,22
552,199,545,196,546,188,24,22,18
545,196,552,199,550,200,26,26,23
422,546,423,540,434,535,102,103,97
423,540,422,546,414,538,99,100,95
422,546,413,548,414,538,98,99,93
444,551,450,549,458,554,42,26,24
451,572,444,551,458,554,26,3,4
444,551,422,546,434,535,97,97,92
422,546,444,551,430,558,70,63,58
441,510,433,514,435,508,154,154,150
433,518,433,514,441,510,157,158,153
423,497,420,495,424,496,162,162,160
423,497,408,509,420,495,171,171,169
423,497,424,496,432,502,176,176,174
414,521,420,515,417,522,152,153,148
420,515,414,521,408,509,161,162,157
420,515,433,518,417,522,155,156,151
423,497,420,515,408,509,168,169,166
375,432,375,436,374,431,145,144,138
373,430,375,436,369,445,167,165,159
374,431,375,436,373,430,179,177,171
375,436,373,447,369,445,175,173,168
375,436,379,444,373,447,161,159,155
375,436,375,432,379,434,157,155,150
381,442,375,436,379,434,173,172,167
379,444,375,436,381,442,177,176,172
577,547,584,546,586,548,83,74,64
586,548,584,546,589,540,124,75,61
628,773,627,769,633,768,30,14,5
627,769,633,765,633,768,49,19,8
625,766,625,762,633,765,62,25,13
627,769,625,766,633,765,56,21,10
624,782,623,778,628,777,22,8,2
623,778,614,781,620,774,69,21,13
618,757,621,745,626,758,8,9,6
621,745,618,757,612,748,6,6,6
625,762,618,757,626,758,14,10,5
618,757,611,766,600,761,9,9,8
612,748,618,757,600,761,7,7,6
625,766,618,757,625,762,15,11,5
618,757,625,766,611,766,11,9,6
515,673,514,672,518,674,6,7,4
518,677,515,673,518,674,7,7,5
514,672,515,673,516,686,9,9,7
515,673,518,677,516,686,10,10,8
550,656,549,651,559,653,106,19,10
549,651,550,656,548,658,70,17,6
557,665,550,656,559,653,130,37,23
549,651,542,649,550,646,17,15,9
542,649,539,641,550,646,12,12,9
539,641,542,649,540,648,10,11,7
540,648,542,649,540,652,35,32,22
542,649,549,651,540,652,26,23,12
556,668,557,665,571,671,112,50,38
572,674,556,668,571,671,52,16,9
556,668,572,674,565,686,25,13,8
556,689,556,668,565,686,20,11,8
541,676,556,668,556,689,56,14,7
500,654,508,645,505,662,15,12,10
505,662,508,645,519,654,29,14,9
508,645,516,647,519,654,50,18,11
496,646,508,645,500,654,15,11,9
508,645,496,646,503,639,55,21,14
516,642,508,645,503,639,125,77,63
516,647,508,645,516,642,108,52,38
529,644,539,641,540,648,21,18,12
529,644,540,648,540,652,65,50,41
534,637,529,644,527,643,12,9,5
539,641,529,644,534,637,10,8,4
529,644,540,652,519,654,100,61,52
527,643,529,644,519,654,113,60,51
504,757,500,773,495,763,56,16,6
504,757,505,752,509,754,42,18,8
515,759,504,757,509,754,20,12,8
500,773,504,757,515,759,17,11,8
496,755,504,757,495,763,79,18,7
505,752,504,757,496,755,84,17,7
620,784,624,782,621,786,14,10,0
608,787,620,784,621,786,59,16,7
614,781,620,784,608,787,69,19,10
620,784,623,778,624,782,34,11,4
623,778,620,784,614,781,64,19,11
470,170,473,172,475,185,24,23,20
472,169,473,172,470,170,32,23,15
473,172,483,183,475,185,23,23,21
483,183,473,172,484,173,22,22,20
484,173,473,172,474,168,19,19,14
473,172,472,169,474,168,30,27,18
516,264,518,269,512,278,134,138,127
518,269,520,269,521,272,74,77,67
518,269,520,276,512,278,112,116,106
520,276,518,269,521,272,83,87,77
585,295,590,298,588,300,33,23,20
585,295,585,294,590,298,27,18,14
585,295,588,300,575,307,100,60,50
570,297,585,295,575,307,99,66,55
585,294,585,295,570,297,86,51,42
641,707,640,711,638,704,44,14,3
646,701,641,707,638,704,53,18,6
640,711,641,707,649,710,39,20,9
641,707,646,701,649,710,46,20,9
401,843,410,837,411,843,27,15,9
404,835,410,837,401,843,26,14,8
419,845,410,837,420,822,8,6,2
410,837,419,845,411,843,16,10,5
410,837,405,818,420,822,4,4,1
410,837,404,835,405,818,6,4,1
169,279,170,280,168,285,26,21,12
171,277,170,280,169,279,31,25,17
170,280,182,286,168,285,41,34,23
170,280,171,277,182,286,45,37,26
153,249,149,252,148,250,42,37,28
155,257,149,252,153,249,33,29,21
149,252,142,255,148,250,18,14,8
149,252,142,256,142,255,16,12,6
144,263,149,252,155,257,17,15,8
142,256,149,252,144,263,13,10,6
161,266,165,256,171,258,31,26,17
165,256,172,253,171,258,31,26,16
581,169,579,168,587,165,15,16,13
582,176,581,169,587,165,19,20,17
579,168,581,169,576,175,22,23,18
581,169,582,176,576,175,23,24,20
560,136,558,134,558,130,45,15,6
558,134,560,136,555,141,109,33,14
558,134,555,128,558,130,31,19,11
558,134,555,141,546,142,111,37,18
542,131,558,134,546,142,98,33,16
558,134,542,131,555,128,45,22,13
555,141,549,143,546,142,51,20,13
556,147,549,143,555,141,35,18,13
549,143,553,155,546,142,40,17,9
549,143,556,147,553,155,18,13,8
559,152,560,160,553,155,10,13,8
556,147,559,152,553,155,16,15,11
183,838,189,850,178,837,29,25,17
189,850,183,838,186,836,29,26,18
178,831,183,838,178,837,26,20,13
186,836,183,838,178,831,25,21,13
202,857,193,851,197,847,20,19,11
193,851,189,850,197,847,24,21,14
189,850,193,851,186,862,60,49,39
193,851,202,857,197,866,29,26,16
186,862,193,851,197,866,54,44,33
261,410,247,418,238,397,29,5,5
263,403,261,410,238,397,33,7,7
261,410,257,422,247,418,26,8,7
261,410,263,413,257,422,50,23,23
267,414,263,403,276,402,85,77,69
274,415,267,414,276,402,97,91,82
267,414,261,410,263,403,66,50,46
261,410,267,414,263,413,62,47,44
271,420,267,414,274,415,87,82,77
263,426,267,414,271,420,63,57,51
263,413,267,414,263,426,48,41,35
190,378,182,375,182,371,73,36,20
183,377,182,375,190,378,86,39,22
182,371,182,375,181,373,92,49,30
182,375,176,381,181,373,80,33,18
176,381,182,375,183,377,71,24,12
412,714,417,716,407,721,6,5,1
417,716,412,714,431,693,4,4,2
401,719,399,723,392,711,66,20,13
399,723,401,719,407,721,91,36,25
401,719,412,714,407,721,29,14,9
401,719,392,711,393,706,48,17,11
412,714,401,719,393,706,26,11,7
418,724,417,716,421,725,5,6,3
417,716,418,724,407,721,17,10,5
422,729,418,724,421,725,12,8,6
418,724,422,729,415,733,48,24,18
468,717,465,722,464,715,8,9,6
468,717,479,730,473,732,8,9,5
465,722,468,717,473,732,9,9,5
465,736,465,722,473,732,8,8,5
465,736,473,732,476,748,7,7,5
464,738,465,736,476,748,7,7,5
465,736,464,738,456,734,5,6,4
465,722,465,736,456,734,6,6,3
516,716,507,711,523,706,45,20,14
533,723,516,716,523,706,72,19,8
516,716,533,723,516,735,90,35,22
507,731,516,716,516,735,107,33,22
507,711,516,716,507,731,91,36,26
543,724,538,720,538,718,14,12,9
538,720,533,723,538,718,14,14,12
533,723,538,720,543,724,17,15,10
530,768,518,750,533,767,10,11,9
515,759,518,750,530,768,10,10,9
518,750,540,738,533,767,11,11,9
518,750,515,747,516,735,22,12,6
515,747,510,753,511,744,23,12,7
505,752,510,753,509,754,40,20,8
510,753,505,752,511,744,69,18,7
518,750,510,753,515,747,18,12,9
510,753,515,759,509,754,11,9,7
510,753,518,750,515,759,12,10,8
502,743,507,740,511,744,94,17,8
511,744,507,740,516,735,86,18,6
507,740,507,731,516,735,97,17,6
479,730,496,741,493,742,8,8,6
491,718,496,741,479,730,8,9,6
496,741,491,718,507,731,24,12,7
496,741,496,755,493,742,16,10,4
496,741,502,743,496,755,52,11,5
507,740,496,741,507,731,25,11,5
496,741,507,740,502,743,48,10,7
397,649,397,643,399,650,107,41,32
397,643,397,649,386,651,54,10,6
386,651,397,649,391,662,7,5,3
401,654,397,649,399,650,43,7,4
391,662,397,649,401,654,14,6,3
383,648,386,651,383,653,29,4,5
374,647,383,648,383,653,76,13,4
383,648,397,643,386,651,60,11,7
368,638,374,647,372,649,19,5,3
368,638,372,649,364,652,20,5,2
352,640,368,638,364,652,7,4,2
368,638,352,640,351,631,3,4,1
367,629,368,638,351,631,3,4,2
387,625,377,624,383,618,114,67,55
383,618,377,624,374,620,77,32,21
377,624,367,629,374,620,8,5,3
393,622,399,616,396,627,10,7,5
399,616,402,615,410,626,33,10,4
396,627,399,616,410,626,34,10,5
402,615,399,616,395,613,6,7,5
399,616,393,622,395,613,6,6,5
392,623,396,627,387,625,56,43,37
392,623,393,622,396,627,13,7,5
392,623,387,625,383,618,91,71,63
393,622,392,623,383,618,76,60,53
489,628,485,629,486,626,153,88,79
497,623,489,628,486,626,84,59,49
485,629,489,628,486,635,77,25,19
364,533,369,538,362,540,87,88,81
370,537,369,538,364,533,86,87,81
184,619,197,621,194,630,56,43,29
203,615,197,621,194,609,16,9,4
197,621,184,615,194,609,49,37,25
197,621,184,619,184,615,55,43,28
215,666,212,667,208,659,26,18,9
212,667,207,665,208,659,20,12,3
216,675,212,667,215,666,19,12,3
106,404,100,388,120,392,27,5,3
100,388,106,404,99,405,22,5,2
69,397,100,388,99,405,2,1,1
138,393,131,387,138,376,9,4,1
138,393,164,388,143,398,24,12,8
164,388,138,393,138,376,29,16,10
137,403,138,393,143,398,4,3,1
131,387,126,380,133,378,12,3,2
126,380,128,375,133,378,24,4,6
256,390,267,390,263,403,60,35,32
256,390,263,403,238,397,36,8,8
239,392,256,390,238,397,28,1,1
257,387,256,390,239,392,28,1,1
262,386,270,385,267,390,73,60,52
256,390,262,386,267,390,53,26,22
262,386,256,390,257,387,54,15,14
163,225,176,217,168,233,102,69,48
163,225,151,226,158,221,71,40,24
165,239,163,225,168,233,69,55,43
163,225,165,239,151,235,67,54,40
150,228,138,236,136,234,22,15,7
138,236,150,228,151,235,22,16,8
150,228,163,225,151,235,70,56,41
163,225,150,228,151,226,72,53,40
127,299,118,301,123,296,4,3,1
109,298,118,301,116,304,11,9,5
123,296,118,301,109,298,8,6,3
138,305,133,306,132,303,20,6,2
136,308,133,306,138,305,18,3,0
116,304,133,306,126,319,5,5,2
133,306,137,315,126,319,4,2,2
133,306,136,308,137,315,8,1,1
155,282,147,271,161,266,35,30,21
165,277,155,282,161,266,41,36,28
576,516,580,508,583,512,159,101,85
580,508,576,516,569,503,119,55,40
580,508,588,504,583,512,80,69,60
588,504,580,508,583,495,62,59,50
571,496,571,493,583,495,165,103,87
580,508,571,496,583,495,96,60,46
571,496,580,508,569,503,112,55,39
571,493,571,487,577,484,106,81,68
557,473,564,479,549,475,109,54,39
557,473,566,476,564,479,76,61,50
547,470,557,473,549,475,131,43,24
557,473,547,470,556,462,119,45,30
557,473,556,462,567,466,66,64,56
566,476,557,473,567,466,74,69,60
543,500,543,510,541,511,64,9,13
547,506,543,510,543,500,85,10,16
543,510,542,513,541,511,35,6,5
543,510,547,506,542,513,63,9,10
585,481,585,480,586,477,38,35,28
579,477,585,480,585,481,56,57,51
619,419,626,420,616,424,19,20,17
619,419,624,418,626,420,25,19,16
617,417,619,419,616,424,17,16,14
624,418,619,419,617,417,29,21,20
634,531,629,535,625,523,51,32,25
640,522,634,531,625,523,38,30,25
638,530,634,531,640,522,33,31,27
634,538,638,530,643,541,14,14,11
637,542,634,538,643,541,14,13,10
634,538,634,531,638,530,19,16,14
634,531,634,538,629,535,42,27,20
634,538,637,542,631,545,41,18,11
634,538,626,539,629,535,71,26,15
634,538,631,545,626,539,86,31,17
211,268,210,275,209,269,36,29,16
211,268,216,273,210,275,42,32,19
532,153,537,159,526,163,17,18,15
537,159,532,153,539,159,16,16,11
537,159,539,159,536,172,13,14,13
526,163,537,159,536,172,16,16,14
423,556,422,546,430,558,77,74,68
415,555,423,556,416,562,41,27,26
423,556,430,558,416,562,25,10,9
430,558,434,562,434,567,17,3,3
444,551,434,562,430,558,40,25,24
434,562,451,572,434,567,16,1,1
434,562,444,551,451,572,25,8,8
446,531,450,536,434,535,110,111,106
450,536,444,551,434,535,95,95,90
444,551,450,536,450,549,93,93,87
450,536,446,531,455,532,106,107,103
450,549,450,536,464,542,89,89,81
450,536,455,532,464,542,102,103,97
430,507,423,497,432,502,170,170,167
430,507,420,515,423,497,169,170,167
430,507,432,502,435,508,168,169,165
433,514,430,507,435,508,160,161,157
577,544,576,543,589,540,78,62,49
584,546,577,544,589,540,84,64,52
577,544,577,547,576,543,75,76,67
577,544,584,546,577,547,79,78,69
625,767,620,774,611,766,34,14,8
625,766,625,767,611,766,19,12,7
625,767,627,769,620,774,66,22,13
625,767,625,766,627,769,80,28,16
625,776,628,773,628,777,37,9,5
623,778,625,776,628,777,33,8,4
625,776,623,778,620,774,67,19,12
625,776,627,769,628,773,53,16,8
627,769,625,776,620,774,68,21,12
544,670,556,668,541,676,80,15,6
544,670,541,676,532,666,43,12,8
542,661,544,670,532,666,36,13,9
544,670,542,661,548,658,126,32,20
518,269,519,268,520,269,90,93,83
519,268,518,269,516,264,152,154,145
520,269,519,268,523,266,42,43,34
519,268,516,264,523,266,101,103,93
155,257,157,257,161,266,26,21,14
157,257,165,256,161,266,28,22,15
157,257,155,257,153,249,34,30,21
172,253,169,251,169,248,36,30,20
165,256,169,251,172,253,29,24,14
560,160,566,149,572,157,15,16,14
559,152,566,149,560,160,13,15,13
566,149,577,148,574,156,18,19,17
572,157,566,149,574,156,16,18,15
566,149,571,139,577,148,74,31,22
571,139,566,149,569,138,76,32,22
566,149,559,152,556,147,18,17,14
566,149,560,136,569,138,73,29,17
566,149,556,147,560,136,72,29,17
417,716,437,720,421,725,5,5,3
437,720,422,729,421,725,5,5,3
422,729,437,720,435,737,16,8,4
437,720,456,734,435,737,6,6,4
437,720,454,720,456,734,6,6,4
454,720,437,720,439,718,5,6,3
439,712,417,716,431,693,4,4,2
449,688,439,712,431,693,5,4,3
437,720,439,712,439,718,2,3,0
439,712,437,720,417,716,4,4,2
411,731,406,727,407,721,77,30,20
418,724,411,731,407,721,62,28,20
411,731,418,724,415,733,72,33,26
406,727,411,731,406,728,74,21,14
413,735,411,731,415,733,62,18,12
406,728,411,731,399,744,14,5,2
411,731,413,735,399,744,10,4,1
458,719,465,722,456,734,6,6,4
454,720,458,719,456,734,7,8,5
465,722,458,719,464,715,6,7,4
518,750,534,734,540,738,14,11,8
534,734,518,750,516,735,14,10,8
533,723,534,734,516,735,101,44,32
534,734,533,723,543,724,114,74,65
544,725,534,734,543,724,122,80,70
540,738,534,734,546,728,99,56,49
534,734,544,725,546,728,127,83,73
488,703,476,710,480,701,114,73,62
482,699,488,703,480,701,139,124,112
491,718,488,703,500,707,107,74,65
488,703,503,693,500,707,36,33,29
484,684,488,703,482,699,38,36,30
503,693,488,703,484,684,16,16,13
467,700,470,708,464,715,15,8,5
395,633,387,635,395,632,118,43,23
397,643,387,635,395,633,118,29,12
383,648,387,635,397,643,95,19,8
387,635,383,648,374,647,60,12,6
387,635,387,625,395,632,88,42,29
387,635,384,630,387,625,115,44,32
368,638,387,635,374,647,43,9,5
387,635,379,628,384,630,61,13,7
379,628,387,635,368,638,27,8,4
384,630,379,628,387,625,93,36,27
379,628,377,624,387,625,93,41,33
379,628,368,638,367,629,4,4,3
377,624,379,628,367,629,10,3,2
502,633,489,628,497,623,85,57,46
502,633,497,623,498,622,52,42,33
489,628,502,633,486,635,114,65,54
503,639,502,633,517,631,91,76,65
502,633,498,622,517,631,24,21,16
486,635,502,633,491,643,60,28,21
502,633,503,639,491,643,79,37,29
369,543,369,538,370,537,74,75,70
369,544,369,543,385,547,84,83,77
369,543,370,537,385,547,86,86,81
362,540,369,543,369,544,85,84,77
369,538,369,543,362,540,85,85,77
200,625,203,615,208,624,14,5,2
200,625,197,621,203,615,15,12,5
206,636,200,625,208,624,30,20,11
198,634,200,625,206,636,43,32,20
200,625,198,634,194,630,64,51,34
197,621,200,625,194,630,53,43,27
210,670,212,667,216,675,18,11,3
202,677,210,670,204,682,28,21,13
210,670,216,675,204,682,26,19,10
207,665,210,670,202,677,26,19,11
212,667,210,670,207,665,17,9,2
110,377,98,373,101,370,14,3,2
120,364,110,377,101,370,15,3,1
100,388,110,377,120,392,21,4,3
110,377,126,380,120,392,17,3,2
128,375,110,377,120,364,17,3,2
126,380,110,377,128,375,20,3,3
133,402,138,393,137,403,7,2,2
133,402,137,403,135,408,4,2,3
125,412,133,402,135,408,18,2,2
126,380,127,390,120,392,7,3,0
270,385,264,381,273,380,78,67,57
262,386,264,381,270,385,72,56,48
264,381,262,386,257,387,55,18,17
162,223,165,214,176,217,127,82,55
163,225,162,223,176,217,116,70,46
165,214,162,223,158,221,112,68,42
162,223,163,225,158,221,78,42,23
151,226,147,215,158,221,84,44,27
158,221,147,215,160,209,81,46,28
150,228,147,215,151,226,64,30,16
147,215,150,228,136,234,47,21,10
147,215,136,234,131,210,49,22,11
146,213,147,215,131,210,46,22,9
153,197,145,211,144,198,25,18,11
144,198,145,211,131,210,43,26,17
145,211,146,213,131,210,40,22,9
136,292,130,301,127,299,13,6,1
133,306,130,301,132,303,4,3,1
130,301,133,306,116,304,4,4,1
118,301,130,301,116,304,4,4,1
130,301,118,301,127,299,4,4,1
132,276,131,283,124,281,29,22,17
131,283,123,296,124,281,11,8,5
135,289,127,299,123,296,10,5,1
135,289,136,292,127,299,17,7,1
131,283,135,289,123,296,20,12,8
164,287,156,284,165,277,38,33,25
156,284,155,282,165,277,41,36,28
571,496,566,498,571,493,174,69,45
566,498,569,503,559,499,96,21,10
566,498,571,496,569,503,161,40,16
567,483,576,478,577,484,68,69,60
571,487,567,483,577,484,74,73,62
567,483,566,476,576,478,81,81,73
566,476,567,483,564,479,87,85,77
212,267,214,266,216,273,46,36,23
211,268,212,267,216,273,45,35,23
214,266,212,267,211,257,45,36,23
212,267,209,269,211,257,45,37,24
212,267,211,268,209,269,39,31,17
418,553,423,556,415,555,105,100,95
423,556,418,553,422,546,96,96,89
413,548,418,553,415,555,98,97,91
422,546,418,553,413,548,87,89,82
428,512,430,507,433,514,174,175,171
430,507,428,512,420,515,160,160,157
428,512,433,514,433,518,161,162,157
420,515,428,512,433,518,158,159,154
555,666,544,670,548,658,134,28,13
544,670,555,666,556,668,110,20,5
556,668,555,666,557,665,112,26,11
550,656,555,666,548,658,143,25,8
555,666,550,656,557,665,140,34,18
163,249,169,251,165,256,23,19,9
157,257,163,249,165,256,22,19,9
169,251,163,249,169,248,22,19,8
163,249,153,249,160,244,24,20,10
163,249,157,257,153,249,27,24,14
163,249,165,240,169,248,21,16,6
165,240,163,249,160,244,23,18,9
451,713,458,719,454,720,7,7,5
451,713,462,697,464,715,9,6,4
458,719,451,713,464,715,6,7,4
462,697,451,713,459,694,12,6,3
451,713,454,720,439,718,5,6,3
439,712,451,713,439,718,5,5,3
451,713,449,688,459,694,25,11,7
451,713,439,712,449,688,6,5,3
486,719,488,703,491,718,92,61,53
488,703,486,719,476,710,57,34,25
486,719,491,718,479,730,8,10,6
468,717,486,719,479,730,8,9,5
476,710,486,719,468,717,13,11,5
476,705,477,702,480,701,129,73,59
476,710,476,705,480,701,84,43,31
477,702,476,705,467,700,72,27,18
476,705,470,708,467,700,52,20,14
110,377,99,384,98,373,16,3,2
99,384,110,377,100,388,18,3,2
98,373,99,384,69,397,3,1,1
99,384,100,388,69,397,2,1,1
128,389,126,380,131,387,13,3,2
128,389,127,390,126,380,12,3,1
138,393,128,389,131,387,16,3,3
127,390,128,389,138,393,18,3,3
127,390,123,395,120,392,12,3,0
123,395,106,404,120,392,27,5,2
123,395,125,412,106,404,35,8,4
133,402,128,400,138,393,17,3,3
128,400,127,390,138,393,18,3,3
128,400,123,395,127,390,20,3,2
128,400,133,402,125,412,22,2,2
123,395,128,400,125,412,28,2,2
262,376,269,369,273,380,71,51,45
264,381,262,376,273,380,77,59,51
262,376,257,387,255,367,43,5,5
262,376,264,381,257,387,55,17,16
145,211,157,207,146,213,40,26,17
147,215,157,207,160,209,54,35,21
157,207,147,215,146,213,47,28,18
157,207,145,211,153,197,35,27,18
157,207,164,193,160,209,118,98,75
157,207,153,197,164,193,92,76,57
155,282,141,275,147,271,25,20,11
141,275,140,264,147,271,18,14,4
141,275,134,274,140,264,74,40,26
141,275,135,289,131,283,80,46,33
134,274,141,275,132,276,75,40,28
141,275,131,283,132,276,83,48,36
152,297,164,287,159,303,16,14,7
151,300,152,297,159,303,12,10,4
151,291,156,284,164,287,23,20,12
152,297,151,291,164,287,19,16,9
564,479,563,488,549,475,103,44,33
563,488,566,498,559,499,121,45,33
563,488,543,500,549,475,72,22,16
543,500,563,488,559,499,57,12,9
566,498,563,488,571,493,147,66,49
471,709,476,705,476,710,28,14,10
476,705,471,709,470,708,27,13,9
471,709,476,710,468,717,11,10,6
471,709,468,717,464,715,7,8,5
470,708,471,709,464,715,8,8,5
262,374,263,368,269,369,56,26,24
262,376,262,374,269,369,57,28,25
263,368,262,374,255,367,43,3,4
262,374,262,376,255,367,40,1,2
135,289,142,294,136,292,81,41,27
142,294,151,291,152,297,24,17,11
142,294,152,297,151,300,29,21,14
567,483,565,486,564,479,80,72,61
565,486,563,488,564,479,80,57,42
565,486,567,483,571,487,69,63,51
565,486,571,487,571,493,113,72,57
563,488,565,486,571,493,124,76,59
142,294,150,290,151,291,20,13,7
150,290,141,275,155,282,24,18,9
141,275,150,290,135,289,51,30,19
150,290,142,294,135,289,47,25,15
156,284,150,290,155,282,19,16,7
151,291,150,290,156,284,18,15,7
140,295,151,300,138,305,53,31,24
140,295,142,294,151,300,44,29,21
142,294,140,295,136,292,90,48,35
140,295,138,305,132,303,40,16,10
130,301,140,295,132,303,35,15,9
140,295,130,301,136,292,41,18,11
265,665,271,659,275,671,29,8,5
275,671,271,659,275,660,47,13,7
589,354,589,363,582,363,135,67,50
581,355,589,354,582,363,123,62,45
383,281,380,277,389,271,37,32,24
389,271,380,277,386,270,41,31,21
642,253,640,266,634,260,39,27,22
640,266,642,253,647,258,94,43,29
629,170,623,178,615,172,17,16,12
627,166,629,170,615,172,21,13,7
678,369,678,368,692,367,39,11,9
692,370,678,369,692,367,40,12,10
678,567,673,568,678,565,50,20,13
678,565,673,568,673,564,50,20,13
331,493,330,491,333,494,153,149,144
330,491,330,490,333,494,160,156,150
448,352,469,345,469,349,82,73,65
469,345,448,352,463,337,77,73,66
520,93,533,97,528,104,25,13,8
533,97,520,93,526,90,10,9,6
552,784,555,778,556,780,13,14,11
555,778,552,784,553,777,14,15,12
610,287,610,280,622,283,96,36,16
610,287,622,283,615,290,108,36,13
668,588,666,581,677,593,46,18,9
666,581,668,575,677,593,49,19,9
395,777,397,774,400,776,2,4,1
395,777,400,776,397,779,3,3,0
197,219,197,205,200,220,36,27,17
197,205,197,219,194,216,25,17,8
405,317,403,314,410,312,31,32,27
410,312,403,314,407,310,30,31,27
406,506,405,499,406,500,205,205,203
405,499,406,506,397,503,166,167,164
484,432,489,427,486,439,105,43,43
486,439,489,427,496,429,163,52,56
504,663,496,658,500,654,12,12,10
504,663,500,654,505,662,12,12,10
473,845,473,842,482,839,69,21,10
473,842,477,838,482,839,58,20,9
157,67,154,70,129,60,3,2,2
160,60,157,67,129,60,3,2,2
317,714,337,718,315,724,7,6,4
337,718,317,714,319,712,6,6,3
347,457,347,466,341,465,165,160,155
347,457,341,465,341,458,160,155,150
284,473,281,470,285,472,89,86,77
281,470,282,469,285,472,86,83,74
355,539,351,532,361,530,85,86,79
361,530,351,532,358,528,98,99,92
195,581,183,593,193,578,13,3,2
183,593,178,581,193,578,16,6,3
234,588,236,589,228,597,7,4,4
228,597,236,589,234,599,6,3,4
434,270,441,276,441,277,54,55,50
440,280,434,270,441,277,50,51,46
109,242,115,244,101,251,7,7,3
101,251,115,244,116,245,7,7,3
250,854,255,859,253,858,42,17,9
250,854,253,858,251,856,46,19,12
445,594,454,585,449,600,9,2,1
454,585,445,594,445,592,9,2,0
454,585,462,601,449,600,13,5,3
449,600,462,601,458,603,67,44,34
610,505,623,518,608,515,97,37,22
608,515,623,518,613,520,83,37,24
623,518,615,526,613,520,88,36,23
615,526,623,518,617,527,94,37,22
580,142,571,139,581,139,103,30,16
571,139,579,135,581,139,44,14,6
463,643,467,641,467,650,6,6,4
463,643,467,650,463,648,6,6,4
520,157,532,153,526,163,19,20,17
532,153,520,157,526,150,20,22,17
585,480,579,477,583,474,48,51,44
586,477,585,480,583,474,43,44,38
