722,373,727,233,727,649,2,2,1
722,373,727,649,721,431,2,2,1
103,0,253,0,116,2,2,2,1
725,866,727,649,727,959,2,2,1
42,956,173,956,0,959,4,5,2
12,503,9,444,12,478,1,1,1
9,444,21,467,12,478,1,1,1
727,649,722,555,721,431,2,2,1
3,344,3,363,0,0,1,1,1
253,0,172,7,116,2,3,2,1
10,909,42,956,0,959,2,3,1
20,498,12,503,12,478,1,1,1
21,467,20,498,12,478,1,1,1
12,503,2,578,9,444,1,1,1
9,444,2,578,3,363,1,1,1
8,407,9,444,3,363,1,1,1
8,407,9,409,9,444,1,1,1
722,373,718,268,727,233,1,2,1
304,1,253,0,347,0,28,16,12
446,1,420,3,347,0,30,19,13
568,4,446,1,623,3,3,2,2
446,1,347,0,727,0,9,6,5
727,164,726,78,727,0,2,2,2
726,78,727,164,726,117,2,2,2
725,883,725,866,727,959,2,2,2
722,911,725,883,727,959,2,2,2
6,762,0,867,5,737,2,3,1
6,762,14,839,0,867,2,3,1
14,839,6,762,23,809,2,3,1
6,896,10,909,0,959,2,2,1
32,504,20,498,21,467,1,1,1
85,791,87,760,113,774,2,2,2
9,409,17,440,9,444,1,1,1
37,440,17,440,9,409,1,1,1
17,440,21,467,9,444,1,1,1
17,440,37,440,21,467,1,1,1
37,440,45,453,21,467,1,1,1
72,510,56,528,38,507,1,1,1
36,540,56,528,57,536,1,1,1
36,540,39,579,2,578,1,1,1
726,117,710,133,719,107,2,2,2
727,164,710,133,726,117,2,2,2
3,344,3,212,7,255,1,1,1
3,212,3,344,0,0,1,1,1
3,212,11,240,7,255,1,1,1
9,322,7,255,22,271,1,1,1
9,322,3,344,7,255,1,1,1
41,282,34,286,22,271,1,1,1
203,9,172,7,253,0,4,2,2
101,4,103,0,116,2,2,2,2
107,25,123,22,107,52,2,2,2
123,22,136,24,107,52,2,2,2
358,2,386,6,371,5,15,13,9
363,95,369,102,367,103,15,12,8
681,1,446,1,727,0,2,2,2
446,1,681,1,623,3,2,2,2
681,1,641,8,623,3,2,2,2
641,8,681,1,676,6,2,2,2
601,17,568,4,623,3,2,2,2
725,93,726,117,719,107,2,2,2
725,93,726,78,726,117,2,2,2
372,958,414,958,356,959,120,73,58
720,882,725,883,716,885,2,2,2
725,883,720,882,725,866,2,2,2
0,867,12,846,19,853,2,3,0
12,846,14,839,19,853,3,3,1
14,839,12,846,0,867,2,3,0
39,816,34,794,56,793,2,3,1
34,794,39,816,23,809,2,3,1
42,956,132,952,173,956,5,5,2
10,909,59,933,42,956,2,3,1
287,959,310,957,356,959,56,30,20
234,923,241,924,243,935,54,33,25
45,675,71,667,81,708,1,1,1
94,678,71,667,75,662,1,1,1
38,712,45,675,81,708,1,1,1
66,754,38,712,81,708,1,1,1
29,727,38,712,66,754,2,2,2
23,720,38,712,29,727,2,2,2
100,722,66,754,81,708,1,1,1
100,722,87,760,66,754,2,2,2
118,749,100,722,115,719,1,1,1
100,722,118,749,87,760,2,2,2
114,690,107,668,131,677,1,1,1
107,668,114,690,94,678,1,1,1
79,608,100,597,101,619,1,1,1
100,597,104,601,101,619,1,1,1
46,449,45,453,37,440,1,1,1
49,454,32,504,21,467,1,1,1
45,453,49,454,21,467,1,1,1
32,504,49,454,38,507,1,1,1
49,454,46,449,51,452,1,1,1
46,449,49,454,45,453,1,1,1
55,384,37,440,9,409,1,1,1
79,608,62,613,66,589,1,1,1
62,613,79,608,74,623,1,1,1
39,579,67,572,66,589,1,1,1
83,576,67,572,74,562,1,1,1
111,555,111,551,127,543,1,1,1
32,504,28,512,20,498,1,1,1
28,512,32,504,38,507,1,1,1
56,528,28,512,38,507,1,1,1
36,540,28,512,56,528,1,1,1
17,510,2,578,12,503,1,1,1
17,510,36,540,2,578,1,1,1
17,510,28,512,36,540,1,1,1
20,498,17,510,12,503,1,1,1
28,512,17,510,20,498,1,1,1
694,267,718,268,688,280,3,1,1
568,4,493,10,484,4,2,2,2
50,193,39,185,68,166,1,1,1
34,286,33,292,22,271,1,1,1
33,292,9,322,22,271,1,1,1
99,148,90,185,68,166,2,2,1
90,185,99,148,112,171,3,3,2
41,282,53,240,67,255,1,1,1
249,52,250,31,257,53,18,10,6
249,52,241,40,250,31,16,11,7
136,24,156,59,107,52,1,2,1
203,9,192,37,172,7,2,2,2
304,1,267,1,253,0,37,17,13
274,2,267,1,304,1,41,20,15
278,10,303,20,286,35,8,9,4
342,4,304,1,347,0,16,14,10
342,4,333,10,304,1,16,14,10
295,49,309,50,300,60,17,14,9
294,52,295,49,300,60,18,15,10
319,19,333,10,321,33,11,11,6
319,19,303,20,304,6,13,12,7
123,22,132,6,136,24,2,2,2
364,17,364,39,354,20,18,16,11
364,39,361,40,354,20,20,16,11
333,10,345,37,321,33,12,10,6
345,37,344,38,321,33,14,12,8
361,40,345,37,354,20,18,16,11
408,4,386,6,358,2,21,16,11
420,3,408,4,347,0,31,19,13
408,4,358,2,347,0,22,16,12
402,63,394,58,397,57,11,11,6
446,1,430,5,420,3,34,21,14
451,13,444,12,446,1,19,15,10
444,12,451,13,443,21,92,27,15
430,25,419,26,426,23,63,26,13
642,16,641,8,676,6,2,2,2
601,17,613,27,597,27,2,2,2
570,22,563,9,568,4,2,2,2
563,9,493,10,568,4,2,2,2
586,19,601,17,597,27,2,2,2
601,17,586,19,568,4,2,2,2
586,19,570,22,568,4,2,2,2
703,153,710,133,727,164,2,2,2
726,78,721,65,727,0,2,2,2
689,13,681,1,727,0,2,2,2
681,1,689,13,676,6,2,2,2
367,948,372,958,356,959,79,42,31
372,958,402,957,414,958,133,87,73
383,953,374,956,377,952,111,76,65
377,949,383,953,377,952,95,77,72
383,953,377,949,387,947,100,86,80
402,957,383,953,400,955,142,106,95
383,953,402,957,372,958,132,94,82
374,956,383,953,372,958,114,73,61
393,903,383,895,389,892,63,26,18
403,918,403,910,413,916,67,11,5
400,918,394,929,392,912,15,6,3
403,910,400,918,392,912,21,5,2
400,918,403,910,403,918,42,5,2
455,955,462,957,442,958,59,27,20
450,953,455,955,442,958,74,34,27
725,883,717,905,716,885,2,2,2
717,905,725,883,722,911,2,2,2
690,891,668,884,681,859,2,2,1
668,884,690,891,662,918,2,2,1
703,869,720,882,716,885,2,2,2
720,882,703,869,725,866,2,2,2
14,768,6,762,22,764,2,2,1
6,762,14,768,23,809,2,3,1
14,768,34,794,23,809,2,3,1
61,768,39,761,66,754,2,2,2
61,768,68,794,56,793,2,2,2
87,760,61,768,66,754,2,2,2
61,768,87,760,85,791,2,2,2
35,772,14,768,22,764,2,2,2
14,768,35,772,34,794,2,2,2
34,794,35,772,56,793,2,2,2
35,772,61,768,56,793,2,2,2
61,768,35,772,39,761,2,2,2
29,742,29,727,66,754,2,2,2
39,761,29,742,66,754,2,2,2
29,742,6,762,5,737,2,2,2
6,762,29,742,22,764,2,2,2
30,818,14,839,23,809,2,3,0
39,816,30,818,23,809,2,3,0
30,818,39,816,53,841,2,2,1
95,947,132,952,42,956,2,3,1
132,952,95,947,106,933,2,2,1
2,870,0,867,19,853,2,3,0
2,870,2,883,0,867,2,3,0
1,886,6,896,0,959,2,2,1
1,886,2,883,6,896,2,3,1
0,867,1,886,0,959,2,2,0
2,883,1,886,0,867,2,3,0
310,957,328,956,356,959,70,32,22
328,956,310,957,314,955,68,30,21
328,956,338,951,356,959,79,33,21
275,927,293,920,280,941,28,21,12
241,924,247,931,243,935,42,24,19
223,957,236,941,249,951,37,28,20
223,957,249,951,268,958,31,24,15
287,959,223,957,268,958,24,20,11
195,952,223,957,173,956,13,12,7
223,957,287,959,0,959,10,9,5
173,956,223,957,0,959,6,6,3
188,909,192,925,183,930,20,17,11
234,923,231,939,225,933,56,37,28
236,941,231,939,243,935,45,35,25
231,939,234,923,243,935,54,35,26
223,957,231,939,236,941,33,27,20
219,947,231,939,223,957,31,26,18
45,675,32,701,25,690,1,1,1
38,712,32,701,45,675,2,2,2
79,794,61,768,85,791,2,2,2
61,768,79,794,68,794,2,2,2
107,800,85,791,113,774,2,2,2
80,818,104,842,89,855,1,1,1
39,816,80,818,53,841,1,2,1
79,794,80,818,68,794,2,2,2
68,794,80,818,56,793,2,2,2
80,818,39,816,56,793,2,2,2
156,822,148,839,121,830,2,2,1
149,789,143,779,157,778,4,1,1
204,577,185,564,187,556,3,2,1
220,553,204,577,187,556,4,2,1
185,564,179,559,187,556,10,2,1
181,570,179,559,185,564,15,4,2
179,559,181,570,173,559,13,5,2
107,668,130,662,131,677,1,1,1
100,722,108,702,115,719,1,1,1
154,658,130,662,149,645,1,1,1
154,658,149,645,160,642,1,1,1
97,629,130,662,107,668,1,1,1
130,662,97,629,149,645,1,1,1
85,653,94,678,75,662,1,1,1
85,653,107,668,94,678,1,1,1
71,651,85,653,75,662,1,1,1
61,665,71,667,45,675,2,2,2
90,625,79,608,101,619,1,1,1
79,608,90,625,74,623,1,1,1
136,607,149,645,101,619,1,1,1
104,601,136,607,101,619,1,1,1
8,407,20,386,9,409,1,1,1
20,386,55,384,9,409,1,1,1
20,386,8,407,3,363,1,1,1
65,655,71,651,75,662,1,1,1
71,667,65,655,75,662,2,2,2
61,665,65,655,71,667,2,2,2
83,576,85,575,100,597,1,1,1
85,575,83,576,74,562,1,1,1
67,572,75,587,66,589,1,1,1
75,587,67,572,83,576,1,1,1
75,587,79,608,66,589,1,1,1
79,608,75,587,100,597,1,1,1
75,587,83,576,100,597,1,1,1
56,528,75,535,57,536,1,1,1
75,535,56,528,72,510,1,1,1
89,526,75,535,72,510,1,1,1
234,923,236,917,241,924,35,30,25
168,880,172,879,172,885,9,6,1
150,873,165,872,168,880,3,5,1
165,872,172,879,168,880,15,10,4
172,879,187,881,172,885,51,25,15
168,837,161,855,157,851,33,7,2
718,268,714,258,727,233,2,2,2
694,267,714,258,718,268,2,2,2
714,258,682,242,727,233,2,2,1
708,553,682,556,684,549,3,3,1
698,584,708,553,722,555,2,3,0
704,538,708,553,684,549,2,3,1
679,521,704,538,684,549,4,2,1
704,538,679,521,698,518,3,2,0
368,483,367,489,364,480,174,172,168
394,468,387,478,384,473,178,179,174
343,560,347,568,339,571,12,3,3
347,568,341,577,339,571,17,4,4
585,220,587,207,596,221,25,25,23
582,215,585,220,582,219,28,29,26
585,220,582,215,587,207,26,26,24
131,152,132,167,121,168,5,5,1
67,196,50,193,68,166,1,1,1
50,193,32,193,39,185,2,2,2
32,193,39,217,25,217,1,1,1
39,217,32,193,50,193,2,2,2
11,205,32,193,25,217,1,1,1
32,193,11,205,20,191,1,1,1
20,191,11,205,7,181,1,1,1
8,73,11,129,7,181,1,1,1
93,120,91,99,111,111,2,2,1
93,120,105,145,99,148,2,2,2
49,78,56,118,31,97,2,2,2
239,188,234,191,237,183,58,46,29
239,188,241,190,234,191,75,62,44
247,180,239,188,237,183,64,50,34
239,188,247,189,241,190,87,72,53
247,189,239,188,247,180,71,57,40
220,174,231,181,229,182,37,30,19
21,261,41,282,22,271,1,1,1
21,261,53,240,41,282,1,1,1
7,255,21,261,22,271,1,1,1
11,240,21,261,7,255,2,2,2
124,171,132,167,132,169,7,5,1
132,167,124,171,121,168,6,6,2
121,168,124,171,112,171,6,6,3
41,282,58,281,52,294,1,1,1
58,281,41,282,67,255,1,1,1
64,295,58,281,66,274,1,1,1
58,281,64,295,52,294,1,1,1
229,66,246,65,248,77,12,10,5
241,40,240,26,250,31,14,12,8
242,48,241,40,249,52,18,11,7
156,59,148,71,107,52,2,2,2
156,24,156,59,136,24,1,2,1
156,24,132,6,172,7,2,2,2
132,6,156,24,136,24,2,2,2
192,37,156,24,172,7,2,2,1
203,34,192,37,203,9,4,2,2
250,31,259,11,286,35,12,10,5
259,11,278,10,286,35,10,9,5
272,2,267,1,274,2,78,28,25
303,20,279,7,304,6,10,10,5
278,10,279,7,303,20,9,10,5
279,7,304,1,304,6,18,13,7
279,7,274,2,304,1,22,14,9
345,3,342,4,347,0,14,12,8
345,3,343,8,342,4,13,11,7
294,52,291,46,295,49,12,13,8
288,51,291,46,294,52,10,11,6
319,19,312,28,303,20,8,7,4
312,28,299,34,303,20,8,7,4
321,15,319,19,304,6,13,12,8
319,19,321,15,333,10,14,13,9
304,1,321,15,304,6,15,13,9
333,10,321,15,304,1,15,14,10
303,20,297,35,286,35,7,8,3
299,34,297,35,303,20,7,8,3
310,39,309,50,295,49,14,14,10
297,35,310,39,295,49,13,13,9
310,39,297,35,299,34,11,11,8
312,28,310,39,299,34,9,10,6
70,0,37,2,0,0,2,2,2
120,10,132,6,123,22,2,2,2
120,10,123,22,107,25,2,2,2
120,10,101,4,116,2,2,2,2
101,4,120,10,107,25,2,2,2
369,102,366,110,367,103,24,17,9
392,47,377,41,385,35,42,27,21
377,41,392,47,380,54,18,15,11
364,17,377,41,364,39,40,26,20
354,9,364,17,354,20,13,12,8
354,9,343,8,345,3,13,12,8
358,2,354,9,347,0,13,12,8
354,9,345,3,347,0,13,12,8
369,13,358,2,371,5,14,12,8
369,13,354,9,358,2,13,12,8
354,9,369,13,364,17,13,11,7
344,38,340,45,321,33,16,14,10
340,45,314,47,321,33,17,15,11
314,47,340,45,332,57,18,13,8
365,52,362,55,359,52,17,13,8
369,45,364,48,364,39,91,54,44
365,52,364,48,369,45,38,25,16
364,48,365,52,359,52,51,31,22
345,37,350,18,354,20,17,15,11
350,18,345,37,333,10,13,11,7
343,8,350,18,333,10,12,11,7
360,42,345,37,361,40,23,16,11
360,42,364,48,359,52,86,48,39
360,42,361,40,364,39,56,22,14
364,48,360,42,364,39,90,49,39
405,31,397,32,400,24,83,36,24
419,26,410,25,417,18,83,34,24
405,31,410,25,410,36,53,25,15
410,25,419,26,410,36,36,21,12
386,7,408,4,400,24,23,17,11
408,4,386,7,386,6,24,18,14
386,6,386,7,371,5,14,12,8
386,7,369,13,371,5,16,14,10
380,69,386,66,386,70,18,16,12
381,64,386,66,380,69,17,16,12
383,84,380,69,386,70,13,13,8
396,81,383,84,386,70,13,13,8
392,47,392,55,380,54,17,16,11
386,66,392,55,394,58,13,12,8
392,55,381,64,380,54,13,12,7
392,55,386,66,381,64,13,12,7
402,49,402,63,397,57,11,11,6
493,10,482,10,484,4,2,3,2
477,18,477,25,465,22,74,40,28
436,15,444,12,443,21,107,29,20
457,2,451,13,446,1,18,14,10
457,2,568,4,484,4,2,2,2
457,2,446,1,568,4,3,3,2
454,15,457,2,464,7,18,12,10
457,2,454,15,451,13,23,15,11
451,13,454,15,443,21,98,31,20
449,34,436,24,443,21,46,17,8
435,20,430,25,426,23,78,26,15
435,20,436,24,430,25,71,23,13
436,15,435,20,434,16,130,34,24
435,20,436,15,443,21,124,34,24
436,24,435,20,443,21,77,22,13
419,26,420,36,410,36,30,18,11
430,25,420,36,419,26,23,16,10
635,20,642,16,642,19,2,2,2
641,8,635,20,623,3,2,2,2
642,16,635,20,641,8,2,2,2
611,15,601,17,623,3,2,2,2
611,15,613,27,601,17,2,2,2
635,20,611,15,623,3,2,2,2
613,27,604,33,597,27,2,2,2
512,23,563,9,518,26,2,2,2
563,9,512,23,493,10,4,3,3
723,180,727,164,727,233,1,1,1
720,212,723,180,727,233,1,1,1
723,180,720,212,683,202,1,1,1
723,180,703,153,727,164,1,1,1
682,242,719,215,727,233,2,2,1
719,215,720,212,727,233,2,2,2
720,212,719,215,683,202,2,2,1
695,67,721,65,726,78,2,2,2
721,65,697,25,727,0,2,2,2
697,25,689,13,727,0,2,2,2
654,30,642,16,676,6,2,2,2
664,32,654,30,676,6,2,2,2
642,16,654,30,642,19,2,2,2
689,13,671,33,676,6,2,2,2
671,33,664,32,676,6,2,2,2
368,919,374,921,376,927,11,11,6
394,929,384,926,392,912,7,8,5
384,926,381,917,392,912,9,10,6
384,926,382,934,376,927,5,6,2
357,939,361,935,365,941,20,12,8
442,946,434,940,439,935,26,27,22
367,948,374,954,372,958,86,53,42
374,954,374,956,372,958,103,55,44
374,956,374,954,377,952,99,62,51
374,954,377,949,377,952,83,60,50
377,949,374,954,367,948,79,56,46
402,957,412,956,414,958,120,64,54
412,956,425,952,414,958,107,72,64
412,956,414,944,425,952,96,83,74
377,949,373,942,387,947,84,83,77
373,942,382,934,387,947,52,53,48
383,953,388,950,400,955,115,91,83
388,950,383,953,387,947,109,96,90
396,947,388,950,387,947,73,66,58
411,933,414,944,398,938,100,77,66
394,929,401,931,398,938,37,18,13
401,931,411,933,398,938,77,46,36
411,933,401,931,410,928,57,19,10
411,923,403,918,413,916,61,11,5
403,910,397,906,403,905,45,13,6
397,906,403,910,392,912,29,9,2
396,947,393,937,398,938,53,50,43
393,937,396,947,387,947,70,71,64
393,937,394,929,398,938,25,16,14
382,890,383,895,374,888,55,26,16
382,889,382,890,374,888,44,22,12
383,895,382,890,389,892,54,29,18
382,890,382,889,389,892,36,23,12
263,898,260,902,246,903,19,18,13
264,872,263,898,251,873,31,19,11
225,788,225,787,227,789,12,7,3
296,860,281,866,282,855,14,7,3
281,866,296,860,295,870,15,8,2
305,896,304,901,298,900,56,35,30
369,875,359,874,365,862,49,50,46
369,875,374,888,368,885,31,23,17
355,924,357,925,354,928,30,16,6
374,888,359,894,368,885,48,19,11
349,914,347,901,360,907,11,11,8
464,943,462,957,455,955,70,40,32
717,905,702,892,716,885,2,2,2
702,892,703,869,716,885,2,2,1
703,869,702,892,690,891,2,2,1
698,926,712,924,713,953,2,2,2
712,924,722,911,727,959,2,2,2
713,953,712,924,727,959,2,2,2
690,891,678,922,662,918,2,2,1
613,953,636,929,638,952,1,1,1
720,853,714,801,725,866,2,2,1
706,832,720,853,712,851,2,2,1
703,843,706,832,712,851,2,2,1
706,832,714,801,720,853,1,2,1
706,832,703,843,695,833,2,2,2
696,864,690,891,681,859,2,2,1
696,864,703,869,690,891,2,2,1
703,866,720,853,725,866,2,2,2
703,869,703,866,725,866,2,2,2
696,864,703,866,703,869,2,2,2
399,898,393,903,389,892,62,28,17
470,917,477,923,469,924,16,17,12
492,958,575,955,727,959,16,16,13
29,742,33,758,22,764,2,2,2
33,758,29,742,39,761,2,2,2
33,758,35,772,22,764,2,2,2
35,772,33,758,39,761,2,2,2
28,729,29,742,5,737,2,2,2
29,742,28,729,29,727,2,2,2
23,720,28,729,5,737,2,2,2
28,729,23,720,29,727,2,2,2
41,851,40,850,53,841,2,3,0
40,850,30,818,53,841,2,2,1
30,818,40,850,14,839,2,3,1
14,839,40,850,19,853,2,3,1
40,850,41,851,19,853,3,4,1
59,933,61,938,42,956,2,3,0
132,952,161,951,173,956,11,10,5
169,924,188,909,183,930,24,21,13
153,847,168,837,157,851,26,6,2
168,837,153,847,148,839,19,4,2
150,873,151,853,157,863,5,4,1
153,847,151,853,148,839,4,3,3
293,920,302,927,280,941,24,19,12
306,943,302,927,310,924,21,18,12
302,927,301,911,310,924,39,28,23
301,911,302,927,293,920,30,26,21
318,941,306,943,310,924,20,19,13
322,934,318,941,310,924,20,18,12
326,949,318,941,322,934,34,26,20
278,940,277,939,280,941,45,19,11
277,939,275,927,280,941,36,23,14
247,931,247,932,243,935,55,24,21
247,932,247,931,252,930,31,16,6
273,950,278,940,280,941,48,17,11
273,950,277,939,278,940,48,17,12
273,950,287,959,268,958,17,11,3
212,949,197,950,203,940,20,16,11
195,952,212,949,217,953,13,12,7
197,950,212,949,195,952,12,12,7
219,947,220,955,217,953,20,17,9
220,955,219,947,223,957,21,17,10
187,881,178,891,172,885,40,19,11
197,950,197,944,203,940,17,13,8
183,938,197,944,195,952,14,13,7
197,944,197,950,195,952,14,12,8
196,926,207,929,203,940,32,27,19
207,929,219,936,203,940,31,25,18
217,927,219,936,207,929,23,18,11
251,911,245,915,246,903,29,30,24
245,915,251,911,252,914,38,37,31
260,902,251,911,246,903,20,19,14
252,918,245,915,252,914,32,31,25
245,915,252,918,241,924,28,27,21
252,918,247,931,241,924,27,22,15
247,931,252,918,252,930,23,20,13
23,720,26,709,38,712,2,2,2
26,709,32,701,38,712,1,1,1
32,701,26,709,25,690,1,1,1
25,690,26,709,5,737,1,1,1
26,709,23,720,5,737,2,2,2
107,800,103,827,91,817,1,1,1
103,827,80,818,91,817,1,1,1
80,818,103,827,104,842,1,1,1
90,801,79,794,85,791,2,2,2
107,800,90,801,85,791,2,2,2
90,801,107,800,91,817,1,1,1
80,818,90,801,91,817,2,2,2
90,801,80,818,79,794,2,2,2
107,800,127,794,121,830,1,1,1
127,794,156,822,121,830,2,2,1
156,822,127,794,149,789,2,2,1
127,794,107,800,113,774,1,1,1
157,824,168,837,148,839,10,4,2
156,822,157,824,148,839,3,2,2
157,824,156,822,167,821,20,13,5
87,760,116,754,113,774,1,1,1
118,749,116,754,87,760,2,2,2
225,590,236,591,227,604,9,4,3
283,601,277,611,274,587,4,5,2
193,581,204,577,201,595,7,3,2
204,577,193,581,185,564,5,2,2
193,581,181,570,185,564,11,4,2
179,559,179,552,187,556,7,2,1
179,552,179,559,173,559,18,3,2
170,534,160,525,164,502,8,3,2
175,773,173,770,195,758,18,5,2
92,711,100,722,81,708,1,1,1
92,711,108,702,100,722,1,1,1
114,690,94,697,94,678,1,1,1
108,702,94,697,114,690,1,1,1
92,711,94,697,108,702,1,1,1
94,697,92,711,81,708,1,1,1
71,667,94,697,81,708,1,1,1
94,697,71,667,94,678,1,1,1
171,641,154,658,160,642,1,1,1
154,658,171,641,177,668,1,1,1
193,600,193,581,201,595,12,3,2
193,600,179,608,181,598,28,17,9
179,608,193,600,190,612,34,23,14
130,662,136,668,131,677,1,1,1
154,658,136,668,130,662,1,1,1
136,668,145,688,131,677,1,1,1
145,688,136,668,154,658,1,1,1
85,650,85,653,71,651,1,1,1
97,629,85,650,87,637,1,1,1
85,650,97,629,107,668,1,1,1
85,653,85,650,107,668,1,1,1
100,621,90,625,101,619,1,1,1
90,625,100,621,97,629,1,1,1
149,645,100,621,101,619,1,1,1
97,629,100,621,149,645,1,1,1
83,635,71,651,74,623,1,1,1
85,650,83,635,87,637,1,1,1
83,635,85,650,71,651,1,1,1
85,634,97,629,87,637,1,1,1
85,634,90,625,97,629,1,1,1
83,635,85,634,87,637,1,1,1
90,625,85,634,74,623,1,1,1
85,634,83,635,74,623,1,1,1
149,645,154,629,160,642,1,1,1
136,607,154,629,149,645,1,1,1
154,629,171,641,160,642,1,1,1
171,641,154,629,179,629,1,1,1
3,344,18,345,3,363,1,1,1
20,386,25,366,55,384,1,1,1
25,366,20,386,3,363,1,1,1
18,345,25,366,3,363,1,1,1
33,292,18,323,9,322,1,1,1
46,596,39,579,66,589,1,1,1
62,613,46,596,66,589,1,1,1
40,611,46,596,62,613,2,2,2
39,579,16,613,2,578,1,1,1
46,596,16,613,39,579,1,1,1
16,613,46,596,40,611,1,1,1
31,666,45,675,25,690,1,1,1
75,535,67,551,57,536,1,1,1
67,572,67,551,74,562,1,1,1
67,551,36,540,57,536,1,1,1
36,540,67,551,39,579,1,1,1
67,551,67,572,39,579,1,1,1
95,544,111,551,111,555,1,1,1
67,551,95,544,74,562,1,1,1
95,544,67,551,75,535,1,1,1
95,544,75,535,89,526,1,1,1
85,575,95,544,111,555,1,1,1
95,544,85,575,74,562,1,1,1
197,675,197,696,172,688,4,2,1
207,706,197,696,209,698,32,10,6
197,696,207,706,195,702,32,10,6
136,690,114,690,131,677,1,1,1
145,688,136,690,131,677,1,1,1
185,893,193,903,191,905,51,21,14
198,901,193,903,185,893,60,24,17
186,807,176,813,179,802,63,28,17
199,827,202,849,189,846,18,17,10
202,849,199,827,208,845,19,18,12
212,866,229,869,218,878,50,23,15
184,814,176,813,186,807,60,25,14
199,827,202,823,208,845,22,19,13
202,823,184,814,186,807,37,22,12
202,823,199,827,185,821,20,17,10
184,814,202,823,185,821,26,20,11
177,874,187,881,172,879,52,27,16
165,872,177,874,172,879,26,15,6
175,773,186,779,178,777,23,6,2
346,841,341,830,350,839,27,14,8
293,807,296,811,283,825,3,3,0
352,614,344,596,368,586,3,2,2
687,255,714,258,694,267,2,2,1
679,547,679,521,684,549,9,3,2
664,546,661,544,668,541,16,13,8
698,584,706,608,677,602,3,3,1
706,608,722,555,727,649,2,3,1
706,608,698,584,722,555,2,3,0
715,530,704,538,698,518,2,2,1
708,553,715,530,722,555,2,2,1
704,538,715,530,708,553,2,2,1
719,434,715,530,707,455,2,2,1
700,476,715,530,699,487,2,2,1
722,555,715,530,721,431,2,2,1
715,530,719,434,721,431,2,2,1
715,530,697,492,699,487,2,2,1
675,522,679,547,668,541,12,5,3
679,547,675,522,679,521,13,5,3
692,515,695,513,698,518,5,2,1
679,521,692,515,698,518,6,2,1
692,515,686,502,695,513,6,3,2
661,528,645,530,662,523,10,4,2
661,528,661,544,657,544,30,12,7
661,544,661,528,668,541,9,6,2
661,528,675,522,668,541,7,3,0
675,522,661,528,662,523,7,2,0
619,523,627,526,615,527,78,31,19
619,523,622,517,627,526,67,29,19
622,517,630,518,627,526,42,21,15
641,503,634,512,632,510,153,84,80
643,506,634,512,641,503,108,49,47
554,533,548,533,556,526,19,4,3
694,485,699,486,699,487,21,22,18
699,486,700,476,699,487,5,5,4
700,476,699,486,694,485,32,33,29
690,470,694,485,682,477,139,140,131
690,470,700,476,694,485,74,75,68
700,476,690,470,698,467,97,98,89
719,434,711,423,721,431,2,2,0
703,336,718,268,722,373,4,5,4
426,532,417,540,413,531,114,115,110
375,474,375,482,368,483,180,179,176
377,487,375,482,378,486,181,179,175
377,487,367,489,368,483,178,176,172
375,482,377,487,368,483,185,183,179
377,487,378,490,367,489,170,169,165
375,482,381,481,378,486,185,183,180
387,478,381,481,384,473,173,173,169
381,481,375,474,384,473,170,168,165
381,481,375,482,375,474,164,163,159
341,577,334,575,339,571,14,2,4
334,575,330,568,339,571,17,2,4
319,540,305,528,321,525,12,5,4
305,528,319,540,301,537,8,2,1
347,561,347,568,343,560,10,4,2
343,555,347,561,343,560,6,2,0
347,561,358,566,347,568,7,3,2
453,195,454,177,466,192,25,23,20
484,307,479,298,489,301,127,100,88
479,298,488,293,489,301,134,95,86
488,293,479,298,476,289,137,101,92
641,104,655,97,651,114,2,2,2
545,49,537,67,525,55,8,8,5
592,57,604,33,618,51,2,2,2
604,33,592,57,597,27,2,2,2
632,160,651,159,645,167,28,18,13
640,112,641,104,651,114,2,2,2
640,112,629,123,620,114,3,3,2
629,123,617,117,620,114,9,6,2
651,159,636,136,651,114,5,5,4
583,203,587,201,587,207,13,14,11
587,207,601,210,596,221,23,24,21
580,169,588,172,581,178,21,21,18
382,424,375,423,382,417,148,146,140
332,512,327,510,336,503,118,114,109
335,511,332,512,336,503,124,121,115
365,524,367,514,371,518,143,145,139
250,31,263,55,257,53,21,11,6
282,67,292,60,292,73,58,27,13
288,112,304,103,305,106,60,27,16
304,103,288,112,284,102,53,25,15
279,95,283,97,284,102,16,13,7
283,97,304,103,284,102,47,23,15
304,103,283,97,304,88,36,18,11
135,103,127,119,111,111,6,5,3
117,155,131,152,121,168,5,5,2
117,155,121,168,112,171,5,5,3
99,148,117,155,112,171,4,4,2
105,145,117,155,99,148,3,3,2
121,146,117,155,105,145,4,4,2
131,152,121,146,134,148,6,7,2
117,155,121,146,131,152,6,6,2
127,119,114,121,111,111,5,4,2
114,121,121,146,105,145,4,4,2
67,196,56,209,50,193,2,2,2
56,209,39,217,50,193,2,2,2
61,222,56,209,69,198,2,2,2
56,209,67,196,69,198,2,2,2
39,217,26,229,25,217,1,1,1
26,229,21,261,11,240,1,1,1
21,261,26,229,53,240,1,1,1
4,210,3,212,7,181,1,1,1
11,205,4,210,7,181,1,1,1
11,112,11,129,8,73,1,1,1
34,158,21,138,41,135,2,2,2
39,185,33,177,68,166,1,1,1
27,169,33,177,20,191,2,2,2
32,193,33,177,39,185,2,2,2
33,177,32,193,20,191,2,2,2
74,87,56,118,49,78,2,2,2
247,189,248,195,241,190,85,69,50
248,195,253,192,248,196,90,76,52
248,195,247,189,253,192,88,75,52
318,232,330,233,328,241,26,23,17
315,239,318,232,328,241,27,23,17
300,220,310,223,302,234,44,39,29
296,229,300,220,302,234,48,43,31
234,191,234,182,237,183,57,45,29
229,182,234,182,234,191,60,50,35
231,181,234,182,229,182,58,48,36
216,186,220,174,229,182,38,32,21
220,174,210,165,219,169,30,25,14
210,165,220,174,209,185,31,26,15
226,144,213,132,217,129,19,16,9
53,240,65,249,67,255,1,1,1
65,249,80,249,67,255,9,5,4
105,268,87,267,97,259,13,11,7
124,263,136,273,121,271,39,23,15
115,182,90,185,112,171,3,3,2
115,182,105,193,90,185,4,4,2
124,171,115,182,112,171,5,5,2
105,193,115,182,121,203,5,5,3
68,269,58,281,67,255,1,1,1
58,281,68,269,66,274,1,1,1
109,298,101,296,106,290,21,17,11
225,21,223,25,203,9,8,4,3
203,34,223,25,219,33,45,23,18
223,25,203,34,203,9,20,11,8
227,18,225,21,203,9,4,2,2
218,46,222,50,212,52,25,13,7
222,50,214,60,212,52,56,20,9
242,19,249,14,250,31,24,14,9
240,26,242,19,250,31,16,10,6
183,49,187,53,179,58,70,30,18
156,24,183,49,156,59,7,3,2
188,63,188,59,194,62,38,17,7
193,52,200,60,194,62,60,23,11
188,59,193,52,194,62,65,26,14
193,52,188,59,187,53,78,32,18
267,1,258,5,253,0,40,16,12
259,11,264,8,278,10,26,13,7
272,2,264,8,267,1,60,24,19
264,8,258,5,267,1,58,25,20
258,5,264,8,259,11,60,26,19
342,4,341,5,333,10,13,12,8
341,5,343,8,333,10,13,11,7
343,8,341,5,342,4,14,12,8
317,32,319,19,321,33,9,9,5
317,32,312,28,319,19,8,9,5
291,46,291,43,295,49,10,11,6
291,43,297,35,295,49,11,11,7
297,35,291,43,286,35,10,9,5
291,43,288,51,286,35,8,8,4
291,43,291,46,288,51,8,8,3
91,29,101,4,107,25,2,2,2
14,30,3,36,0,0,2,2,2
3,36,3,212,0,0,1,1,1
3,212,3,36,7,181,1,1,1
3,36,8,73,7,181,1,1,1
16,8,14,30,0,0,2,2,2
127,4,120,10,116,2,2,2,2
120,10,127,4,132,6,2,2,2
172,7,127,4,116,2,1,1,1
132,6,127,4,172,7,1,1,1
371,113,366,110,369,102,34,21,12
356,97,363,95,367,103,22,14,9
354,102,356,97,367,103,30,16,9
397,114,391,105,403,109,12,13,8
391,105,397,114,382,109,14,13,9
397,114,390,124,382,109,15,14,9
397,114,406,122,404,127,11,12,7
390,124,397,114,404,127,12,13,8
468,76,486,72,473,86,13,12,8
374,43,377,41,380,54,24,18,12
374,43,369,45,364,39,99,59,48
377,41,374,43,364,39,102,60,50
310,39,312,48,309,50,17,15,11
314,47,312,48,310,39,18,17,12
316,53,314,47,332,57,15,13,8
316,53,312,48,314,47,15,12,7
345,37,348,44,344,38,17,14,9
360,42,348,44,345,37,25,16,11
354,65,340,81,338,79,14,11,7
367,68,381,64,380,69,14,12,8
373,53,365,52,369,45,24,18,11
373,53,374,43,380,54,19,16,10
374,43,373,53,369,45,26,19,13
381,64,373,53,380,54,14,12,6
367,68,373,53,381,64,14,12,7
365,52,373,53,362,55,15,12,8
373,53,367,68,362,55,13,12,7
354,9,351,16,343,8,12,10,6
351,16,350,18,343,8,13,11,7
351,16,354,9,354,20,13,12,8
350,18,351,16,354,20,16,14,10
390,28,395,30,394,34,104,54,43
395,30,397,32,394,34,91,54,40
407,37,397,32,405,31,28,17,8
407,37,405,31,410,36,21,15,8
407,41,407,37,410,36,13,13,6
407,22,408,4,417,18,37,20,12
410,25,407,22,417,18,76,30,22
408,4,407,22,400,24,29,18,12
407,22,405,31,400,24,79,33,22
407,22,410,25,405,31,79,32,21
402,63,417,66,407,71,9,9,5
387,29,386,7,390,28,24,18,11
386,7,387,29,369,13,19,17,12
387,29,394,34,385,35,99,50,38
387,29,390,28,394,34,101,50,39
369,13,387,29,364,17,20,18,13
377,41,387,29,385,35,77,43,34
387,29,377,41,364,17,44,28,21
398,90,393,96,392,92,9,10,5
402,63,400,72,394,58,10,10,6
400,72,386,66,394,58,11,11,6
386,66,400,72,386,70,9,9,5
400,72,396,81,386,70,12,12,7
400,72,402,63,407,71,10,10,6
373,101,369,102,363,95,14,11,7
373,101,371,113,369,102,22,17,9
381,88,377,91,380,87,14,13,9
383,84,381,88,380,87,11,10,6
394,58,394,56,397,57,5,5,1
392,55,394,56,394,58,6,6,2
402,49,396,42,407,41,12,12,8
397,32,396,42,394,34,32,23,15
396,42,407,37,407,41,12,14,9
407,37,396,42,397,32,19,16,9
471,7,475,6,478,13,9,9,6
477,18,471,7,478,13,21,14,9
471,7,465,22,464,7,45,27,19
471,7,477,18,465,22,42,25,18
479,9,475,6,484,4,2,2,2
482,10,479,9,484,4,3,3,2
475,6,479,9,478,13,7,8,5
479,9,482,10,478,13,10,11,7
477,25,470,31,465,22,34,20,11
488,19,482,10,493,10,15,11,7
482,10,488,19,478,13,21,14,9
488,19,477,18,478,13,28,16,11
436,15,439,11,444,12,72,19,13
444,12,439,11,446,1,24,16,11
435,9,436,15,434,16,95,23,12
435,9,426,14,430,5,74,23,10
426,14,435,9,434,16,87,23,9
435,9,439,11,436,15,82,20,13
435,9,430,5,446,1,29,19,12
439,11,435,9,446,1,26,17,12
425,19,435,20,426,23,106,34,21
435,20,425,19,434,16,112,33,19
419,26,425,19,426,23,93,35,20
425,19,419,26,417,18,91,35,20
430,5,420,8,420,3,71,27,16
426,14,420,8,430,5,69,24,12
420,8,426,14,417,18,47,19,8
420,8,408,4,420,3,57,26,16
408,4,420,8,417,18,35,19,11
458,38,454,54,445,46,13,11,6
408,44,402,49,407,41,11,12,7
408,44,407,41,410,36,13,13,8
420,36,408,44,410,36,14,13,7
445,41,436,24,449,34,26,15,9
445,41,458,38,445,46,13,11,6
486,72,474,67,485,65,16,13,8
474,67,468,76,471,68,12,11,7
468,76,474,67,486,72,14,13,8
635,25,635,20,642,19,2,2,2
654,30,635,25,642,19,2,2,2
604,33,610,32,618,51,2,2,2
610,32,604,33,613,27,2,2,2
512,23,507,22,493,10,12,7,6
537,44,545,49,525,55,16,11,7
537,67,553,53,558,59,12,9,6
538,34,542,38,540,39,17,7,2
538,34,525,35,518,26,24,13,8
563,9,538,34,518,26,5,3,2
538,34,563,9,570,22,2,2,2
542,38,538,34,570,22,2,2,1
679,222,719,215,682,242,2,2,1
674,208,669,202,683,202,6,3,1
695,67,694,47,721,65,2,2,2
697,25,694,47,692,35,2,2,2
694,47,697,25,721,65,2,2,2
725,93,706,101,726,78,2,2,2
706,101,695,67,726,78,2,2,2
706,101,725,93,719,107,2,2,2
710,133,706,101,719,107,2,2,2
690,34,671,33,689,13,2,2,2
690,34,697,25,692,35,2,2,2
697,25,690,34,689,13,2,2,2
694,47,690,34,692,35,2,2,2
690,34,694,47,671,33,2,2,2
389,932,384,926,394,929,5,5,3
393,937,389,932,394,929,16,15,14
380,922,374,921,381,917,14,15,10
374,921,380,922,376,927,10,11,6
384,926,380,922,381,917,12,12,9
380,922,384,926,376,927,9,10,6
376,911,367,914,363,908,12,12,10
367,914,360,907,363,908,11,12,8
357,925,367,914,368,919,13,11,7
367,914,357,925,355,924,13,11,7
374,921,376,915,381,917,14,15,10
376,915,374,921,368,919,14,15,10
376,915,367,914,376,911,13,13,11
367,914,376,915,368,919,14,15,11
381,917,382,911,392,912,8,9,4
376,915,382,911,381,917,12,12,8
382,911,376,915,376,911,11,12,7
338,951,349,952,356,959,81,34,21
424,945,428,935,434,940,34,37,32
434,940,428,935,439,935,28,30,25
428,935,431,924,439,935,36,36,32
431,924,428,935,426,932,32,31,27
414,944,419,943,425,952,86,84,74
419,943,424,945,425,952,80,78,69
419,943,422,942,424,945,73,74,67
419,943,414,944,421,939,111,110,103
371,943,373,942,377,949,63,60,54
371,943,365,944,365,941,37,37,34
382,934,373,937,376,927,7,7,3
373,942,373,937,382,934,27,29,24
388,950,399,951,400,955,111,88,79
399,951,388,950,396,947,70,61,52
412,956,399,951,414,944,119,86,77
414,944,399,951,398,938,111,89,78
399,951,396,947,398,938,56,47,39
399,951,402,957,400,955,115,82,69
399,951,412,956,402,957,125,80,72
414,944,419,934,421,939,115,114,108
411,933,419,934,414,944,117,114,107
411,923,409,925,403,918,61,11,4
409,925,411,923,410,928,38,10,1
400,918,401,926,394,929,23,6,2
401,926,401,931,394,929,25,6,2
401,926,400,918,403,918,50,9,1
409,925,401,926,403,918,60,10,3
401,931,401,926,410,928,52,11,2
401,926,409,925,410,928,51,9,0
396,906,397,906,392,912,18,8,1
382,934,387,934,387,947,66,67,62
387,934,393,937,387,947,66,67,62
387,934,389,932,393,937,21,21,18
384,926,387,934,382,934,6,6,2
389,932,387,934,384,926,6,6,3
264,872,263,869,265,867,37,24,14
325,928,322,934,310,924,21,18,12
324,923,325,928,310,924,31,24,17
311,910,301,911,304,901,73,39,29
304,901,298,904,298,900,84,51,38
301,911,298,904,304,901,79,47,33
225,787,230,782,227,789,18,9,5
233,781,230,782,226,779,18,9,5
230,782,225,787,226,779,18,9,5
234,800,218,809,227,789,6,4,1
281,866,279,865,282,855,9,9,4
279,865,264,872,265,867,21,16,8
264,872,279,865,277,883,32,19,11
279,865,281,866,277,883,22,16,8
296,860,305,858,295,870,59,16,5
298,856,305,858,296,860,57,16,5
305,858,298,856,299,850,61,19,8
317,903,315,902,326,892,10,10,6
276,822,263,831,267,818,33,12,6
251,850,253,834,261,833,8,5,1
358,879,349,873,359,874,22,12,6
358,879,359,883,353,886,45,18,10
361,933,357,925,368,919,18,11,8
361,933,368,919,376,927,12,10,6
357,925,361,933,354,928,35,15,11
373,937,361,933,376,927,13,11,7
361,933,373,937,361,935,16,13,9
361,933,357,939,354,928,35,13,11
357,939,361,933,361,935,29,11,10
333,881,336,894,326,892,10,9,5
325,879,333,881,326,892,12,9,4
333,881,325,879,333,878,25,9,2
347,901,349,884,353,886,19,10,6
336,894,349,884,347,901,14,9,6
333,881,349,884,336,894,19,9,5
349,884,358,879,353,886,47,17,10
358,879,349,884,349,873,34,14,8
336,898,336,894,347,901,11,11,9
336,894,336,898,326,892,10,11,8
359,883,358,893,353,886,37,15,7
358,893,359,883,368,885,46,19,11
359,894,358,893,368,885,46,17,11
347,901,354,899,360,907,12,12,10
354,899,358,893,359,894,13,10,4
354,899,347,901,353,886,17,9,5
358,893,354,899,353,886,22,12,5
450,953,454,938,455,955,58,37,29
454,938,464,943,455,955,62,40,32
442,946,454,938,450,953,52,34,28
699,899,702,892,717,905,2,2,2
690,891,699,899,695,900,2,2,1
702,892,699,899,690,891,2,2,1
636,929,614,929,625,914,2,2,2
614,929,636,929,613,953,2,2,2
640,929,636,929,643,924,2,2,2
725,673,714,801,701,755,2,2,1
725,866,725,673,727,649,2,2,1
714,801,725,673,725,866,2,2,1
691,846,673,835,695,833,2,2,1
673,835,691,846,681,859,2,2,1
703,843,691,846,695,833,2,2,2
691,846,696,864,681,859,2,2,1
632,914,650,917,643,924,2,2,2
632,914,636,929,625,914,2,2,2
636,929,632,914,643,924,2,2,2
668,884,668,862,681,859,2,2,2
648,862,668,862,668,884,2,2,2
668,862,673,835,681,859,2,2,1
702,816,706,832,695,833,2,2,2
706,832,702,816,714,801,2,2,1
673,835,702,816,695,833,2,2,2
670,802,702,816,673,835,2,2,1
705,855,703,843,712,851,2,2,2
705,855,703,866,696,864,2,2,2
705,855,691,846,703,843,2,2,2
691,846,705,855,696,864,2,2,2
720,853,705,855,712,851,2,2,2
703,866,705,855,720,853,2,2,2
417,909,417,915,413,916,49,14,10
403,910,417,909,413,916,62,13,7
417,909,403,910,403,905,78,25,17
391,889,399,898,389,892,44,21,12
399,898,391,889,402,887,39,22,13
382,889,391,889,389,892,34,21,11
399,898,396,903,393,903,75,34,24
396,903,396,906,393,903,56,20,10
396,906,396,903,397,906,60,24,13
397,906,396,903,403,905,68,26,17
396,903,399,898,403,905,74,34,23
477,923,483,922,486,927,32,33,26
472,944,477,923,486,927,43,32,25
470,917,483,914,477,923,14,15,9
483,914,483,922,477,923,16,17,11
443,922,453,926,439,935,55,56,50
431,924,443,922,439,935,34,34,30
572,941,559,932,568,933,28,29,26
586,944,613,953,575,955,15,16,14
572,941,586,944,575,955,32,33,29
572,941,583,934,584,940,30,30,27
492,958,556,952,575,955,32,33,27
556,952,572,941,575,955,35,36,31
572,941,556,952,559,932,31,32,28
546,936,533,945,533,930,14,15,11
559,932,572,926,568,933,15,16,13
175,947,195,952,173,956,13,11,7
175,947,183,938,195,952,13,12,7
143,935,150,921,159,939,12,10,5
115,899,142,920,106,933,2,2,1
72,885,64,866,89,855,2,2,1
17,900,59,933,10,909,2,3,1
6,896,17,900,10,909,2,2,1
70,890,72,885,86,904,2,2,2
95,947,95,932,106,933,2,2,1
83,944,95,947,42,956,2,3,0
61,938,83,944,42,956,2,3,0
83,944,95,932,95,947,2,3,0
152,853,161,855,157,863,14,4,1
151,853,152,853,157,863,8,4,2
161,855,152,853,157,851,21,6,2
152,853,153,847,157,851,15,5,4
152,853,151,853,153,847,7,4,3
148,839,125,841,121,830,2,2,2
128,846,125,841,148,839,2,2,2
125,841,104,842,121,830,1,1,1
125,841,128,850,104,842,2,2,2
128,850,125,841,128,846,2,2,2
310,957,310,956,314,955,65,34,24
273,950,286,952,287,959,19,12,3
286,952,273,950,280,941,47,17,10
320,954,328,956,314,955,75,30,20
320,954,326,949,328,956,77,32,22
278,912,286,907,293,920,51,36,29
286,907,278,912,286,906,73,35,28
278,912,277,920,269,914,107,66,58
275,927,277,920,293,920,27,22,13
277,920,278,912,293,920,48,39,32
275,927,272,929,271,922,59,38,27
277,939,272,929,275,927,41,28,17
250,946,247,932,252,930,57,25,15
259,943,250,946,252,930,69,28,18
247,932,250,946,243,935,55,28,20
250,946,236,941,243,935,50,31,21
236,941,250,946,249,951,43,28,19
249,951,255,952,268,958,31,23,13
268,926,263,937,252,930,73,34,24
263,937,259,943,252,930,74,31,20
221,956,223,957,195,952,13,12,6
221,956,220,955,223,957,15,13,6
221,956,195,952,217,953,13,12,6
220,955,221,956,217,953,15,14,6
181,892,187,881,185,893,56,25,17
181,892,178,891,187,881,52,24,16
169,924,171,906,188,909,19,17,10
219,921,217,921,216,920,61,32,26
217,921,217,927,216,920,44,28,21
217,927,217,921,219,921,49,30,23
220,928,217,927,219,921,49,29,23
220,928,234,923,225,933,61,38,29
234,923,220,928,219,921,70,39,32
219,936,220,928,225,933,31,23,15
220,928,219,936,217,927,24,18,10
204,922,212,919,207,929,16,12,5
217,927,212,919,216,920,38,24,18
212,919,217,927,207,929,27,18,11
197,944,191,934,203,940,26,21,14
191,934,196,926,203,940,33,27,19
191,934,197,944,183,938,19,16,9
196,926,191,934,192,925,37,31,23
191,934,183,938,183,930,25,21,13
192,925,191,934,183,930,35,30,21
200,922,204,922,207,929,13,11,5
196,926,200,922,207,929,16,13,7
200,922,196,926,192,925,19,15,9
216,946,212,949,203,940,27,20,15
219,936,216,946,203,940,35,27,21
216,946,219,947,217,953,23,19,11
212,949,216,946,217,953,18,17,9
221,937,231,939,219,947,37,30,23
216,946,221,937,219,947,39,32,25
221,937,216,946,219,936,39,31,25
231,939,221,937,225,933,31,25,18
221,937,219,936,225,933,25,18,12
252,913,251,911,260,902,19,18,13
251,911,252,913,252,914,28,27,21
252,913,260,902,269,913,25,21,13
104,842,112,828,121,830,1,1,1
103,827,112,828,104,842,1,1,1
112,828,107,800,121,830,1,1,1
112,828,103,827,107,800,1,1,1
140,784,143,779,149,789,1,1,1
127,794,140,784,149,789,2,2,2
143,779,140,784,113,774,1,1,1
140,784,127,794,113,774,1,1,1
166,827,169,827,168,837,20,7,3
157,824,166,827,168,837,15,6,2
261,578,274,587,250,593,4,5,3
227,563,204,577,220,553,15,3,2
239,542,251,540,243,551,10,6,4
220,547,223,548,220,553,45,19,12
276,465,272,478,270,463,72,54,50
198,513,170,534,164,502,3,2,1
218,599,225,590,227,604,28,6,3
204,577,218,599,201,595,4,3,1
225,590,218,599,204,577,13,4,2
227,582,204,577,227,577,13,3,2
227,582,225,590,204,577,13,4,2
283,601,283,606,277,611,4,5,2
98,504,89,526,72,510,1,1,1
252,630,258,623,260,625,37,11,3
250,656,254,669,246,663,8,4,1
250,656,266,652,268,656,13,3,3
254,669,250,656,268,656,6,3,1
279,613,261,620,277,611,3,3,1
313,644,290,625,312,625,4,4,2
226,692,238,688,237,694,23,11,5
250,656,239,655,237,646,6,4,0
183,634,171,641,179,629,2,2,1
185,621,181,619,190,612,59,45,31
179,620,154,629,175,614,3,1,1
154,629,179,620,179,629,2,1,1
179,620,185,621,179,629,21,15,5
185,621,179,620,181,619,33,24,13
180,613,179,608,190,612,52,37,26
181,619,180,613,190,612,58,44,30
179,608,180,613,175,614,31,15,5
180,613,179,620,175,614,18,8,3
179,620,180,613,181,619,30,19,9
211,653,217,642,226,644,22,10,6
195,658,202,649,200,657,27,10,4
211,611,215,615,208,616,11,4,2
154,629,175,606,175,614,2,1,1
175,606,154,629,136,607,2,1,1
175,606,179,608,175,614,30,14,4
70,361,71,343,91,356,2,1,1
70,361,81,397,55,384,1,1,1
65,338,77,336,71,343,1,1,1
55,312,18,323,33,292,1,1,1
18,323,55,312,29,340,1,1,1
55,312,65,338,29,340,1,1,1
65,338,55,312,74,318,1,1,1
64,295,55,312,52,294,1,1,1
55,312,64,295,74,318,1,1,1
18,323,9,323,9,322,1,1,1
9,322,9,323,3,344,1,1,1
18,345,17,333,29,340,1,1,1
17,333,18,323,29,340,1,1,1
17,333,9,323,18,323,1,1,1
17,333,18,345,3,344,1,1,1
9,323,17,333,3,344,1,1,1
1,643,0,867,0,0,1,1,1
3,363,1,643,0,0,1,1,1
2,578,1,643,3,363,1,1,1
197,696,186,703,172,688,5,2,1
186,703,197,696,195,702,11,3,1
205,890,198,901,185,893,65,26,18
205,890,187,881,204,883,63,28,17
187,881,205,890,185,893,63,27,17
211,896,215,899,213,904,39,25,18
245,915,239,905,246,903,51,52,47
241,897,263,898,246,903,18,17,12
263,898,241,897,251,873,27,20,12
239,905,241,897,246,903,18,18,14
241,897,239,905,237,902,18,18,15
217,907,219,921,216,920,61,28,19
217,907,229,910,219,921,57,32,25
232,912,234,923,219,921,65,40,35
229,910,232,912,219,921,61,38,32
232,912,236,917,234,923,48,43,39
173,819,169,827,167,821,28,15,5
176,813,166,810,179,802,37,14,6
156,822,166,810,167,821,23,12,6
176,791,178,791,179,802,34,22,13
168,786,175,773,178,777,19,4,1
213,804,218,809,213,811,12,5,1
213,804,225,788,227,789,5,4,1
218,809,213,804,227,789,5,4,1
202,849,189,852,189,846,21,19,12
189,852,202,849,202,864,35,31,21
187,881,197,877,204,883,62,30,19
197,877,206,875,204,883,71,32,23
208,854,202,849,208,845,14,16,9
212,866,220,858,229,869,53,25,14
220,858,208,854,208,845,22,20,13
226,855,220,858,227,853,45,25,18
220,858,224,841,227,853,39,26,17
224,841,220,858,208,845,26,22,15
225,825,224,841,208,845,39,24,15
202,823,225,825,208,845,36,23,14
206,802,202,823,186,807,45,24,12
169,827,174,831,168,837,20,6,3
174,831,175,835,168,837,20,5,2
183,843,175,835,185,821,25,19,11
175,835,183,843,181,844,26,19,11
183,843,199,827,189,846,20,19,12
199,827,183,843,185,821,19,18,11
214,881,214,882,204,883,55,26,19
210,876,212,866,218,878,59,23,15
163,866,150,873,157,863,6,4,0
163,866,165,872,150,873,6,5,1
177,869,184,865,178,870,40,27,16
177,869,163,866,165,860,38,17,7
163,866,177,869,165,872,31,16,7
177,874,177,869,178,870,44,22,12
177,869,177,874,165,872,30,16,7
193,776,175,773,195,758,18,5,2
193,776,186,779,175,773,21,7,1
359,874,351,865,365,862,40,42,36
351,865,350,856,365,862,68,70,63
339,850,333,849,335,843,38,39,32
342,855,350,856,346,857,96,96,90
342,855,346,841,350,856,80,79,72
346,841,342,855,339,850,70,68,63
346,841,337,840,341,830,22,12,7
337,840,339,850,335,843,37,37,31
337,840,346,841,339,850,52,51,45
341,815,342,813,344,812,19,10,2
335,818,341,815,341,830,40,23,17
335,818,342,813,341,815,24,9,3
253,834,258,830,261,833,9,3,1
263,831,260,829,267,818,28,8,3
260,829,258,830,255,825,10,3,0
260,829,263,831,261,833,9,3,0
258,830,260,829,261,833,7,4,1
263,831,270,835,261,833,12,5,1
276,822,270,835,263,831,31,11,5
296,811,286,828,283,825,3,3,0
279,833,282,848,277,846,32,12,6
270,835,279,833,277,846,23,9,3
286,828,279,833,283,825,23,8,3
279,833,276,822,283,825,27,9,4
279,833,270,835,276,822,37,12,7
342,813,337,796,344,812,29,8,3
300,703,296,695,314,694,12,5,2
296,695,292,687,314,694,5,4,1
301,711,287,719,292,709,48,11,4
381,554,386,561,381,563,21,13,11
378,553,381,554,381,563,20,11,9
400,579,408,586,397,590,24,2,4
376,602,352,614,368,586,5,3,2
376,602,358,628,352,614,8,5,3
352,614,344,626,331,626,4,4,2
358,628,344,626,352,614,4,4,2
356,581,344,596,341,577,4,1,2
688,269,694,267,688,280,5,1,0
688,269,687,255,694,267,4,2,1
693,708,725,673,701,755,2,2,1
698,584,692,577,708,553,2,3,0
692,577,682,556,708,553,2,3,0
692,577,681,569,682,556,2,4,1
679,547,682,553,672,554,49,22,16
682,556,682,553,684,549,9,3,3
682,553,679,547,684,549,18,7,6
645,530,646,535,643,531,10,12,10
646,535,661,528,657,544,36,18,12
661,528,646,535,645,530,18,10,8
635,526,631,532,627,526,43,36,31
630,518,635,526,627,526,27,20,14
681,569,675,557,682,556,29,13,9
672,559,675,557,681,569,44,18,12
675,557,672,559,672,554,74,30,19
675,557,682,553,682,556,35,16,11
682,553,675,557,672,554,47,21,14
669,545,664,546,668,541,13,10,3
664,546,669,545,672,554,34,20,13
679,547,669,545,668,541,31,14,9
669,545,679,547,672,554,55,25,18
642,653,632,652,642,641,52,19,10
649,643,642,653,642,641,60,22,9
675,617,686,621,669,627,5,4,1
700,627,703,613,727,649,2,3,1
703,613,706,608,727,649,2,3,1
706,608,703,613,677,602,3,4,1
681,494,679,501,676,501,18,15,11
686,502,695,501,695,513,6,3,1
695,513,695,501,698,518,6,3,2
695,501,715,530,698,518,2,2,1
695,501,697,492,715,530,2,2,1
695,501,694,497,697,492,7,6,3
679,501,677,508,676,501,8,3,0
677,508,675,522,662,523,13,1,1
677,508,679,501,686,502,8,3,0
690,470,692,446,698,467,155,155,145
630,518,633,516,637,520,29,13,11
633,516,630,518,632,510,157,103,100
634,512,633,516,632,510,144,88,83
644,505,643,506,641,503,35,1,2
635,514,643,506,637,520,42,15,12
643,506,635,514,634,512,74,32,28
633,516,635,514,637,520,23,8,6
635,514,633,516,634,512,73,30,27
550,535,554,533,551,537,29,18,15
550,535,548,533,554,533,26,11,9
550,535,551,537,546,539,30,12,12
548,533,550,535,546,539,28,9,8
538,530,548,533,546,539,30,4,5
569,527,559,524,572,521,43,13,13
559,524,561,534,556,526,34,14,13
561,534,554,533,556,526,29,14,12
569,527,561,534,559,524,49,30,29
561,534,569,527,567,536,83,73,68
701,468,700,476,698,467,22,23,19
703,463,701,468,698,467,34,34,29
717,400,722,373,721,431,2,2,1
701,365,703,354,722,373,24,24,21
703,354,703,336,722,373,10,10,9
717,400,714,385,722,373,2,3,1
703,378,701,365,722,373,29,29,26
650,245,645,249,639,237,71,31,22
645,249,634,251,639,237,60,28,20
687,255,672,268,672,251,18,13,10
688,269,672,268,687,255,16,11,9
509,267,511,261,515,266,178,179,170
425,654,422,653,425,634,7,7,5
358,628,385,623,378,632,24,9,6
376,602,385,623,358,628,30,17,13
425,634,413,648,408,633,11,10,8
606,696,615,688,616,707,7,7,7
354,476,358,477,347,492,170,168,163
358,477,359,495,347,492,172,170,165
398,448,401,445,403,451,164,163,159
407,439,401,445,403,435,147,145,141
401,445,394,440,403,435,163,161,157
394,440,398,448,389,446,166,164,160
398,448,394,440,401,445,168,166,162
367,489,364,491,364,480,164,162,158
364,491,358,477,364,480,174,173,169
358,477,364,491,359,495,173,172,168
391,466,394,468,384,473,174,174,170
382,455,378,465,381,454,169,167,164
388,452,382,455,381,454,179,179,174
364,467,373,472,364,480,172,171,168
373,472,368,483,364,480,176,175,171
373,472,375,474,368,483,181,180,176
432,534,437,527,436,539,121,122,117
429,530,432,534,426,532,125,125,121
432,534,429,530,437,527,120,121,116
490,548,495,539,498,549,73,4,4
467,497,472,496,474,502,160,161,156
445,488,444,494,439,495,157,158,153
444,494,445,488,452,492,167,167,163
409,516,405,514,407,512,156,157,152
377,513,382,519,371,518,149,149,145
371,521,365,524,371,518,138,140,134
382,519,371,521,371,518,140,141,136
371,521,382,519,380,529,126,127,122
428,456,420,464,419,461,163,163,159
420,464,410,463,419,461,181,182,177
368,507,367,514,364,506,162,161,156
386,488,396,484,394,492,173,171,169
396,484,397,480,403,479,171,171,167
407,599,418,601,412,606,2,2,1
412,606,418,601,424,612,12,4,0
398,595,385,590,397,590,4,2,0
404,613,407,599,412,606,3,2,1
319,612,323,604,331,626,13,7,3
323,604,352,614,331,626,4,4,2
323,604,344,596,352,614,3,3,1
319,581,323,604,313,600,3,3,2
327,538,319,540,321,525,28,23,20
326,561,319,543,330,543,10,2,1
319,543,327,538,330,543,8,2,1
327,538,319,543,319,540,8,2,1
319,543,326,561,314,560,12,2,2
302,552,319,543,314,560,16,3,3
319,540,319,543,301,537,7,2,0
319,543,302,552,301,537,12,3,2
326,561,329,564,330,568,22,4,5
329,564,343,560,339,571,17,4,4
330,568,329,564,339,571,19,3,4
329,564,343,555,343,560,10,4,2
343,555,329,564,326,561,11,3,2
371,559,378,553,381,563,15,7,5
499,251,495,259,491,255,85,89,80
473,133,478,142,472,144,9,11,8
457,138,473,133,472,144,10,11,8
463,166,466,169,464,171,141,71,47
453,195,450,194,449,180,33,27,22
450,194,453,195,453,205,29,30,26
457,217,443,216,453,205,53,26,16
443,216,442,221,439,215,79,28,20
457,217,465,215,463,231,33,30,26
414,307,404,296,422,290,29,29,26
414,307,401,306,404,296,27,28,25
401,306,414,307,410,312,28,29,26
412,283,422,280,422,290,36,37,32
488,386,491,395,484,398,45,15,13
492,298,495,302,489,301,164,144,132
488,293,492,298,489,301,158,133,120
486,283,488,293,476,289,138,98,88
457,138,451,136,454,127,15,15,13
451,136,457,138,448,141,10,11,8
460,146,457,138,472,144,13,13,10
457,138,460,146,448,141,11,11,8
437,145,431,140,434,137,18,18,15
431,140,437,145,428,148,13,12,10
633,89,641,104,630,97,2,2,2
633,89,655,97,641,104,2,2,1
612,95,633,89,630,97,2,2,1
625,104,640,112,620,114,2,3,1
641,104,625,104,630,97,2,2,2
640,112,625,104,641,104,1,2,1
594,76,592,57,618,51,2,2,1
592,57,572,55,597,27,2,1,2
602,91,597,97,600,90,66,27,19
597,97,602,91,612,95,46,22,15
594,76,602,91,600,90,37,21,15
602,91,594,76,612,95,25,14,10
638,169,632,160,645,167,39,21,14
632,160,638,169,630,172,76,29,19
618,104,625,104,620,114,8,7,3
618,104,612,95,630,97,7,4,2
625,104,618,104,630,97,2,2,1
651,159,651,160,645,167,15,15,12
651,160,652,162,645,167,15,15,12
652,162,651,160,651,159,4,4,3
660,168,651,159,703,153,2,2,2
660,168,652,162,651,159,6,6,5
667,181,660,168,703,153,4,2,2
639,122,640,112,651,114,2,2,2
636,136,639,122,651,114,2,2,1
640,112,639,122,629,123,2,2,2
588,226,585,220,596,221,10,11,8
587,201,585,200,585,198,13,13,11
585,200,587,201,583,203,12,13,10
600,196,609,205,604,205,13,14,13
609,205,600,196,615,198,12,13,12
445,95,437,85,448,81,12,12,7
461,103,453,116,450,111,13,13,9
491,107,477,110,482,101,15,13,11
595,168,596,159,602,167,8,8,6
596,159,595,168,595,158,11,12,10
594,179,603,178,602,188,8,9,7
588,172,594,179,581,178,19,19,17
594,179,583,191,581,178,17,17,16
595,168,594,179,588,172,17,18,16
576,166,580,159,580,169,13,13,9
580,159,588,172,580,169,14,14,12
575,161,580,159,576,166,9,10,6
322,446,312,455,315,438,170,164,159
303,450,300,441,315,438,162,157,151
303,450,312,455,304,452,171,165,160
312,455,303,450,315,438,165,159,155
300,454,303,450,304,452,150,145,138
316,379,296,389,295,378,113,107,99
296,389,316,379,305,394,121,117,108
296,389,305,394,298,398,143,140,129
322,367,313,363,327,360,21,11,8
292,396,296,389,298,398,140,135,123
296,389,292,396,290,388,144,140,127
398,375,400,367,408,379,33,2,3
341,364,349,358,349,371,22,1,2
349,358,359,359,349,371,24,0,1
351,380,347,377,349,371,34,26,21
347,377,351,380,339,390,81,77,70
347,377,341,364,349,371,25,10,9
356,378,351,380,349,371,26,18,12
375,423,379,432,371,427,157,156,150
379,432,375,423,382,424,152,151,145
386,447,388,452,381,454,178,177,173
388,452,386,447,389,446,190,189,185
374,397,384,403,376,405,111,109,103
375,423,371,425,371,423,135,134,128
321,622,319,612,331,626,19,9,4
266,504,271,493,284,495,14,3,2
327,515,327,510,332,512,98,94,89
327,515,332,512,335,518,92,88,83
330,523,327,515,335,518,89,88,82
327,515,330,523,321,525,83,80,74
248,480,243,497,234,477,15,2,2
302,552,292,542,301,537,28,2,5
292,542,302,552,299,553,27,3,5
291,552,292,542,299,553,25,2,4
292,542,291,552,289,545,12,1,1
371,521,366,533,365,524,113,115,108
332,512,335,513,335,518,94,91,85
335,511,335,513,332,512,104,101,95
345,502,346,509,336,503,145,142,136
346,509,335,511,336,503,137,135,129
288,59,282,67,281,56,71,31,14
282,67,288,59,292,60,81,35,17
288,51,288,59,281,56,36,18,11
288,59,288,51,294,52,21,15,9
292,60,288,59,294,52,27,16,10
282,67,272,54,281,56,59,27,14
288,51,272,54,286,35,10,9,6
272,54,288,51,281,56,25,12,8
272,54,250,31,286,35,14,9,5
272,54,263,55,250,31,18,10,6
248,98,251,100,246,106,15,14,9
251,100,256,105,246,106,17,15,10
213,132,214,116,217,129,18,15,9
230,109,214,116,221,103,12,11,6
214,116,213,101,221,103,13,11,6
213,101,214,116,208,112,14,12,6
292,60,294,61,292,73,64,27,15
298,62,294,61,300,60,36,16,4
294,61,294,52,300,60,19,14,8
294,61,292,60,294,52,24,15,7
318,69,318,81,317,69,98,35,16
279,111,280,120,274,123,21,18,12
283,112,279,111,284,102,20,17,10
288,112,283,112,284,102,18,14,7
307,91,304,88,315,86,81,29,19
307,75,304,64,315,65,77,32,20
317,69,307,75,315,65,76,31,18
293,79,302,80,304,88,14,13,7
299,76,293,79,292,73,19,18,9
293,79,299,76,302,80,17,16,9
289,115,288,112,305,106,61,27,17
305,116,289,115,305,106,62,28,18
347,108,354,102,352,106,90,42,22
341,331,334,335,337,320,57,1,3
380,330,373,328,386,321,52,1,2
373,328,380,330,379,339,50,1,0
341,331,358,318,358,344,41,1,2
358,318,373,328,358,344,44,0,1
358,318,341,331,337,320,46,1,1
373,328,372,348,358,344,44,0,1
372,348,373,328,379,339,52,1,1
134,90,135,102,111,111,6,5,3
135,102,135,103,111,111,6,5,3
93,120,104,121,105,145,2,2,2
104,121,114,121,105,145,3,3,2
104,121,93,120,111,111,2,2,1
114,121,104,121,111,111,2,2,1
114,121,129,131,121,146,6,5,2
121,146,129,131,134,148,7,6,3
129,131,144,135,134,148,19,8,4
43,221,56,209,61,222,2,2,2
56,209,43,221,39,217,2,2,2
26,229,43,221,53,240,1,1,1
43,221,26,229,39,217,1,1,1
13,232,11,240,3,212,1,1,1
13,232,26,229,11,240,1,1,1
20,101,11,112,8,73,1,1,1
20,101,20,70,31,97,2,2,2
20,70,20,101,8,73,1,1,1
29,66,49,78,31,97,2,2,2
20,70,29,66,31,97,2,2,2
104,78,134,90,111,111,4,3,2
91,99,104,78,111,111,2,2,2
134,90,104,78,137,86,2,2,1
29,117,21,138,11,129,1,1,1
21,138,29,117,41,135,2,2,2
56,118,29,117,31,97,2,2,2
29,117,56,118,41,135,2,2,2
27,169,14,168,34,158,2,2,2
14,168,21,138,34,158,2,2,2
14,168,20,191,7,181,2,2,2
14,168,27,169,20,191,2,2,2
11,129,14,168,7,181,1,1,1
21,138,14,168,11,129,1,1,1
31,170,34,158,68,166,1,1,1
33,177,31,170,68,166,1,1,1
31,170,27,169,34,158,2,2,2
31,170,33,177,27,169,2,2,2
81,89,74,87,84,71,2,2,2
81,89,104,78,91,99,2,2,2
104,78,81,89,84,71,2,2,2
74,87,74,112,56,118,2,2,2
74,112,69,121,56,118,2,2,2
81,89,74,112,74,87,2,2,2
74,112,81,89,91,99,2,2,2
93,120,74,112,91,99,2,2,2
77,130,93,120,99,148,2,2,2
77,130,99,148,68,166,2,2,2
77,130,74,112,93,120,2,2,2
74,112,77,130,69,121,2,2,2
56,118,48,147,41,135,2,2,2
69,121,48,147,56,118,2,2,2
77,130,48,147,69,121,2,2,2
48,147,77,130,68,166,1,1,1
34,158,48,147,68,166,1,1,1
48,147,34,158,41,135,2,2,2
347,235,344,225,353,223,25,24,18
317,251,327,253,324,259,31,28,22
339,269,340,268,340,269,33,33,27
306,243,298,237,302,234,24,20,13
315,239,306,243,302,234,25,22,15
306,243,315,239,309,244,31,28,22
330,233,323,224,333,223,28,25,18
323,224,330,233,318,232,32,28,21
324,214,323,224,319,215,24,20,12
323,224,324,214,333,223,29,25,17
259,107,265,104,266,110,16,15,8
265,104,259,107,256,105,18,17,10
310,222,310,223,300,220,56,48,37
323,224,310,222,319,215,34,29,21
310,222,323,224,310,223,33,28,21
298,237,296,235,302,234,28,23,16
296,235,296,229,302,234,46,42,33
296,235,298,237,295,237,28,22,14
286,225,289,227,286,231,38,35,24
289,227,286,225,286,219,54,46,32
220,174,213,185,209,185,32,27,17
216,186,213,185,220,174,34,28,18
218,148,210,165,203,164,23,20,12
226,144,218,148,213,132,20,17,10
218,148,201,141,213,132,19,16,9
131,187,115,182,124,171,5,5,2
115,182,131,187,121,203,8,5,2
204,185,210,165,209,185,27,23,13
197,170,204,185,192,180,27,21,12
210,165,197,170,203,164,26,23,13
204,185,197,170,210,165,27,22,12
180,166,187,176,176,179,27,23,14
187,176,197,170,192,180,30,24,16
197,170,187,176,180,166,26,21,13
197,170,184,157,203,164,23,19,11
184,157,197,170,180,166,24,20,12
201,141,203,131,213,132,18,15,8
203,131,214,116,213,132,16,14,8
242,197,248,195,248,196,81,66,46
248,195,242,197,241,190,83,68,48
241,190,242,197,234,191,83,69,50
293,236,284,239,286,231,43,37,27
293,236,296,235,295,237,43,38,28
296,235,293,236,296,229,46,41,31
289,227,293,236,286,231,40,35,24
293,236,289,227,296,229,41,35,24
56,238,65,249,53,240,1,1,1
56,238,43,221,61,222,1,1,1
43,221,56,238,53,240,1,1,1
70,229,56,238,61,222,2,2,2
56,238,70,229,65,249,2,1,1
70,229,61,222,69,198,2,2,2
112,261,105,268,97,259,3,4,0
138,264,136,273,124,263,52,30,20
89,192,100,207,69,198,3,2,1
105,193,89,192,90,185,3,3,2
68,269,82,266,66,274,2,2,1
82,266,92,292,66,274,6,5,3
92,292,82,266,87,267,12,11,6
79,298,64,295,66,274,1,1,1
92,292,79,298,66,274,4,4,2
64,295,79,298,74,318,2,2,2
88,262,88,257,89,257,20,18,10
88,262,89,257,97,259,19,16,11
227,28,223,25,225,21,69,39,29
228,51,229,52,222,50,36,14,7
226,63,214,60,222,50,47,18,8
229,52,226,63,222,50,46,20,9
214,60,226,63,224,76,13,10,5
248,57,249,52,257,53,75,27,15
231,59,246,65,229,66,23,14,7
231,59,237,56,246,65,37,18,9
237,56,231,59,234,54,64,25,11
231,59,229,52,234,54,61,24,10
231,59,226,63,229,52,50,22,11
238,13,203,9,253,0,10,5,4
238,13,227,18,203,9,10,4,3
227,18,238,13,231,17,39,13,11
193,84,213,101,193,102,10,8,4
213,101,193,84,218,95,10,8,4
200,60,193,84,194,62,16,11,6
218,95,193,84,224,76,10,8,4
193,84,214,60,224,76,13,10,5
214,60,193,84,200,60,14,11,5
184,48,156,24,192,37,4,3,2
184,48,183,49,156,24,2,2,2
183,49,184,48,187,53,71,34,20
203,34,198,37,192,37,15,6,3
207,41,198,37,203,34,61,31,23
198,37,207,41,196,42,68,34,27
207,41,195,50,196,42,52,31,24
257,9,258,5,259,11,71,30,25
257,9,249,14,253,0,44,19,14
258,5,257,9,253,0,44,19,15
264,8,276,8,278,10,20,11,6
276,8,264,8,272,2,54,23,18
276,8,272,2,274,2,43,20,16
279,7,276,8,274,2,36,19,14
276,8,279,7,278,10,14,12,7
319,105,307,91,315,86,39,22,15
339,96,347,108,339,107,58,30,17
347,108,339,96,354,102,73,35,20
356,97,339,96,342,88,62,30,19
354,102,339,96,356,97,84,38,22
327,87,319,105,315,86,23,17,11
319,105,327,87,330,91,25,17,11
313,36,310,39,312,28,11,11,7
317,32,313,36,312,28,12,13,8
313,36,317,32,321,33,16,16,11
314,47,313,36,321,33,19,18,12
313,36,314,47,310,39,18,17,12
91,29,72,4,101,4,2,2,2
100,33,107,25,107,52,2,2,2
100,33,91,29,107,25,2,2,2
407,114,397,114,403,109,13,14,9
397,114,407,114,406,122,10,12,6
406,122,417,126,404,127,14,15,10
366,110,363,119,361,115,108,40,26
371,113,363,119,366,110,102,39,22
366,125,363,119,371,113,96,38,21
363,119,366,125,358,126,33,20,14
366,125,379,121,374,130,85,36,20
390,124,379,121,382,109,19,14,8
344,142,356,140,354,145,20,18,11
446,59,449,64,443,62,13,12,8
449,64,443,63,443,62,12,10,7
443,63,449,64,444,66,11,9,5
436,53,430,64,422,59,10,8,6
426,79,430,64,430,78,11,11,8
321,63,316,53,332,57,20,13,8
304,64,314,55,315,65,19,15,7
314,55,321,63,315,65,13,11,5
321,63,314,55,316,53,13,12,6
312,48,314,55,309,50,15,11,6
316,53,314,55,312,48,15,12,7
340,45,338,54,332,57,23,14,7
346,50,338,54,340,45,34,16,11
338,54,346,50,343,58,78,39,32
339,96,339,90,342,88,105,47,28
361,80,368,89,363,95,17,15,11
368,89,373,101,363,95,15,13,9
356,97,352,86,363,95,17,14,10
352,86,361,80,363,95,14,14,9
352,86,356,97,342,88,47,24,15
340,81,352,86,342,88,15,12,8
367,68,360,59,362,55,12,10,6
362,55,360,59,359,52,15,11,7
358,72,340,81,354,65,13,10,6
358,72,352,86,340,81,13,11,7
383,84,374,76,380,69,12,10,6
395,27,395,30,390,28,97,45,35
395,27,386,7,400,24,25,18,11
386,7,395,27,390,28,24,18,12
397,32,395,27,400,24,88,40,30
395,30,395,27,397,32,110,56,45
417,61,417,66,402,63,10,9,5
402,49,417,61,402,63,10,10,5
408,44,417,61,402,49,10,10,5
421,50,436,53,422,59,12,10,7
421,50,417,61,408,44,10,10,5
417,66,416,69,407,71,9,9,5
390,87,381,88,383,84,14,13,9
390,87,383,84,396,81,14,13,9
390,87,398,90,392,92,7,7,3
398,90,390,87,396,81,9,7,3
396,42,396,51,392,47,12,11,8
396,51,396,42,402,49,13,13,9
396,51,392,55,392,47,10,9,5
396,51,394,56,392,55,7,7,3
396,51,402,49,397,57,10,9,5
394,56,396,51,397,57,6,5,1
393,39,392,47,385,35,25,18,11
393,39,396,42,392,47,13,11,9
394,34,393,39,385,35,50,29,19
396,42,393,39,394,34,22,16,9
471,7,471,6,475,6,5,5,5
475,6,471,6,484,4,2,2,2
471,6,457,2,484,4,4,4,3
457,2,471,6,464,7,6,6,5
471,6,471,7,464,7,10,8,9
490,23,507,22,495,28,66,34,24
490,23,488,19,493,10,25,15,11
507,22,490,23,493,10,16,10,7
477,18,481,26,477,25,70,36,26
488,19,481,26,477,18,68,34,25
490,23,481,26,488,19,69,35,25
481,26,480,37,477,25,19,15,8
425,17,426,14,434,16,79,21,7
425,19,425,17,434,16,106,31,16
426,14,425,17,417,18,42,17,5
425,17,425,19,417,18,67,19,8
421,50,433,43,436,53,12,11,6
474,67,485,64,485,65,15,10,7
485,64,474,67,484,57,31,14,7
486,72,488,82,473,86,14,13,8
488,82,475,88,473,86,16,15,12
495,96,504,84,509,99,35,16,10
635,25,634,24,635,20,2,2,2
611,15,634,24,613,27,2,2,2
634,24,611,15,635,20,2,2,2
610,32,627,42,618,51,2,2,2
627,42,610,32,613,27,2,2,2
634,24,627,42,613,27,2,2,2
627,42,634,24,635,25,2,2,2
540,43,537,44,540,39,65,31,25
537,44,540,43,545,49,47,23,15
542,38,540,43,540,39,52,24,18
540,43,542,38,545,49,48,22,16
548,51,537,67,545,49,10,8,5
548,51,553,53,537,67,11,8,6
499,40,492,35,495,28,23,16,11
505,28,499,40,495,28,27,17,11
538,34,534,42,525,35,55,27,19
534,42,519,47,525,35,34,18,12
537,44,534,42,540,39,65,30,25
534,42,538,34,540,39,44,21,15
534,42,537,44,525,55,13,9,6
519,47,534,42,525,55,9,8,5
719,215,679,221,683,202,1,2,1
679,222,679,221,719,215,2,2,1
686,111,706,101,710,133,2,2,2
703,153,686,111,710,133,2,2,2
393,903,382,901,383,895,66,25,19
382,901,382,911,376,911,14,9,6
383,895,382,901,374,888,53,23,14
382,901,376,911,363,908,12,11,8
382,911,392,904,392,912,16,6,4
392,904,396,906,392,912,26,10,2
396,906,392,904,393,903,54,19,9
392,904,382,901,393,903,49,13,13
382,901,392,904,382,911,27,8,7
331,950,341,938,338,951,35,22,17
328,956,331,950,338,951,80,32,22
326,949,331,950,328,956,78,33,23
344,948,349,952,338,951,60,27,17
349,952,358,945,356,959,64,32,20
358,945,367,948,356,959,67,36,26
358,945,365,944,367,948,35,30,24
358,945,357,939,365,941,20,17,13
365,944,358,945,365,941,22,20,16
441,954,431,952,442,946,72,44,36
441,954,450,953,442,958,78,36,28
441,954,442,946,450,953,79,44,36
430,948,424,945,434,940,33,34,29
430,948,434,940,442,946,31,29,24
431,952,430,948,442,946,65,43,35
430,948,431,952,425,952,65,49,38
424,945,430,948,425,952,57,49,40
422,941,419,943,421,939,100,99,94
419,943,422,941,422,942,92,91,86
422,941,428,935,424,945,53,56,51
422,942,422,941,424,945,61,63,57
368,946,377,949,367,948,65,57,49
368,946,371,943,377,949,63,58,51
365,944,368,946,367,948,45,41,34
371,943,368,946,365,944,46,45,41
371,943,371,940,373,942,45,46,42
371,940,373,937,373,942,29,30,25
371,940,371,943,365,941,32,31,28
419,934,422,936,421,939,108,107,103
422,936,419,934,426,932,77,76,72
428,935,422,936,426,932,59,59,55
422,936,422,941,421,939,101,101,97
422,941,422,936,428,935,60,62,57
411,923,420,927,410,928,14,6,3
420,927,431,924,426,932,26,25,21
277,884,275,895,263,898,43,24,16
277,884,264,872,277,883,43,22,14
277,884,263,898,264,872,43,24,15
274,909,275,895,286,906,72,29,17
278,912,274,909,286,906,76,37,29
274,909,269,914,269,913,92,56,46
274,909,278,912,269,914,92,55,45
275,895,274,909,263,898,28,19,8
290,892,297,899,286,906,87,44,33
298,904,297,899,298,900,98,58,46
297,899,305,896,298,900,55,35,30
331,950,335,935,341,938,30,20,15
335,935,326,949,322,934,32,25,18
335,935,331,950,326,949,34,25,19
314,917,311,910,317,903,70,33,25
314,917,324,923,310,924,56,30,21
301,911,314,917,310,924,49,31,25
311,910,314,917,301,911,65,34,26
243,809,254,815,240,826,32,7,2
248,802,243,809,240,807,30,6,3
240,785,237,790,233,781,25,12,7
237,790,240,785,246,786,23,8,5
230,782,237,790,227,789,24,11,6
237,790,230,782,233,781,25,11,6
289,874,281,866,295,870,19,11,3
289,874,287,877,281,866,14,11,3
289,874,301,882,287,877,59,17,8
298,856,295,853,299,850,49,18,9
295,853,296,845,299,850,49,18,8
295,853,296,860,282,855,17,8,4
295,853,298,856,296,860,38,14,7
305,896,307,897,304,901,29,17,15
315,902,307,897,326,892,12,10,7
311,910,312,905,317,903,61,31,25
312,905,315,902,317,903,32,18,15
312,905,311,910,304,901,70,36,28
307,897,312,905,304,901,42,22,17
312,905,307,897,315,902,32,17,13
243,864,229,869,230,863,42,26,18
243,864,244,868,229,869,39,25,18
243,864,230,863,227,853,62,28,14
248,849,243,864,227,853,60,26,13
243,864,248,849,251,850,50,22,12
248,844,253,834,251,850,20,6,1
248,849,248,844,251,850,22,7,3
241,837,239,832,246,839,46,12,5
239,832,253,834,246,839,38,10,3
253,834,239,832,240,826,36,8,2
259,749,259,752,244,747,43,26,14
366,880,369,875,368,885,25,19,13
365,881,366,880,368,885,28,16,10
369,875,366,880,359,874,20,18,12
366,880,358,879,359,874,18,14,8
358,879,366,880,365,881,22,11,6
359,883,364,882,368,885,37,19,11
364,882,365,881,368,885,31,17,11
358,879,364,882,359,883,29,14,7
364,882,358,879,365,881,25,13,7
323,878,325,879,326,892,11,9,5
307,897,323,878,326,892,9,10,6
349,884,340,872,349,873,43,16,10
340,872,333,881,333,878,49,21,11
340,872,349,884,333,881,43,17,10
342,855,333,854,339,850,50,50,44
333,913,336,898,347,901,11,11,8
349,914,333,913,347,901,11,11,8
330,916,333,913,333,915,46,23,18
354,899,359,900,360,907,13,13,10
359,900,354,899,359,894,12,11,6
360,907,359,900,363,908,14,14,9
359,900,359,894,374,888,37,14,7
359,900,382,901,363,908,14,11,8
382,901,359,900,374,888,41,17,10
352,922,355,924,354,928,29,17,7
352,922,350,920,349,914,12,11,8
352,922,349,914,360,907,11,11,7
367,914,352,922,360,907,11,11,7
352,922,367,914,355,924,12,11,7
453,937,442,946,439,935,26,25,20
453,937,454,938,442,946,28,26,20
454,938,466,930,464,943,39,39,33
477,923,466,930,469,924,34,36,29
472,944,466,930,477,923,40,35,28
464,943,468,955,462,957,63,33,27
468,955,472,952,476,954,33,12,9
699,899,699,917,695,900,2,2,1
689,926,677,938,678,922,2,2,2
649,940,640,929,643,924,2,2,2
649,940,666,950,638,952,1,1,1
636,929,649,940,638,952,1,1,1
640,929,649,940,636,929,2,2,2
614,929,607,944,600,937,2,2,1
607,944,614,929,613,953,2,2,1
607,944,586,944,600,937,6,6,4
586,944,607,944,613,953,8,9,7
604,903,607,908,600,911,2,2,1
725,673,714,653,727,649,3,4,1
714,653,725,673,700,658,3,4,1
694,646,714,653,700,658,3,4,1
714,653,700,627,727,649,2,3,0
714,653,694,646,700,627,2,3,0
725,673,694,670,700,658,3,3,1
694,670,693,708,688,676,2,3,1
693,708,694,670,725,673,2,3,1
653,812,673,835,650,830,2,2,2
653,812,670,802,673,835,2,2,2
623,815,636,825,620,828,3,3,1
634,897,632,914,625,914,2,2,2
632,914,634,897,650,917,2,2,2
616,852,623,845,648,862,2,2,2
643,838,668,862,648,862,2,2,2
623,845,643,838,648,862,2,2,2
673,835,643,838,650,830,2,2,2
668,862,643,838,673,835,2,2,2
643,838,636,825,650,830,2,2,2
403,896,399,898,402,887,38,25,16
407,894,403,896,402,887,44,26,20
434,908,432,901,446,907,86,59,50
429,898,432,901,428,899,43,36,29
417,909,423,913,417,915,52,28,23
465,920,470,917,469,924,17,18,14
443,922,450,914,453,926,39,36,31
437,916,443,922,431,924,13,9,6
514,953,556,952,492,958,31,32,26
585,942,572,941,584,940,31,32,28
585,942,586,944,572,941,31,32,28
533,927,546,936,533,930,8,8,5
521,921,533,927,533,930,12,9,5
583,934,593,935,584,940,12,13,10
593,935,585,942,584,940,12,13,10
586,944,593,935,600,937,7,8,5
585,942,593,935,586,944,12,13,10
550,939,556,952,533,945,30,31,26
546,936,550,939,533,945,20,21,16
556,952,550,939,559,932,28,29,26
169,949,161,951,159,939,12,10,6
161,951,169,949,173,956,12,10,6
173,932,169,949,159,939,12,10,6
169,949,173,932,175,947,12,10,6
175,947,173,932,183,938,13,12,7
183,938,173,932,183,930,16,14,7
135,942,132,952,106,933,2,3,1
161,951,145,940,159,939,12,10,6
145,940,143,935,159,939,12,10,6
145,940,161,951,132,952,10,10,5
135,942,145,940,132,952,9,9,4
150,921,165,923,159,939,14,12,7
165,923,173,932,159,939,16,14,8
150,921,141,928,142,920,9,9,4
141,928,150,921,143,935,10,9,4
142,920,141,928,106,933,2,3,2
94,913,115,899,106,933,2,2,1
95,932,94,913,106,933,2,2,1
94,913,95,932,89,925,2,2,1
115,899,94,913,86,904,2,2,2
134,867,151,853,150,873,2,3,1
151,853,134,867,133,863,2,3,2
71,852,80,818,89,855,2,2,2
80,818,71,852,53,841,2,2,1
64,866,24,890,41,851,2,3,1
17,900,24,890,59,933,2,3,1
41,851,24,890,19,853,2,3,1
24,890,2,870,19,853,2,3,0
2,870,24,890,2,883,2,3,1
2,883,24,890,6,896,2,2,2
24,890,17,900,6,896,2,2,2
82,925,83,944,61,938,2,3,0
82,925,61,938,59,933,2,3,0
95,932,82,925,89,925,2,3,1
83,944,82,925,95,932,2,3,0
70,890,82,925,59,933,2,3,1
82,925,70,890,86,904,2,2,1
94,913,82,925,86,904,2,2,2
82,925,94,913,89,925,2,2,2
132,849,151,853,133,863,3,3,2
128,850,132,849,133,863,3,3,1
151,853,132,849,148,839,3,3,3
132,849,128,846,148,839,3,3,3
132,849,128,850,128,846,3,3,3
310,956,294,956,305,946,70,33,20
294,956,310,957,287,959,36,25,17
294,956,310,956,310,957,49,30,21
313,949,320,954,314,955,77,31,18
310,956,313,949,314,955,78,34,22
314,947,318,941,326,949,45,31,23
320,954,314,947,326,949,73,32,21
313,949,314,947,320,954,73,31,19
318,941,314,947,306,943,39,28,20
294,908,298,904,301,911,73,44,32
294,908,301,911,293,920,41,32,27
286,907,294,908,293,920,40,32,26
294,908,286,907,286,906,63,32,24
297,899,294,908,286,906,86,47,35
294,908,297,899,298,904,91,55,42
275,923,275,927,271,922,63,40,29
275,923,277,920,275,927,48,33,21
252,918,264,919,252,930,58,29,22
264,919,268,925,268,926,101,48,40
264,919,268,926,252,930,68,34,26
264,919,252,918,252,914,41,30,24
268,925,264,919,271,922,100,52,44
264,919,269,914,271,922,102,60,51
269,914,264,919,269,913,93,58,48
252,913,264,919,252,914,39,30,23
264,919,252,913,269,913,56,39,31
262,948,259,943,265,944,50,30,22
255,952,262,948,268,958,27,21,10
262,948,273,950,268,958,16,14,5
273,950,262,948,265,944,38,21,14
258,945,250,946,259,943,74,34,24
262,948,258,945,259,943,57,31,23
258,945,262,948,255,952,47,26,16
259,943,266,942,265,944,60,36,24
263,937,266,942,259,943,66,37,24
266,942,273,950,265,944,42,21,14
171,906,180,902,188,909,9,6,3
180,902,181,892,185,893,26,9,4
181,892,180,902,178,891,12,4,1
180,902,171,906,178,891,5,4,1
180,902,185,893,191,905,36,15,9
188,909,180,902,191,905,15,7,4
178,891,160,898,172,885,5,4,1
171,906,160,898,178,891,5,5,2
160,898,168,880,172,885,4,4,1
204,900,203,908,198,901,64,29,22
205,890,204,900,198,901,67,28,19
204,900,205,890,211,896,44,25,19
204,900,211,896,213,904,57,28,22
203,908,204,900,213,904,65,30,24
209,914,203,908,213,904,59,30,20
209,914,212,919,204,922,30,20,11
212,919,209,914,216,920,52,26,19
209,914,217,907,216,920,58,28,19
195,908,193,903,198,901,42,18,12
203,908,195,908,198,901,55,25,18
193,903,195,908,191,905,28,11,7
169,827,166,825,167,821,25,14,5
166,827,166,825,169,827,22,13,3
261,578,260,576,273,562,3,4,2
253,555,251,540,258,547,26,8,5
251,540,253,555,243,551,27,10,6
259,570,255,557,273,562,4,4,1
255,557,259,570,255,572,7,5,2
260,576,259,570,273,562,3,4,2
259,570,260,576,255,572,8,8,4
259,550,253,555,258,547,38,10,7
253,555,259,550,255,557,37,8,5
259,550,267,547,273,562,4,3,1
255,557,259,550,273,562,8,4,1
204,577,228,573,227,577,13,3,2
227,563,228,573,204,577,14,3,2
228,573,239,574,227,577,40,11,6
240,579,239,574,255,572,10,6,4
223,548,225,555,220,553,42,16,10
225,555,239,542,243,551,14,8,3
225,555,223,548,239,542,14,8,4
221,546,223,548,220,547,42,19,14
239,542,237,540,251,540,4,5,4
224,505,243,497,245,502,4,2,1
208,533,208,521,227,531,13,10,6
208,521,198,513,207,515,18,8,6
201,496,213,494,213,501,18,16,12
202,508,213,501,207,515,19,14,10
198,513,202,508,207,515,17,8,5
202,508,201,496,213,501,22,18,14
179,552,190,544,187,556,4,2,2
55,384,71,418,37,440,1,1,1
81,397,71,418,55,384,1,1,1
71,418,46,449,37,440,1,1,1
46,449,71,418,51,452,1,1,1
71,418,81,397,98,406,1,1,1
299,536,305,528,301,537,7,1,0
299,536,291,532,305,528,8,2,0
291,532,287,527,305,528,8,2,0
287,527,282,524,282,521,14,1,1
247,597,241,594,250,593,36,13,9
236,591,241,594,227,604,8,3,2
225,590,228,588,236,591,12,6,4
302,555,302,552,314,560,20,2,4
302,552,302,555,299,553,12,1,0
281,581,261,578,273,562,3,3,2
261,578,281,581,274,587,5,5,3
281,581,284,591,274,587,5,5,4
284,599,283,601,274,587,5,5,3
284,591,284,599,274,587,5,5,3
304,598,284,599,302,595,14,7,3
284,599,304,598,284,608,8,7,3
160,525,158,524,164,502,10,3,2
158,524,156,504,164,502,11,3,2
176,468,144,481,152,465,2,2,1
82,485,98,504,72,510,1,1,1
82,485,49,454,51,452,1,1,1
82,485,72,510,38,507,1,1,1
49,454,82,485,38,507,1,1,1
98,504,82,485,120,485,2,1,1
98,504,120,524,89,526,1,1,1
120,524,95,544,89,526,1,1,1
111,551,120,524,127,543,1,1,1
95,544,120,524,111,551,1,1,1
153,698,136,690,145,688,1,1,1
126,747,118,749,115,719,1,1,1
210,776,206,785,195,776,30,8,3
258,623,261,621,260,625,25,9,2
279,613,261,621,261,620,3,3,1
268,670,267,682,262,680,6,4,2
273,667,268,670,273,666,21,4,4
277,677,268,670,273,667,28,7,5
267,682,268,670,277,677,18,5,2
268,670,268,656,273,666,37,9,5
268,670,254,669,268,656,6,3,2
254,669,249,668,246,663,13,5,2
230,632,214,635,228,618,28,5,3
252,630,259,643,237,646,8,4,2
259,643,250,656,237,646,4,3,1
280,612,279,613,277,611,2,3,0
280,612,283,606,284,608,4,4,2
283,606,280,612,277,611,3,4,1
269,640,289,622,290,625,3,3,2
280,612,289,622,279,613,2,3,2
290,625,293,617,312,625,7,4,2
289,622,293,617,290,625,3,4,2
306,607,304,598,313,600,63,20,8
236,697,226,692,237,694,30,18,11
236,697,228,704,226,692,41,29,19
228,704,216,699,226,692,38,29,19
216,699,207,706,209,698,15,8,2
207,706,216,699,227,710,20,13,6
216,699,228,704,227,710,26,18,10
241,724,248,723,246,733,25,10,2
227,710,230,727,219,731,16,10,5
239,655,237,652,237,646,14,4,1
242,658,250,656,246,663,10,4,2
242,658,239,655,250,656,8,4,1
224,683,238,688,226,692,22,11,4
238,688,224,683,230,677,23,11,4
183,634,181,630,188,626,19,12,3
181,630,183,634,179,629,6,5,0
181,630,185,621,188,626,32,23,11
185,621,181,630,179,629,18,13,4
185,651,171,641,185,646,2,2,2
185,651,202,649,195,658,23,9,4
218,599,204,602,201,595,6,3,1
204,602,193,600,201,595,15,4,3
193,600,204,602,190,612,15,5,3
214,642,217,642,211,653,29,21,12
214,635,214,642,210,637,12,5,3
217,642,214,642,214,635,11,1,0
204,602,202,617,190,612,18,9,6
202,617,211,611,208,616,18,6,5
202,617,204,602,211,611,13,4,3
197,636,201,629,210,637,41,31,20
201,629,192,629,198,625,60,47,30
185,621,197,624,188,626,60,47,32
197,624,192,629,188,626,65,50,35
192,629,197,624,198,625,65,52,35
197,624,185,621,190,612,54,42,28
202,617,197,624,190,612,34,26,16
197,624,202,617,198,625,17,15,6
214,642,204,647,210,637,40,29,22
219,605,215,615,211,611,7,3,0
219,605,204,602,218,599,5,2,0
204,602,219,605,211,611,8,3,0
219,605,218,599,227,604,28,6,2
219,605,227,604,228,618,29,6,3
215,615,219,605,228,618,23,5,2
182,592,181,580,193,581,14,3,2
182,592,193,600,181,598,19,9,4
193,600,182,592,193,581,15,5,3
179,608,177,601,181,598,52,34,19
175,606,177,601,179,608,45,28,14
117,591,136,607,104,601,1,1,1
117,591,104,601,100,597,1,1,1
117,591,85,575,111,555,1,1,1
85,575,117,591,100,597,1,1,1
31,354,18,345,29,340,1,1,1
31,354,25,366,18,345,1,1,1
53,357,65,338,71,343,1,1,1
65,338,53,357,29,340,1,1,1
53,357,31,354,29,340,1,1,1
25,366,53,357,55,384,1,1,1
31,354,53,357,25,366,1,1,1
104,319,92,334,74,318,2,2,1
55,312,43,292,52,294,1,1,1
43,292,55,312,33,292,1,1,1
43,292,41,282,52,294,1,1,1
41,282,43,292,34,286,1,1,1
43,292,33,292,34,286,1,1,1
30,626,16,613,40,611,1,1,1
46,665,65,655,61,665,2,2,2
46,665,61,665,45,675,2,2,2
31,666,46,665,45,675,2,2,2
16,613,2,632,2,578,1,1,1
2,632,1,643,2,578,1,1,1
11,669,31,666,25,690,1,1,1
11,669,25,690,5,737,1,1,1
211,896,206,889,214,882,33,22,14
205,890,206,889,211,896,33,23,16
214,882,206,889,204,883,40,22,14
206,889,205,890,204,883,52,25,18
229,910,231,901,237,902,28,29,24
217,907,231,901,229,910,26,22,13
231,901,217,907,215,899,24,20,13
225,888,211,896,214,882,18,17,10
225,888,215,899,211,896,19,19,12
225,888,231,901,215,899,16,16,11
225,888,214,882,218,878,19,16,8
238,916,239,905,245,915,57,59,54
238,916,245,915,241,924,32,31,25
236,917,238,916,241,924,33,30,24
238,916,232,912,239,905,51,52,48
232,912,238,916,236,917,51,51,47
173,816,166,810,176,813,35,13,4
173,816,173,819,167,821,33,16,7
166,810,173,816,167,821,32,14,6
186,779,178,784,178,777,26,9,2
178,784,168,786,178,777,18,4,1
168,786,159,780,175,773,21,5,1
159,780,173,770,175,773,22,4,1
192,868,189,852,202,864,40,34,24
189,852,192,868,184,865,63,51,39
197,877,192,868,202,864,44,33,21
192,868,197,877,187,881,47,33,20
189,852,188,849,189,846,39,35,27
188,849,183,843,189,846,32,27,19
183,843,188,849,181,844,33,27,20
207,856,212,866,202,864,16,16,7
202,849,207,856,202,864,14,16,7
208,854,207,856,202,849,13,15,8
207,856,220,858,212,866,28,17,9
220,858,207,856,208,854,20,18,11
229,869,229,862,230,863,62,31,20
220,858,229,862,229,869,63,30,18
229,862,220,858,226,855,56,28,17
230,863,229,862,227,853,69,31,20
229,862,226,855,227,853,65,30,20
184,814,182,815,176,813,47,22,7
182,815,181,817,176,813,44,21,8
216,812,225,825,202,823,40,20,10
216,812,202,823,213,811,48,23,12
216,812,220,813,225,820,18,12,5
225,825,216,812,225,820,28,15,6
218,809,216,812,213,811,19,9,2
220,813,216,812,218,809,10,7,1
243,809,240,810,240,807,9,4,4
240,810,243,809,240,826,14,4,4
232,818,240,810,240,826,6,5,3
227,824,225,825,225,820,21,12,5
232,818,227,824,225,820,12,7,3
227,824,232,818,240,826,8,6,2
239,832,227,824,240,826,20,9,2
220,813,229,816,225,820,11,8,2
229,816,232,818,225,820,9,5,2
234,800,229,816,218,809,4,5,1
229,816,220,813,218,809,5,6,1
229,816,240,810,232,818,5,4,3
229,816,234,800,240,807,5,5,2
240,810,229,816,240,807,4,5,3
210,808,206,802,210,805,30,14,9
206,802,210,808,202,823,47,22,12
202,823,210,808,213,811,49,23,12
210,808,213,804,213,811,26,11,5
213,804,210,808,210,805,18,8,5
189,798,206,802,186,807,63,24,11
206,802,189,798,204,795,55,18,8
209,801,204,795,206,792,9,4,0
209,801,206,802,204,795,12,5,1
225,788,209,801,206,792,5,4,1
213,804,209,801,225,788,5,4,1
209,801,213,804,210,805,11,5,3
206,802,209,801,210,805,21,10,7
175,835,175,828,185,821,25,18,10
174,831,175,828,175,835,23,9,5
173,819,175,828,169,827,28,14,4
175,828,174,831,169,827,22,9,5
210,876,207,871,212,866,53,23,12
212,866,207,871,202,864,32,18,7
207,871,197,877,202,864,44,27,15
197,877,207,871,206,875,59,30,17
216,879,210,876,218,878,55,22,16
210,876,216,879,214,881,54,23,15
214,882,216,879,218,878,30,17,8
214,881,216,879,214,882,32,17,7
161,855,161,860,157,863,19,4,0
165,860,161,860,161,855,39,12,5
350,856,346,859,346,857,90,92,84
351,865,346,859,350,856,66,68,60
346,859,342,855,346,857,78,79,73
345,869,346,859,351,865,41,43,34
349,873,349,870,359,874,15,16,10
349,870,351,865,359,874,26,28,21
345,869,349,870,349,873,13,9,5
349,870,345,869,351,865,20,23,14
337,840,336,832,341,830,18,11,5
315,809,318,817,311,819,31,7,3
318,817,315,809,321,810,32,5,1
304,846,317,843,309,857,58,14,4
304,846,305,858,299,850,58,17,7
305,858,304,846,309,857,68,16,6
296,845,304,846,299,850,46,16,6
333,854,323,847,333,849,13,15,10
258,830,254,827,255,825,11,3,0
254,827,258,830,253,834,11,3,1
254,827,253,834,240,826,35,8,2
260,829,256,823,267,818,27,8,2
256,823,260,829,255,825,12,4,0
282,852,282,848,287,847,23,7,0
282,852,295,853,282,855,22,9,4
295,853,282,852,287,847,35,12,4
344,754,351,761,328,760,21,7,4
351,761,327,786,328,760,4,4,1
326,802,337,796,342,813,32,7,3
335,818,326,802,342,813,33,9,4
337,796,345,797,344,812,28,8,3
273,762,285,755,275,765,21,14,4
299,808,296,811,293,807,11,5,1
318,803,326,802,321,810,14,6,0
309,763,298,764,306,758,12,3,0
309,794,303,798,298,782,17,12,5
303,798,293,799,298,782,17,9,4
293,799,303,798,301,801,22,4,3
273,811,267,818,258,813,31,10,4
264,797,273,811,258,813,16,6,1
273,811,293,799,293,807,6,3,0
293,799,288,785,298,782,20,8,4
284,767,281,774,275,765,45,30,16
281,774,279,776,275,765,49,30,16
285,775,281,774,284,767,48,39,25
279,776,281,774,285,775,69,52,35
292,843,294,844,287,847,52,17,7
294,844,295,853,287,847,45,15,6
295,853,294,844,296,845,49,19,8
289,836,286,828,293,837,14,6,2
289,836,279,833,286,828,29,10,5
289,836,292,843,287,847,43,15,7
282,848,289,836,287,847,43,15,9
279,833,289,836,282,848,39,14,8
317,697,328,703,325,707,38,10,4
328,703,331,717,325,707,3,5,2
300,703,292,708,296,695,34,12,4
292,708,301,711,292,709,69,16,7
292,708,300,703,301,711,56,14,6
276,702,282,710,276,715,15,5,2
317,697,311,704,314,694,44,10,3
290,692,292,687,296,695,15,7,3
312,717,322,723,314,736,33,12,5
383,866,368,860,384,859,70,70,64
368,860,369,875,365,862,55,55,51
403,564,412,579,400,579,7,1,0
408,586,412,579,418,581,35,5,6
412,579,408,586,400,579,30,3,5
375,586,376,602,368,586,2,1,0
376,602,375,586,385,590,3,2,1
403,564,395,577,392,565,7,1,0
395,577,403,564,400,579,8,1,0
349,658,344,626,358,628,4,4,2
373,642,358,628,378,632,5,4,2
373,642,372,643,358,628,4,4,2
686,252,687,255,672,251,24,18,14
680,247,686,252,672,251,29,17,13
714,258,686,252,682,242,3,2,1
687,255,686,252,714,258,2,2,1
676,225,668,227,672,220,48,25,19
679,221,676,225,672,220,17,9,4
676,225,679,221,679,222,9,6,3
694,646,690,639,700,627,2,3,0
693,708,662,702,688,676,2,3,1
687,578,692,577,698,584,2,3,0
635,533,635,526,643,531,24,23,20
635,526,635,533,631,532,35,33,29
636,525,630,518,637,520,27,21,17
636,525,635,526,630,518,26,21,16
636,525,637,520,645,530,22,20,16
636,525,645,530,643,531,23,22,19
635,526,636,525,643,531,27,26,22
659,642,649,643,654,634,57,18,7
664,642,659,642,654,634,43,15,7
703,613,677,608,677,602,3,4,1
677,608,703,613,686,621,2,4,1
666,614,675,617,669,627,24,10,5
693,626,703,613,700,627,2,4,0
703,613,693,626,686,621,3,3,0
690,639,693,626,700,627,2,3,0
693,626,690,639,686,621,2,3,0
687,500,679,501,681,494,19,17,13
679,501,687,500,686,502,8,4,1
687,500,695,501,686,502,5,3,0
687,500,694,497,695,501,6,4,1
694,485,695,491,681,494,86,87,80
695,491,687,500,681,494,32,31,26
687,500,695,491,694,497,24,23,19
694,497,695,491,697,492,8,8,5
695,491,694,485,699,487,16,17,13
697,492,695,491,699,487,9,10,7
675,522,678,519,679,521,10,0,1
677,508,678,519,675,522,10,1,1
678,519,692,515,679,521,7,2,1
666,476,676,478,671,488,148,150,143
697,448,703,463,698,467,73,72,66
692,446,697,448,698,467,154,154,144
666,476,653,475,655,471,107,98,92
619,523,619,519,622,517,101,46,32
644,505,646,499,650,502,22,2,1
644,498,646,499,641,503,63,6,6
646,499,644,505,641,503,48,3,3
644,505,657,512,643,506,15,2,0
657,512,644,505,650,502,16,2,1
657,512,677,508,662,523,13,1,1
643,506,657,512,637,520,18,4,2
677,508,657,512,676,501,15,2,2
645,530,657,512,662,523,12,3,1
637,520,657,512,645,530,14,7,5
657,512,668,493,676,501,17,5,4
512,692,495,674,504,668,9,9,7
495,674,512,692,487,694,9,9,7
515,614,512,612,522,603,22,23,20
559,626,561,628,552,636,34,18,12
559,524,568,515,572,521,42,17,14
542,546,536,532,546,539,37,16,16
542,546,539,548,536,532,32,8,9
536,532,537,531,546,539,35,6,7
537,531,538,530,546,539,35,5,6
538,530,543,525,548,533,76,30,29
522,528,531,526,536,532,198,113,107
531,526,537,531,536,532,236,155,147
513,536,509,529,511,526,115,12,16
522,528,513,536,511,526,124,19,22
516,552,517,550,521,553,30,1,0
549,567,551,568,544,570,55,59,48
551,568,549,567,551,562,66,67,59
523,595,532,600,522,603,14,14,12
532,600,532,605,522,603,17,17,15
532,605,515,614,522,603,25,25,23
529,575,534,580,523,585,61,36,30
572,522,569,527,572,521,39,32,25
551,537,560,540,554,544,86,86,78
560,540,555,547,554,544,82,85,76
560,540,558,549,555,547,81,84,75
554,533,560,540,551,537,81,77,71
561,534,560,540,554,533,104,102,94
696,392,681,394,688,381,107,102,93
703,378,696,392,688,381,147,148,137
681,394,679,387,688,381,60,44,38
711,416,717,400,721,431,1,2,0
703,336,701,344,699,343,42,41,38
703,354,701,344,703,336,51,54,50
693,373,703,378,688,381,129,129,119
703,378,693,373,701,365,133,134,125
679,387,681,380,688,381,47,26,23
681,380,679,387,667,384,86,1,3
701,344,699,347,699,343,83,84,80
699,347,701,344,703,354,80,83,79
697,358,703,354,701,365,113,113,108
703,378,711,382,706,391,47,47,41
714,385,711,382,722,373,2,3,1
711,382,703,378,722,373,20,21,17
568,361,577,368,575,375,35,38,32
467,403,456,405,461,390,232,76,82
599,529,595,525,599,519,98,76,63
634,251,631,240,639,237,19,18,16
650,245,650,248,645,249,52,22,16
617,257,617,264,615,262,22,22,20
618,252,623,258,617,257,24,26,23
623,258,617,264,617,257,23,23,21
617,264,623,258,618,265,22,22,20
523,268,521,265,529,264,104,105,97
516,274,509,267,515,266,103,106,96
491,329,483,327,490,316,148,124,112
436,667,425,654,438,659,32,23,19
431,673,436,667,440,675,116,80,72
448,672,436,667,438,659,17,15,13
436,667,448,672,440,675,47,38,32
413,680,401,684,399,669,4,5,2
420,677,413,680,418,672,4,4,2
424,671,436,667,431,673,123,71,62
401,684,391,680,399,669,4,5,2
391,680,390,667,399,669,4,5,2
386,621,376,602,388,618,55,36,30
386,621,385,623,376,602,67,42,35
386,621,392,625,385,623,104,85,80
415,649,422,653,417,657,47,41,35
422,653,415,649,425,634,9,9,7
415,649,413,648,425,634,8,8,6
413,648,407,654,405,651,148,103,92
415,649,407,654,413,648,135,103,94
390,667,399,668,399,669,4,4,2
404,659,399,668,390,667,5,6,2
413,663,399,668,404,659,13,5,2
393,650,404,659,390,667,13,6,3
404,659,393,650,405,651,27,8,4
413,648,401,645,408,633,52,38,32
401,645,398,641,408,633,76,47,38
401,645,413,648,405,651,121,86,75
561,730,563,726,574,731,49,40,31
596,703,602,715,591,723,11,11,9
583,719,596,703,591,723,10,11,8
468,904,483,914,470,917,5,5,3
468,904,475,900,483,914,5,4,2
475,900,468,904,471,901,14,4,2
432,901,439,889,446,907,43,33,26
358,477,355,474,357,469,180,176,172
355,474,358,477,354,476,171,167,163
297,506,287,527,282,521,13,3,2
305,528,315,521,321,525,33,24,23
315,521,327,515,321,525,79,74,70
337,497,345,502,336,503,155,151,146
396,428,407,423,403,435,148,146,141
396,428,394,440,392,430,155,155,150
394,440,396,428,403,435,153,152,148
407,423,408,436,403,435,141,140,135
409,438,408,436,418,434,137,136,131
408,436,407,423,418,434,135,134,128
428,400,438,396,441,406,38,5,5
408,457,400,460,403,451,174,175,170
414,443,407,439,409,438,143,142,138
394,440,387,441,392,430,160,161,156
420,441,426,449,418,447,149,150,145
418,447,426,449,419,461,161,162,157
438,443,450,444,439,450,134,137,130
468,482,479,486,469,486,159,159,155
382,470,391,466,384,473,169,169,165
375,474,382,470,384,473,175,173,169
373,472,382,470,375,474,168,166,162
382,470,373,472,378,465,171,170,166
391,466,384,461,391,459,186,186,181
382,455,384,461,378,465,160,158,154
384,461,382,470,378,465,169,167,163
382,470,384,461,391,466,177,176,172
398,448,392,453,389,446,164,162,158
392,453,388,452,389,446,171,169,165
399,467,410,463,407,473,171,172,167
397,465,391,466,391,459,170,172,167
391,466,397,465,394,468,159,161,156
397,465,399,467,394,468,188,189,184
361,468,360,460,364,467,165,161,156
361,468,358,477,357,469,175,173,169
361,468,364,467,364,480,163,162,159
358,477,361,468,364,480,164,163,159
391,456,382,455,388,452,176,174,170
392,453,391,456,388,452,176,175,171
384,461,391,456,391,459,184,183,179
391,456,384,461,382,455,186,185,181
455,540,451,538,459,533,99,99,94
451,538,455,540,444,547,97,97,91
455,540,446,552,444,547,81,78,73
434,522,444,523,437,527,135,136,131
423,523,426,532,413,531,137,137,133
451,538,445,529,459,533,107,107,103
444,523,445,529,437,527,140,141,136
437,527,445,529,436,539,113,114,109
445,529,451,538,436,539,110,111,106
445,488,453,486,452,492,180,181,176
467,489,468,482,469,486,164,164,160
468,482,467,489,461,489,173,174,169
467,497,467,489,472,496,158,159,154
457,518,467,525,459,533,119,120,115
445,529,457,518,459,533,125,126,121
457,518,445,529,444,523,130,131,126
466,507,467,497,474,502,159,161,156
468,510,466,507,474,502,151,154,148
455,505,463,508,455,509,160,161,156
451,506,455,505,455,509,155,156,151
452,504,455,505,451,506,148,149,144
454,498,458,493,459,497,181,181,177
454,498,455,505,452,504,171,172,167
467,525,465,531,459,533,108,109,104
465,531,469,534,459,533,98,99,94
470,528,467,525,469,523,105,106,101
470,528,475,536,469,534,104,104,98
470,528,465,531,467,525,109,109,105
465,531,470,528,469,534,100,101,96
448,498,454,498,452,504,181,182,177
448,498,444,494,452,492,168,168,164
454,498,448,498,452,492,156,156,151
434,522,432,517,434,520,144,144,140
403,527,408,524,413,531,131,132,128
416,503,417,507,409,506,165,165,163
423,502,420,491,428,493,176,176,174
420,491,423,502,416,503,177,177,175
427,570,422,557,429,560,15,4,3
417,551,422,557,412,558,80,74,69
390,500,404,508,391,511,168,169,165
384,502,390,500,391,511,171,170,166
406,509,409,506,407,512,165,165,162
406,509,404,508,409,506,172,172,170
404,508,405,513,391,511,171,173,168
405,513,396,520,391,511,159,160,155
406,509,405,513,404,508,162,163,160
405,514,405,513,407,512,98,99,94
405,513,406,509,407,512,137,137,134
391,522,396,520,393,523,147,147,143
387,515,391,522,382,519,148,148,144
396,520,387,515,391,511,151,152,147
391,522,387,515,396,520,151,152,147
397,480,403,476,403,479,182,182,178
403,476,404,477,403,479,118,119,114
404,477,403,476,407,473,175,175,170
403,476,399,467,407,473,172,173,168
435,464,436,459,439,462,153,154,148
419,475,430,474,420,478,172,173,168
410,463,419,475,407,473,176,176,172
420,464,419,475,410,463,169,170,165
445,488,434,490,445,480,173,174,169
434,490,430,474,445,480,173,174,169
434,490,439,495,428,493,173,174,170
434,490,445,488,439,495,164,165,160
368,507,370,512,367,514,160,159,155
367,514,370,512,371,518,153,154,149
397,480,396,481,387,478,177,176,173
396,481,396,484,387,478,182,181,179
396,484,396,481,397,480,185,184,180
396,484,385,485,387,478,177,176,174
385,485,396,484,386,488,181,179,178
385,485,381,481,387,478,188,187,185
381,481,385,485,378,486,169,167,165
385,485,380,490,378,486,179,178,175
385,485,386,488,380,490,189,187,185
398,595,409,590,407,599,5,1,1
408,586,409,590,397,590,16,0,2
409,590,398,595,397,590,6,1,0
418,601,409,590,421,590,4,2,0
409,590,418,601,407,599,5,2,0
395,607,376,602,385,590,2,2,1
398,595,395,607,385,590,2,2,1
376,602,395,607,388,618,31,21,17
395,607,398,595,407,599,2,2,1
404,613,395,607,407,599,2,2,2
416,626,425,634,408,633,19,8,4
416,626,422,621,422,622,36,11,6
416,626,426,624,425,634,10,8,5
416,626,422,622,426,624,21,8,4
323,604,319,611,313,600,18,8,4
319,611,323,604,319,612,3,3,0
319,611,306,607,313,600,48,16,7
306,607,319,611,306,609,55,17,9
313,617,319,611,319,612,68,25,12
334,575,318,576,330,568,8,2,1
319,581,318,576,334,575,2,2,1
326,561,318,576,314,560,11,2,2
318,576,326,561,330,568,14,2,3
318,576,292,574,314,560,3,2,1
305,589,302,595,298,584,41,12,8
331,584,319,581,334,575,2,2,1
319,581,331,584,323,604,2,2,1
363,579,362,582,356,581,17,1,2
344,596,362,582,368,586,3,2,1
356,581,362,582,344,596,3,2,1
363,579,357,573,358,566,10,1,1
357,573,363,579,356,581,17,1,2
358,566,357,573,347,568,7,2,1
347,568,357,573,341,577,14,2,3
357,573,356,581,341,577,14,2,3
361,562,363,579,358,566,9,2,1
361,562,371,559,363,579,8,2,1
371,559,371,558,378,553,15,8,5
492,249,499,251,491,255,86,91,82
493,281,492,273,503,277,106,108,98
453,223,457,217,463,231,52,32,25
453,223,452,234,443,226,94,34,20
442,221,453,223,443,226,106,33,15
453,223,443,216,457,217,90,33,18
443,216,453,223,442,221,107,33,14
464,242,456,243,463,231,110,48,33
473,133,480,131,478,142,10,11,8
465,122,457,138,454,127,12,13,10
465,122,473,133,457,138,12,12,10
467,120,465,122,453,116,8,8,6
497,200,486,189,493,187,20,21,19
486,189,493,205,478,196,22,23,20
493,205,486,189,497,200,22,22,20
508,179,509,175,519,176,18,18,16
497,188,497,200,493,187,20,20,18
502,186,497,188,493,187,32,32,32
502,202,502,186,508,203,20,20,19
502,186,516,198,508,203,20,20,19
529,144,510,150,510,142,87,36,20
511,161,510,150,522,159,21,20,16
510,150,511,161,502,153,36,24,17
466,169,464,163,472,164,124,60,41
463,166,464,163,466,169,123,55,29
448,152,437,145,448,141,13,12,8
437,145,448,152,437,151,15,13,10
460,146,448,152,448,141,14,13,10
448,152,460,146,452,157,19,17,14
437,151,448,152,441,160,20,19,16
464,163,458,165,459,161,35,13,4
458,165,464,163,463,166,56,15,4
453,195,452,178,454,177,38,28,22
452,178,453,195,449,180,45,33,27
452,174,449,180,442,167,75,33,21
452,170,452,174,442,167,38,17,9
452,174,452,178,449,180,132,63,42
452,178,452,174,454,177,146,81,56
450,194,443,191,449,180,56,37,31
443,191,441,201,441,190,24,18,16
443,191,450,194,441,201,27,24,21
446,205,443,216,439,215,112,32,12
443,216,446,205,453,205,60,26,15
446,205,450,194,453,205,27,28,24
492,225,482,218,487,214,28,29,26
465,215,473,232,463,231,27,28,25
473,232,464,242,463,231,50,46,42
463,210,457,217,453,205,26,27,23
463,210,465,215,457,217,35,36,33
484,307,475,304,479,298,116,108,97
423,257,420,252,424,255,24,24,22
420,252,428,252,424,255,29,30,27
495,302,488,305,489,301,175,147,136
488,305,484,307,489,301,115,75,62
488,305,486,310,484,307,76,43,30
488,386,490,387,491,395,37,24,22
475,380,488,378,488,386,34,22,16
475,386,488,386,484,398,70,8,7
444,342,454,338,446,345,47,48,43
470,300,462,307,458,301,137,139,128
462,307,456,308,458,301,96,97,87
458,301,448,299,448,296,66,68,59
456,308,448,299,458,301,45,46,38
475,285,486,283,476,289,140,96,85
486,283,475,285,479,272,149,110,97
440,134,451,136,448,141,14,15,10
437,145,440,134,448,141,13,13,8
452,157,464,158,459,161,15,14,9
460,146,464,158,452,157,18,16,12
464,158,464,163,459,161,20,14,8
464,163,464,158,472,164,67,25,11
427,143,431,140,428,148,11,11,7
423,151,427,143,428,148,16,16,10
350,207,354,191,356,192,19,17,13
354,191,358,186,356,192,15,14,9
399,181,412,193,397,208,20,19,14
384,206,381,199,397,208,25,24,19
381,199,399,181,397,208,23,21,17
399,181,381,199,380,197,22,20,16
436,152,423,151,428,148,11,10,5
436,152,437,151,441,160,18,17,13
423,151,432,164,418,157,15,13,8
394,137,390,124,404,127,24,17,11
383,136,394,137,388,141,101,43,22
399,267,403,265,400,273,24,25,23
398,267,399,267,400,273,33,35,34
399,267,398,267,403,265,11,12,10
352,277,353,290,341,286,25,23,19
342,273,339,269,340,269,27,26,22
339,269,342,273,337,275,21,20,16
340,268,342,273,340,269,30,28,24
627,42,643,69,618,51,2,2,2
538,86,537,67,544,89,9,9,5
538,86,528,82,537,67,9,9,7
519,97,509,99,520,91,91,27,13
528,153,510,150,529,144,56,29,18
517,136,529,144,510,142,117,37,19
529,144,517,136,527,134,117,37,19
523,129,517,136,516,131,21,12,10
517,136,523,129,527,134,32,15,9
626,138,621,142,617,132,49,19,13
610,128,600,135,600,133,8,8,4
563,164,566,150,572,157,10,12,10
566,150,567,142,571,146,51,29,24
566,150,554,143,559,140,47,24,17
567,142,566,150,559,140,50,24,17
638,169,641,174,630,172,81,30,18
642,175,641,174,645,167,28,21,15
641,174,638,169,645,167,39,24,15
632,160,632,156,651,159,18,15,11
632,156,632,153,651,159,16,14,10
632,153,634,148,651,159,14,12,9
634,148,632,153,629,150,36,18,10
596,159,607,165,602,167,9,9,6
644,185,648,178,652,188,57,30,24
671,187,667,181,703,153,2,2,2
671,187,723,180,683,202,2,2,1
723,180,671,187,703,153,2,1,1
652,162,654,165,645,167,14,14,12
660,168,654,165,652,162,7,6,5
639,122,634,131,629,123,3,3,2
634,131,639,122,636,136,2,3,0
547,234,562,230,553,242,37,38,35
599,230,605,233,596,237,28,28,27
600,196,606,190,615,198,21,21,19
600,196,596,197,602,188,22,22,20
596,197,594,179,602,188,15,15,13
594,179,596,197,583,191,19,19,18
583,191,596,197,585,198,25,25,23
596,197,587,201,585,198,14,15,12
587,201,596,197,587,207,13,13,11
596,197,601,210,587,207,16,16,14
601,210,596,197,604,205,15,15,13
596,197,600,196,604,205,13,14,12
437,85,441,80,448,81,13,12,8
442,99,435,95,445,95,17,16,12
435,95,437,85,445,95,11,11,6
435,95,442,99,432,100,18,17,13
473,97,469,112,461,103,11,10,7
472,118,469,112,473,113,6,6,4
467,120,469,112,472,118,6,6,4
469,112,453,116,461,103,12,12,8
469,112,467,120,453,116,9,10,7
473,97,475,92,482,101,10,9,6
467,85,454,91,458,77,11,11,8
467,85,468,76,473,86,11,11,8
468,76,467,85,458,77,9,9,7
451,84,445,95,448,81,12,13,9
451,84,454,91,445,95,12,12,8
458,77,451,84,448,81,9,10,6
454,91,451,84,458,77,11,11,7
454,91,448,98,445,95,17,17,13
448,98,454,91,461,103,13,12,9
448,98,461,103,450,111,12,10,7
448,98,442,99,445,95,11,11,7
474,115,472,118,473,113,6,6,4
477,110,474,115,473,113,9,8,6
492,119,477,110,491,107,10,10,8
488,126,492,119,491,128,18,19,16
492,119,500,121,491,128,12,12,10
474,115,492,119,488,126,14,15,12
492,119,474,115,477,110,9,9,7
502,104,495,96,509,99,17,15,13
581,149,570,152,571,146,29,24,21
566,150,570,152,572,157,18,21,18
570,152,566,150,571,146,26,24,23
581,148,571,146,580,145,52,32,25
581,148,581,149,571,146,37,27,23
591,144,581,148,580,145,91,36,19
581,149,581,148,591,144,87,35,20
604,177,603,178,604,176,9,9,8
601,174,594,179,595,168,15,16,14
601,174,595,168,602,167,17,18,15
603,178,601,174,604,176,9,9,7
594,179,601,174,603,178,11,12,10
571,168,575,161,576,166,7,10,6
571,168,576,166,580,169,18,20,16
571,168,580,169,581,178,22,23,18
571,181,571,168,581,178,18,19,15
579,157,575,161,572,157,9,9,6
579,157,580,159,575,161,11,10,7
570,152,579,157,572,157,18,18,14
579,157,570,152,581,149,20,20,17
580,159,579,157,583,156,19,18,14
571,181,566,186,564,185,6,6,5
566,186,571,181,567,187,6,7,6
319,439,322,446,315,438,172,166,162
300,441,312,435,315,438,166,160,155
310,433,312,435,300,441,165,159,153
276,460,276,465,270,463,88,72,65
276,465,276,460,285,468,81,76,67
297,453,303,450,300,454,157,151,144
327,414,321,417,325,412,168,164,160
321,388,316,379,322,387,96,91,85
316,379,326,382,322,387,93,88,82
287,384,281,383,286,381,121,116,106
281,383,287,384,279,386,116,110,100
322,372,326,375,321,373,73,70,65
329,361,327,360,334,359,23,1,1
341,364,329,361,334,359,22,2,2
323,318,333,305,334,310,63,1,2
334,335,328,341,326,334,13,0,0
327,360,328,341,334,359,15,1,0
315,370,313,363,322,367,45,39,35
315,370,322,372,321,373,66,62,56
322,372,315,370,322,367,60,56,51
290,403,292,396,298,398,152,147,136
388,369,384,366,385,360,12,1,0
382,361,384,366,374,365,15,0,1
384,366,382,361,385,360,9,1,0
385,360,381,355,396,358,80,1,5
382,361,381,355,385,360,30,0,2
388,369,395,366,390,370,12,2,2
398,375,395,366,400,367,17,1,2
395,366,385,360,396,358,45,2,2
395,366,388,369,385,360,23,2,1
400,367,417,376,408,379,78,5,8
421,380,417,376,422,378,84,15,18
396,387,398,375,408,379,28,2,3
398,375,396,387,392,388,29,3,4
388,369,384,381,384,366,23,2,2
384,366,384,381,374,365,21,1,2
368,386,384,381,376,390,33,24,20
419,386,400,393,408,379,28,2,2
419,386,404,398,400,393,31,2,3
417,376,419,386,408,379,24,1,1
419,386,417,376,421,380,41,4,6
328,341,343,355,334,359,13,1,0
343,355,328,341,334,335,14,1,0
343,355,334,335,341,333,18,1,1
343,355,341,333,358,344,23,1,1
349,358,343,355,358,344,12,1,0
359,359,360,371,349,371,24,0,1
363,374,360,371,374,365,25,0,1
360,371,359,359,374,365,23,1,0
359,359,372,357,374,365,20,1,1
366,376,384,381,368,386,21,7,5
366,376,363,374,374,365,24,1,1
384,381,366,376,374,365,22,1,1
363,384,366,376,368,386,35,24,23
363,384,356,378,363,374,33,24,21
366,376,363,384,363,374,25,10,10
351,380,347,393,339,390,90,87,80
352,392,347,393,351,380,86,82,75
347,393,352,392,350,400,120,118,111
360,394,362,393,364,395,98,93,89
323,430,326,432,323,434,171,166,161
326,432,323,430,329,423,183,179,174
337,411,340,413,331,415,167,164,158
328,398,319,397,319,391,127,125,118
321,388,328,398,319,391,121,118,112
379,432,378,433,371,427,161,159,153
378,433,364,437,371,427,171,170,164
364,437,378,433,378,437,171,169,163
388,421,388,427,382,424,137,136,130
378,465,368,457,381,454,177,174,171
375,443,364,437,378,437,170,168,162
367,391,368,386,376,390,71,68,62
374,397,367,391,376,390,98,94,89
367,391,374,397,364,395,97,93,88
362,393,367,391,364,395,111,106,101
380,389,374,397,376,390,86,82,77
371,426,375,423,371,427,162,161,155
371,426,371,425,375,423,151,150,144
371,425,361,419,371,423,171,169,163
361,419,364,415,371,423,159,156,151
371,426,361,419,371,425,167,164,159
384,403,381,407,376,405,117,116,110
381,407,381,411,376,405,128,126,120
386,420,382,424,382,417,147,145,139
386,420,388,421,382,424,140,138,132
352,392,355,401,350,400,107,104,98
360,394,355,401,352,392,113,109,104
360,460,355,453,361,447,176,172,167
340,454,336,463,330,453,174,170,164
243,497,251,495,245,502,12,2,1
251,495,255,498,245,502,18,2,1
255,498,251,495,258,491,93,49,50
248,480,251,495,243,497,36,9,9
255,498,247,506,245,502,13,2,1
258,516,259,517,251,540,3,2,1
259,482,250,470,270,463,27,12,11
272,478,259,482,270,463,17,8,7
248,476,243,469,250,470,135,80,80
259,482,248,476,250,470,80,47,44
248,476,259,482,248,480,97,56,53
248,476,248,480,234,477,31,7,7
243,469,248,476,234,477,59,27,28
243,469,244,457,250,470,97,62,62
244,450,244,457,238,452,105,58,57
291,552,286,549,289,545,6,2,0
267,547,286,549,273,562,1,2,1
277,538,286,549,267,547,5,2,1
286,549,277,538,289,545,10,2,1
285,565,281,581,273,562,2,2,2
281,581,285,565,292,574,2,2,1
286,549,285,565,273,562,1,2,1
285,565,286,549,291,552,2,2,2
364,542,366,533,371,538,83,83,77
366,533,364,542,361,543,81,82,74
361,543,364,542,362,551,68,65,58
364,542,378,553,362,551,74,71,65
378,553,364,542,371,538,77,76,70
377,532,371,521,380,529,119,120,115
377,532,366,533,371,521,114,116,110
366,533,377,532,371,538,91,92,87
359,545,361,543,362,551,58,53,47
359,545,355,546,361,543,82,78,73
355,553,347,561,343,555,7,2,0
355,553,358,566,347,561,7,3,1
355,553,361,562,358,566,6,2,1
346,509,349,505,350,508,157,158,150
364,491,360,501,359,495,153,152,148
348,495,353,498,345,502,165,163,157
337,497,348,495,345,502,160,157,151
348,495,338,493,347,492,166,163,157
348,495,337,497,338,493,168,164,159
272,54,261,61,263,55,76,29,17
263,55,261,61,257,53,71,27,12
264,76,262,70,265,75,18,15,9
254,71,262,70,264,76,17,14,8
262,70,282,67,265,75,19,16,10
262,70,272,54,282,67,50,24,13
262,70,261,61,272,54,48,22,13
253,72,264,76,248,77,18,15,9
253,72,254,71,264,76,18,14,9
246,65,253,72,248,77,14,11,7
254,71,253,72,246,65,12,9,5
268,84,267,88,264,76,15,13,8
243,86,235,86,248,77,15,11,7
236,87,235,86,243,86,14,10,6
235,86,229,66,248,77,13,11,6
229,66,235,86,224,76,11,10,6
231,100,230,109,221,103,13,11,7
251,100,257,94,256,105,17,15,11
257,94,251,100,248,98,16,14,10
243,86,257,94,248,98,15,13,8
257,94,243,86,248,77,16,13,8
257,94,267,88,264,93,13,11,5
264,76,257,94,248,77,15,13,8
267,88,257,94,264,76,15,13,7
265,99,257,94,264,93,13,12,6
265,99,265,104,256,105,18,17,11
257,94,265,99,256,105,16,15,9
267,102,279,111,266,110,16,15,9
265,104,267,102,266,110,15,14,8
267,102,279,95,284,102,16,14,8
279,111,267,102,284,102,17,16,9
265,99,267,102,265,104,14,12,6
213,101,207,111,193,102,12,10,6
207,111,213,101,208,112,13,12,6
282,117,280,120,279,111,27,22,14
283,112,282,117,279,111,23,20,11
280,120,282,117,288,118,33,20,8
306,101,304,103,304,88,90,34,19
307,91,306,101,304,88,93,35,20
319,105,306,101,307,91,33,22,14
304,103,306,101,305,106,42,23,18
304,64,301,66,300,60,52,26,15
301,66,298,62,300,60,56,25,12
318,81,310,77,317,69,99,34,17
310,77,307,75,317,69,95,32,18
310,77,318,81,315,86,96,37,18
307,75,310,77,302,80,44,22,12
304,88,310,77,315,86,78,30,17
302,80,310,77,304,88,53,22,13
284,113,283,112,288,112,20,12,2
289,115,284,113,288,112,26,13,1
284,113,282,117,283,112,22,17,7
284,113,289,115,288,118,30,14,2
282,117,284,113,288,118,25,15,4
298,121,305,116,303,120,25,17,13
298,121,289,115,305,116,58,29,20
289,115,298,121,288,118,79,36,22
305,139,316,146,308,150,29,26,16
334,335,341,332,341,333,55,0,5
341,332,334,335,341,331,56,1,5
341,333,341,332,358,344,37,1,2
341,332,341,331,358,344,37,1,2
436,357,438,359,439,368,144,5,7
380,330,391,343,379,339,66,1,0
391,343,408,346,396,358,125,1,2
381,355,391,343,396,358,88,1,2
391,343,381,355,379,339,76,1,1
335,312,358,318,337,320,44,1,0
358,318,369,312,373,328,42,0,1
364,351,372,348,373,353,25,1,1
372,357,364,351,373,353,12,1,1
372,348,364,351,358,344,32,1,1
137,101,135,102,134,90,18,14,8
135,102,137,101,135,103,15,11,6
127,125,129,131,114,121,6,5,3
26,229,23,221,25,217,1,1,1
13,232,23,221,26,229,1,1,1
23,221,13,232,3,212,1,1,1
23,221,11,205,25,217,1,1,1
4,210,23,221,3,212,1,1,1
23,221,4,210,11,205,1,1,1
29,66,47,30,49,78,2,2,2
106,67,104,78,84,71,2,2,2
104,78,106,67,137,86,2,2,1
106,67,148,71,137,86,4,3,2
148,71,106,67,107,52,2,2,1
11,112,19,111,11,129,2,2,2
19,111,29,117,11,129,2,2,2
23,107,20,101,31,97,2,2,2
29,117,23,107,31,97,2,2,2
19,111,23,107,29,117,2,2,2
350,220,351,218,353,223,12,9,6
344,225,350,220,353,223,13,11,6
339,230,330,233,333,223,20,18,12
362,203,369,201,369,204,17,15,10
307,249,302,248,306,248,43,40,35
309,244,307,249,306,248,25,22,16
327,253,317,250,328,241,21,19,13
317,251,317,250,327,253,26,24,18
317,250,315,239,328,241,20,18,12
315,239,317,250,309,244,30,26,21
317,250,307,249,309,244,28,25,19
307,249,317,250,317,251,18,14,9
350,262,342,273,340,268,28,26,23
336,260,340,268,339,269,30,30,23
277,285,274,313,263,311,199,20,21
274,313,277,285,294,307,207,12,15
306,243,303,245,298,237,25,20,14
312,228,323,224,318,232,30,25,18
323,224,312,228,310,223,30,25,18
310,223,312,228,302,234,35,31,22
312,228,315,239,302,234,25,21,14
315,239,312,228,318,232,28,23,16
240,173,247,180,237,183,54,42,28
234,182,240,173,237,183,50,40,27
240,173,234,182,231,181,50,41,29
265,114,259,107,266,110,15,14,8
265,126,265,114,270,125,20,19,10
270,125,265,114,274,123,22,21,13
265,114,279,111,274,123,20,19,12
279,111,265,114,266,110,17,15,9
286,225,285,220,286,219,77,67,53
282,221,285,220,286,225,81,70,54
282,221,274,228,271,216,74,61,43
240,225,244,220,243,228,97,79,60
211,224,221,216,226,229,68,46,30
231,100,234,108,230,109,14,12,8
231,119,214,116,230,109,13,11,6
142,173,134,183,132,169,57,24,16
134,183,124,171,132,169,10,5,1
134,183,131,187,124,171,12,5,2
131,187,132,194,121,203,15,7,4
146,186,145,204,138,201,25,19,10
138,153,131,152,134,148,8,5,1
172,174,180,166,176,179,31,28,18
171,158,184,157,180,166,25,22,12
182,350,188,341,187,352,13,11,7
195,358,208,371,194,371,5,2,1
184,363,195,358,194,371,10,8,5
234,198,242,197,236,200,75,60,40
221,216,222,208,232,210,75,64,49
222,208,232,199,232,210,57,47,33
225,246,216,239,226,229,76,47,29
100,207,99,216,69,198,3,2,1
112,261,114,268,105,268,3,5,0
114,268,124,263,121,271,12,10,6
101,296,105,287,106,290,25,20,13
92,292,105,287,101,296,25,19,13
99,280,105,287,92,292,24,19,13
105,287,99,280,105,283,15,12,7
67,196,79,191,69,198,2,2,2
79,191,89,192,69,198,2,2,2
89,192,79,191,90,185,2,2,2
90,185,79,191,68,166,2,2,2
79,191,67,196,68,166,2,2,2
102,197,89,192,105,193,5,5,2
117,205,105,193,121,203,6,6,3
117,205,112,207,105,193,7,6,4
167,216,159,213,170,202,106,82,55
138,264,140,272,136,273,82,47,33
267,233,259,239,263,229,107,40,38
164,182,169,176,176,179,41,36,26
169,176,172,174,176,179,36,31,22
172,174,169,176,169,175,33,29,19
204,185,189,184,192,180,27,22,12
189,184,187,176,192,180,36,31,21
189,228,193,240,190,242,53,41,25
80,264,68,269,67,255,4,3,3
80,264,82,266,68,269,3,2,2
80,249,80,264,67,255,7,5,4
88,257,80,264,80,249,12,10,3
88,262,80,264,88,257,10,9,2
80,264,88,262,82,266,11,9,3
88,297,92,292,101,296,17,13,8
88,297,79,298,92,292,2,3,2
88,297,101,296,104,319,7,7,3
88,297,104,319,74,318,5,4,2
79,298,88,297,74,318,2,2,1
82,266,87,265,87,267,13,10,4
88,262,87,265,82,266,12,10,3
87,267,87,265,97,259,20,17,11
87,265,88,262,97,259,20,17,12
235,32,240,26,241,40,17,14,11
223,25,222,30,219,33,63,35,25
227,28,222,30,223,25,64,39,27
237,56,248,60,246,65,38,18,10
248,57,248,60,237,56,56,24,13
243,51,248,57,237,56,67,26,15
243,51,242,48,249,52,30,13,9
248,57,243,51,249,52,68,25,15
227,64,231,59,229,66,26,19,11
231,59,227,64,226,63,28,20,11
227,64,229,66,224,76,10,9,5
226,63,227,64,224,76,11,9,5
242,19,245,13,249,14,48,25,19
249,14,245,13,253,0,37,17,12
245,13,238,13,253,0,27,11,9
239,23,242,19,240,26,26,12,7
238,13,239,16,231,17,47,16,14
239,16,235,22,231,17,66,30,25
148,71,140,87,137,86,11,8,4
150,84,140,87,148,71,15,9,5
140,87,134,90,137,86,14,9,5
210,40,203,34,219,33,56,33,24
210,40,207,41,203,34,73,41,31
218,46,210,40,219,33,35,23,16
210,40,218,46,212,52,26,17,11
207,41,210,40,212,52,29,18,13
197,38,196,42,192,37,27,8,6
198,37,197,38,192,37,11,3,2
197,38,198,37,196,42,45,20,18
202,57,207,41,212,52,45,22,13
202,57,195,50,207,41,57,28,19
214,60,202,57,212,52,64,25,12
202,57,214,60,200,60,60,23,12
193,52,202,57,200,60,66,25,12
195,50,202,57,193,52,63,24,11
190,45,195,50,193,52,77,39,31
190,45,193,52,187,53,77,39,28
184,48,190,45,187,53,66,33,21
190,45,184,48,192,37,22,10,5
257,9,256,12,249,14,62,29,22
256,12,257,9,259,11,60,26,20
249,14,256,12,250,31,20,11,7
256,12,259,11,250,31,20,12,7
323,118,321,117,329,113,19,18,12
318,119,323,118,321,126,14,13,6
323,118,318,119,321,117,16,15,9
329,113,329,104,339,107,22,19,13
333,85,327,87,328,78,88,40,27
327,87,333,85,330,91,93,38,26
72,4,68,5,70,0,2,2,2
70,0,68,5,37,2,2,2,2
16,8,23,8,14,30,2,2,2
23,8,30,10,14,30,2,2,2
30,10,23,8,37,2,2,2,2
37,2,23,8,0,0,2,2,2
23,8,16,8,0,0,2,2,2
412,112,407,114,403,109,13,14,9
376,116,366,125,371,113,95,37,18
376,116,379,121,366,125,95,37,17
379,121,376,116,382,109,23,15,7
367,150,361,146,369,143,20,18,13
361,146,367,150,360,148,23,22,15
361,146,360,148,354,145,14,13,7
356,140,361,146,354,145,13,12,5
361,146,362,134,369,143,15,13,7
362,134,361,146,356,140,14,13,6
366,125,362,134,358,126,22,19,12
379,121,377,132,374,130,107,41,23
369,143,381,144,374,151,19,17,14
461,61,454,59,454,54,9,10,5
454,59,461,61,455,65,9,10,6
449,64,454,59,455,65,15,14,10
454,59,446,59,454,54,10,9,5
454,59,449,64,446,59,15,14,10
468,76,464,69,471,68,13,12,10
454,54,442,51,445,46,13,11,7
446,59,442,51,454,54,10,8,4
461,61,457,68,455,65,7,7,4
464,69,457,68,461,61,9,9,6
441,80,448,75,448,81,16,16,11
448,75,458,77,448,81,11,12,8
448,75,457,68,458,77,11,11,7
441,80,435,72,439,70,8,8,3
439,58,430,64,436,53,10,8,5
321,63,318,68,315,65,23,14,4
318,68,317,69,315,65,28,17,3
318,68,318,69,317,69,40,22,2
340,61,335,67,332,57,85,46,35
328,78,331,71,338,79,21,18,10
331,71,335,67,338,79,25,19,11
338,56,338,54,343,58,94,49,39
340,61,338,56,343,58,112,67,54
338,54,338,56,332,57,33,14,5
338,56,340,61,332,57,84,40,30
345,46,346,50,340,45,19,12,6
351,49,360,42,359,52,86,48,40
351,49,348,44,360,42,68,35,27
360,59,360,67,354,65,15,13,9
360,67,360,59,367,68,11,9,5
360,67,358,72,354,65,12,10,7
360,67,362,73,358,72,13,11,7
377,91,375,82,380,87,15,14,10
368,89,375,82,377,91,16,14,10
375,82,383,84,380,87,14,13,9
375,82,374,76,383,84,11,10,6
417,61,420,60,417,66,8,6,3
430,64,420,60,422,59,8,6,4
420,60,430,64,417,66,9,7,5
420,60,421,50,422,59,13,11,8
421,50,420,60,417,61,10,8,5
381,107,391,105,382,109,13,12,8
376,116,381,107,382,109,14,13,6
381,107,376,116,371,113,20,14,6
381,93,393,96,391,105,16,15,11
381,107,381,93,391,105,16,15,11
381,93,381,107,377,98,16,14,10
393,96,381,93,392,92,12,12,7
381,93,390,87,392,92,7,7,3
390,87,381,93,381,88,8,8,4
381,88,381,93,377,91,11,11,6
381,93,377,98,377,91,11,10,6
459,28,455,35,449,34,70,21,10
455,35,445,41,449,34,16,12,6
445,41,455,35,458,38,18,12,5
465,22,460,20,464,7,50,26,21
460,20,454,15,464,7,51,26,22
459,24,449,34,443,21,74,23,10
459,24,459,28,449,34,81,24,11
454,15,459,24,443,21,104,34,22
460,20,459,24,454,15,84,36,27
459,24,460,20,465,22,66,33,21
458,38,463,30,462,39,84,25,11
463,30,470,32,462,39,64,21,9
470,32,463,30,470,31,28,12,3
423,40,433,43,421,50,13,11,6
423,40,408,44,420,36,14,13,7
423,40,421,50,408,44,12,11,6
423,40,420,36,430,25,21,15,9
436,24,435,42,430,25,20,15,10
435,42,423,40,430,25,20,15,9
423,40,435,42,433,43,15,13,8
445,41,435,42,436,24,21,14,10
435,42,445,41,445,46,12,10,6
491,106,491,107,482,101,17,15,13
475,92,484,99,482,101,10,9,7
490,89,488,82,493,83,18,16,13
490,71,486,72,485,65,42,18,5
490,71,488,82,486,72,15,15,7
488,82,490,71,493,83,21,13,6
490,71,496,63,499,68,92,27,13
509,99,513,85,520,91,78,23,11
504,84,513,85,509,99,78,26,14
495,87,490,89,493,83,18,16,13
490,89,495,87,495,96,14,13,10
548,51,557,46,553,53,54,26,20
542,38,557,46,545,49,34,15,11
557,46,548,51,545,49,56,25,19
518,54,519,47,525,55,6,7,4
489,33,490,23,495,28,51,29,20
492,35,489,33,495,28,24,16,10
489,33,481,26,490,23,40,22,14
480,37,486,36,481,39,15,13,9
481,26,486,36,480,37,19,15,8
484,43,492,35,499,40,13,11,7
484,45,484,43,499,40,12,10,7
484,43,486,36,492,35,12,10,6
484,43,484,45,481,39,19,11,9
486,36,484,43,481,39,15,11,8
506,25,507,22,512,23,19,12,10
507,22,506,25,495,28,63,32,23
506,25,505,28,495,28,77,39,29
512,29,519,47,499,40,25,15,8
505,28,512,29,499,40,33,18,10
512,29,506,25,512,23,47,21,17
506,25,512,29,505,28,60,26,21
512,29,512,23,518,26,28,13,6
518,28,512,29,518,26,42,19,10
675,211,674,208,683,202,2,2,0
679,221,675,211,683,202,3,3,1
675,211,679,221,672,220,10,6,2
675,211,668,214,674,208,19,11,5
670,219,675,211,672,220,19,10,4
668,216,670,219,664,218,69,35,31
675,211,668,216,668,214,21,12,6
668,216,675,211,670,219,25,14,7
668,227,667,224,672,220,68,39,32
667,224,670,219,672,220,63,35,29
663,225,667,224,668,227,40,31,22
670,219,667,224,664,218,69,38,34
667,224,663,225,664,218,58,34,29
667,213,662,203,669,202,47,29,22
668,214,667,213,674,208,23,14,8
667,213,669,202,674,208,19,11,6
667,213,668,216,664,218,70,40,34
668,216,667,213,668,214,50,30,21
655,97,662,112,651,114,2,2,2
662,112,651,159,651,114,2,2,2
651,159,662,112,703,153,2,2,2
662,112,686,111,703,153,2,2,2
344,948,344,946,349,952,50,26,14
344,946,358,945,349,952,47,27,17
358,945,344,946,357,939,22,19,13
344,946,341,938,357,939,22,17,12
341,938,344,946,338,951,32,18,14
344,946,344,948,338,951,50,23,17
437,956,441,954,442,958,82,39,29
441,954,437,956,431,952,89,47,37
419,934,419,930,426,932,59,57,53
419,930,420,927,426,932,34,32,28
419,930,419,934,411,933,66,62,57
419,930,411,933,410,928,44,37,32
420,927,419,930,410,928,19,13,8
419,920,420,927,411,923,14,5,3
419,920,411,923,413,916,25,6,3
417,915,419,920,413,916,23,5,2
423,913,419,920,417,915,18,8,3
275,895,278,885,289,891,67,29,20
277,884,278,885,275,895,60,32,22
278,885,277,884,277,883,46,24,17
260,902,270,910,269,913,32,25,14
270,910,274,909,269,913,87,53,43
263,898,270,910,260,902,21,18,9
274,909,270,910,263,898,29,20,9
297,899,298,887,305,896,29,18,13
298,887,297,899,290,892,69,32,21
298,887,290,892,289,891,59,20,8
301,882,298,887,287,877,61,18,9
325,928,332,930,322,934,23,15,8
332,930,335,935,322,934,22,14,6
335,935,341,936,341,938,23,14,10
357,939,341,936,354,928,46,15,8
341,938,341,936,357,939,27,10,6
249,806,264,797,258,813,41,10,3
249,806,248,802,264,797,39,9,3
254,815,249,806,258,813,50,12,3
249,806,254,815,243,809,39,8,2
248,802,249,806,243,809,38,8,3
237,796,234,800,227,789,15,6,2
237,790,237,796,227,789,19,7,3
307,858,305,858,309,857,78,21,8
310,860,307,858,309,857,78,21,9
307,858,310,860,305,858,79,21,9
305,858,310,868,295,870,61,16,5
310,860,310,868,305,858,69,19,6
313,871,310,868,313,863,46,12,2
310,868,310,860,313,863,58,17,4
279,865,273,856,282,855,9,9,4
273,856,279,865,265,867,10,9,4
264,854,255,859,251,850,17,9,3
255,859,243,864,251,850,47,20,11
243,864,255,859,244,868,47,24,12
246,840,241,837,246,839,51,15,6
253,834,246,840,246,839,30,8,2
248,844,246,840,253,834,27,8,2
238,838,239,832,241,837,42,11,3
238,838,248,849,227,853,58,22,9
238,838,248,844,248,849,54,18,6
246,840,238,838,241,837,53,16,6
238,838,246,840,248,844,52,16,6
225,825,235,836,224,841,42,19,8
238,838,235,836,239,832,37,11,3
227,824,235,836,225,825,33,16,6
235,836,227,824,239,832,26,12,3
243,769,254,763,256,768,20,8,4
254,763,243,769,239,759,19,11,6
259,752,254,763,244,747,45,27,15
254,763,239,759,244,747,36,25,15
259,749,263,750,259,752,73,38,28
263,750,273,762,259,752,54,25,13
263,750,259,749,265,735,42,18,10
321,864,323,878,318,873,36,11,7
321,864,323,847,333,854,15,12,7
323,878,308,875,318,873,13,7,4
308,875,313,871,318,873,18,4,2
308,875,310,868,313,871,25,5,2
310,868,308,875,295,870,54,14,7
335,862,321,864,333,854,16,10,6
334,851,333,849,339,850,41,42,35
333,854,334,851,339,850,38,38,32
334,851,333,854,333,849,21,22,15
327,909,333,913,330,916,36,20,15
327,909,314,917,317,903,53,25,18
333,913,327,909,336,898,13,12,8
327,909,330,916,324,923,65,28,21
314,917,327,909,324,923,69,32,22
327,909,317,903,326,892,15,11,8
336,898,327,909,326,892,10,11,8
465,920,459,921,459,919,34,36,30
453,937,455,931,454,938,42,43,38
455,931,466,930,454,938,41,42,36
453,926,455,931,439,935,58,59,54
455,931,453,937,439,935,38,38,34
466,930,470,944,464,943,41,36,29
470,944,466,930,472,944,42,36,29
470,944,472,944,472,952,61,28,22
470,944,468,955,464,943,65,32,27
468,955,470,944,472,952,57,26,21
467,956,492,958,462,957,15,11,4
468,955,467,956,462,957,34,15,8
492,958,467,956,476,954,16,10,4
467,956,468,955,476,954,25,10,5
708,914,717,905,722,911,2,2,2
708,914,699,899,717,905,2,2,2
708,914,699,917,699,899,2,2,2
689,926,700,921,698,926,2,2,2
708,914,700,921,699,917,2,2,2
692,914,689,926,678,922,2,2,2
699,917,692,914,695,900,2,2,2
692,914,700,921,689,926,2,2,2
700,921,692,914,699,917,2,2,2
692,914,690,891,695,900,2,2,1
692,914,678,922,690,891,2,2,2
696,956,713,953,727,959,2,2,2
696,956,698,926,713,953,2,2,2
666,950,696,956,638,952,2,2,2
696,956,689,926,698,926,2,2,2
696,956,613,953,638,952,2,2,2
575,955,696,956,727,959,6,6,5
613,953,696,956,575,955,7,7,6
659,924,677,938,666,950,2,2,2
649,940,659,924,666,950,2,2,2
678,922,659,924,662,918,2,2,2
677,938,659,924,678,922,2,2,2
659,924,650,917,662,918,2,2,2
650,917,659,924,643,924,2,2,2
659,924,649,940,643,924,2,2,2
607,908,605,914,600,911,2,2,2
605,914,614,929,600,937,1,1,1
614,929,605,914,625,914,1,1,1
605,914,607,908,625,914,2,2,2
689,672,694,670,688,676,2,3,0
701,755,685,789,668,762,2,2,2
685,789,685,791,683,791,3,4,1
617,823,623,815,620,828,13,4,3
623,815,631,813,636,825,3,3,1
653,812,652,799,670,802,2,2,1
652,799,674,794,670,802,2,3,1
634,897,620,889,648,862,1,2,1
616,852,620,889,604,877,2,2,1
620,889,616,852,648,862,1,2,1
620,889,607,908,604,903,2,2,1
607,908,620,889,625,914,2,2,1
620,889,634,897,625,914,2,2,1
650,895,648,862,668,884,2,2,1
650,895,634,897,648,862,2,2,2
634,897,650,895,650,917,2,2,2
650,895,668,884,662,918,2,2,1
650,917,650,895,662,918,2,2,1
615,833,618,831,615,834,6,2,0
643,838,628,835,636,825,2,2,1
628,835,643,838,623,845,2,2,2
636,825,628,835,620,828,2,2,0
628,835,618,831,620,828,2,2,1
628,835,623,845,615,834,3,2,2
618,831,628,835,615,834,3,2,1
407,899,403,896,407,894,57,22,9
407,899,417,909,403,905,82,28,20
417,909,407,899,422,902,85,38,31
409,891,407,894,402,887,52,29,24
426,897,429,898,428,899,22,19,12
422,902,426,897,428,899,47,37,30
446,876,460,874,450,884,77,78,72
483,922,489,920,486,927,29,28,24
483,914,489,920,483,922,21,21,17
472,944,474,951,472,952,54,26,19
477,950,474,951,472,944,55,26,19
472,952,474,951,476,954,29,13,8
474,951,477,950,476,954,29,13,7
486,946,472,944,486,927,47,32,25
486,946,477,950,472,944,49,23,17
424,905,432,901,434,908,101,76,69
423,913,424,905,434,908,96,69,60
424,905,422,902,428,899,79,60,54
432,901,424,905,428,899,79,61,55
424,905,417,909,422,902,94,64,57
424,905,423,913,417,909,80,50,44
435,912,423,913,434,908,88,62,53
443,912,450,914,443,922,25,16,11
437,916,443,912,443,922,26,16,11
435,912,443,912,437,916,44,27,18
443,912,435,912,434,908,91,60,50
499,947,514,953,492,958,16,17,12
514,953,499,947,502,941,11,11,6
499,947,486,946,502,941,27,11,8
516,946,514,953,502,941,11,12,7
533,927,549,935,546,936,8,8,5
542,907,549,935,533,927,7,8,5
550,939,549,935,559,932,19,19,17
549,935,550,939,546,936,18,19,16
575,842,561,845,565,835,8,8,6
588,928,593,935,583,934,10,10,8
580,925,588,928,583,934,14,15,12
593,935,588,928,600,937,4,4,3
588,928,605,914,600,937,2,3,2
572,926,572,931,568,933,18,19,16
572,931,572,941,568,933,30,31,26
572,931,583,934,572,941,29,30,26
172,950,175,947,173,956,11,9,5
169,949,172,950,173,956,12,10,6
172,950,169,949,175,947,11,9,5
173,931,169,924,183,930,27,23,14
173,932,173,931,183,930,21,17,9
173,931,165,923,169,924,21,18,10
165,923,173,931,173,932,20,18,9
168,923,171,906,169,924,26,23,15
165,923,168,923,169,924,29,26,17
136,939,141,928,143,935,7,8,3
145,940,136,939,143,935,8,9,4
136,939,145,940,135,942,9,9,4
136,939,135,942,106,933,2,2,1
141,928,136,939,106,933,3,3,2
134,867,128,865,133,863,2,2,1
120,890,128,865,134,867,2,2,1
128,865,128,850,133,863,2,3,1
128,850,128,865,104,842,2,2,1
72,885,112,878,86,904,2,2,1
112,878,72,885,89,855,2,2,1
112,878,128,865,120,890,2,2,1
104,842,112,878,89,855,2,2,2
128,865,112,878,104,842,2,2,1
71,852,57,856,53,841,2,2,1
57,856,41,851,53,841,2,3,0
57,856,64,866,41,851,2,3,1
69,889,24,890,64,866,2,3,1
69,889,64,866,72,885,2,3,0
70,890,69,889,72,885,2,3,1
69,889,70,890,59,933,2,3,0
24,890,69,889,59,933,2,3,1
286,952,288,954,287,959,24,16,6
288,954,294,956,287,959,27,17,9
294,956,299,944,305,946,66,29,18
299,944,286,952,280,941,56,22,13
299,944,288,954,286,952,63,24,14
288,954,299,944,294,956,61,24,14
305,946,299,944,306,943,46,24,18
302,927,299,944,280,941,29,19,12
299,944,302,927,306,943,23,19,11
311,948,305,946,306,943,51,31,22
314,947,311,948,306,943,49,30,21
311,948,314,947,313,949,64,30,19
311,948,310,956,305,946,76,38,26
311,948,313,949,310,956,77,34,22
276,921,275,923,271,922,78,51,40
275,923,276,921,277,920,62,41,30
269,914,276,921,271,922,109,67,59
277,920,276,921,269,914,109,67,60
258,945,252,948,250,946,67,31,21
252,948,258,945,255,952,57,29,17
250,946,252,948,249,951,57,25,17
252,948,255,952,249,951,51,26,16
273,950,269,938,277,939,47,19,13
266,942,269,938,273,950,46,23,16
269,938,266,942,263,937,61,35,26
145,886,150,873,168,880,4,4,1
145,886,134,867,150,873,3,3,1
145,886,120,890,134,867,2,3,1
216,906,209,914,213,904,61,29,20
209,914,216,906,217,907,61,29,19
215,899,216,906,213,904,42,26,19
217,907,216,906,215,899,38,25,17
202,918,209,914,204,922,20,17,7
209,914,202,918,203,908,39,26,14
165,826,166,827,157,824,16,10,2
165,826,166,825,166,827,21,12,3
165,826,157,824,167,821,20,12,4
166,825,165,826,167,821,24,14,5
248,558,255,557,255,572,11,5,3
244,562,248,558,255,572,11,5,2
248,558,253,555,255,557,42,11,3
243,566,244,562,255,572,6,4,3
238,559,225,555,243,551,41,14,5
225,555,238,559,236,560,52,15,7
267,547,259,549,258,547,9,3,1
259,549,259,550,258,547,22,4,3
259,550,259,549,267,547,7,3,1
228,573,231,568,239,574,41,13,6
237,585,241,594,236,591,35,9,3
227,563,225,556,236,560,54,14,6
225,556,225,555,236,560,50,15,7
225,556,227,563,220,553,43,9,5
225,555,225,556,220,553,41,11,6
215,540,221,546,220,547,34,12,6
215,540,227,532,221,546,16,8,4
231,531,227,532,227,531,13,13,11
223,548,232,539,239,542,7,5,3
232,539,237,540,239,542,6,6,4
221,546,232,539,223,548,11,6,4
227,532,232,539,221,546,9,7,4
237,540,232,539,231,531,7,7,5
232,539,227,532,231,531,9,9,7
279,473,276,465,285,468,76,71,62
279,473,272,478,276,465,81,65,60
213,494,221,495,213,501,15,14,10
221,495,213,494,217,490,8,8,5
221,495,224,505,213,501,18,17,14
224,505,221,495,243,497,4,3,2
234,477,221,495,217,490,3,1,0
243,497,221,495,234,477,5,1,1
204,527,208,521,208,533,23,8,7
208,521,204,527,198,513,16,7,5
190,544,204,527,208,533,5,3,2
178,549,190,544,179,552,3,2,2
190,544,178,549,175,544,4,2,2
178,549,179,552,173,559,16,3,2
231,474,243,469,234,477,16,2,2
210,478,231,475,217,490,4,2,1
227,470,231,475,210,478,4,2,0
231,475,234,477,217,490,3,1,1
231,475,231,474,234,477,9,3,3
213,403,221,407,213,408,18,0,2
213,403,212,385,232,394,23,1,2
221,407,213,403,232,394,24,1,3
213,413,229,418,215,423,17,1,2
229,418,213,413,221,407,19,1,2
241,437,260,424,254,443,14,1,1
299,536,292,541,291,532,22,2,3
292,541,277,538,291,532,34,4,7
292,542,292,541,301,537,30,1,4
292,541,299,536,301,537,25,1,3
292,541,292,542,289,545,24,1,2
277,538,292,541,289,545,18,3,3
277,538,286,529,291,532,40,4,8
286,529,287,527,291,532,14,2,1
276,530,286,529,277,538,40,4,8
287,527,286,529,282,524,23,2,3
286,529,276,530,282,524,57,8,12
227,582,228,585,225,590,15,5,3
228,585,228,588,225,590,15,5,3
302,595,289,588,298,584,16,5,4
289,588,292,574,298,584,5,3,2
289,588,281,581,292,574,4,4,2
153,506,158,524,148,510,16,5,3
158,524,153,506,156,504,19,5,3
158,524,147,522,148,510,14,4,2
144,481,143,473,152,465,4,1,1
126,470,135,476,120,485,18,2,2
156,504,154,500,164,502,5,2,1
153,506,154,500,156,504,15,4,3
177,492,144,481,176,468,3,2,2
154,500,177,492,164,502,2,2,1
177,492,154,500,144,481,6,2,2
197,503,177,492,189,491,11,6,4
197,503,189,491,198,493,27,13,11
201,496,197,503,198,493,45,31,26
202,508,197,503,201,496,33,22,18
154,500,140,495,144,481,15,4,3
140,495,153,506,148,510,14,4,3
140,495,154,500,153,506,15,4,3
155,526,151,538,148,524,3,3,1
147,522,155,526,148,524,7,3,2
155,526,147,522,158,524,9,3,2
155,526,158,524,160,525,16,4,4
140,556,111,555,127,543,1,1,1
140,556,117,591,111,555,1,1,1
117,591,140,556,161,571,1,1,1
173,770,170,753,195,758,16,4,2
207,740,199,713,219,731,15,6,2
199,713,207,740,190,727,13,4,1
199,713,186,703,195,702,10,4,2
199,713,190,727,186,703,7,3,1
177,734,169,749,167,726,6,2,1
154,690,153,698,145,688,1,1,1
154,690,145,688,154,658,1,1,1
172,688,154,690,177,668,1,1,1
154,690,154,658,177,668,1,1,1
153,698,170,695,167,726,1,1,1
186,703,170,695,172,688,1,1,1
170,695,154,690,172,688,1,1,1
154,690,170,695,153,698,1,1,1
153,698,128,704,136,690,1,1,1
108,702,128,704,115,719,1,1,1
128,704,153,698,167,726,1,1,1
128,704,108,702,114,690,1,1,1
136,690,128,704,114,690,1,1,1
120,749,116,754,118,749,1,1,1
126,747,120,749,118,749,2,2,2
248,723,256,728,246,733,34,12,5
256,728,248,723,256,726,36,15,7
256,728,254,739,246,733,33,11,4
254,739,256,728,259,730,40,13,5
276,729,278,740,265,735,8,6,2
285,718,276,729,276,715,3,3,0
287,719,276,729,285,718,3,3,0
276,729,282,743,278,740,5,4,1
276,729,266,727,276,715,2,3,0
254,739,243,746,246,733,33,18,9
230,727,219,736,219,731,21,15,8
219,736,230,727,233,737,21,15,8
219,736,207,740,219,731,15,5,1
221,767,220,769,220,765,29,14,8
220,769,213,774,220,765,30,12,7
205,768,213,753,220,765,29,8,2
213,774,205,768,220,765,29,10,4
205,768,213,774,210,776,26,6,2
205,768,210,776,195,776,28,7,2
225,787,215,780,226,779,10,7,2
213,774,215,780,210,776,14,2,0
225,788,215,780,225,787,8,7,1
198,790,206,785,206,792,35,8,3
198,790,189,798,189,793,64,19,7
189,798,198,790,204,795,54,15,5
206,785,198,790,195,776,37,8,4
198,790,193,776,195,776,39,10,3
186,779,198,790,189,793,42,14,4
193,776,198,790,186,779,35,12,3
224,766,221,767,220,765,23,13,6
224,766,220,769,221,767,26,14,8
223,745,219,736,233,737,25,18,12
219,736,223,745,219,741,15,11,6
240,778,256,768,246,786,10,2,1
240,778,243,769,256,768,9,2,1
240,785,240,778,246,786,8,5,1
240,778,240,785,233,781,19,9,5
267,710,269,696,276,702,13,5,2
267,710,276,702,276,715,5,4,1
269,696,267,710,261,693,8,4,2
269,696,276,699,276,702,22,6,5
266,685,261,693,262,680,24,6,5
267,682,266,685,262,680,16,5,1
278,678,277,677,282,673,57,15,8
314,662,292,683,284,675,5,4,2
292,687,292,683,314,694,5,4,1
287,683,290,692,281,693,44,15,8
290,692,287,683,292,687,25,10,2
287,683,292,683,292,687,15,8,1
287,683,279,679,284,675,45,18,12
292,683,287,683,284,675,17,9,5
255,613,260,619,258,623,25,8,2
260,619,261,621,258,623,20,5,1
261,621,260,619,261,620,11,1,0
261,620,260,619,277,611,3,3,1
260,619,255,613,277,611,7,4,1
257,676,268,670,262,680,8,4,2
268,670,257,676,254,669,7,4,2
261,693,257,676,262,680,22,5,4
249,668,246,664,246,663,19,7,4
246,664,242,658,246,663,20,7,5
246,664,238,672,242,658,24,6,4
245,614,249,627,228,618,6,4,1
249,627,230,632,228,618,6,4,2
255,613,249,627,245,614,26,7,3
249,627,255,613,258,623,35,10,4
233,644,237,652,226,644,29,8,4
237,652,233,644,237,646,19,6,4
266,638,252,630,260,625,28,9,3
266,638,259,643,252,630,30,10,5
261,621,266,638,260,625,24,8,3
266,638,261,621,279,613,7,4,2
289,622,266,638,279,613,3,3,2
266,638,289,622,269,640,3,3,2
250,656,261,645,266,652,14,5,3
259,643,261,645,250,656,5,3,2
266,652,261,645,265,647,40,11,7
266,638,261,645,259,643,51,20,12
269,648,266,652,265,647,57,19,11
269,648,271,649,266,652,53,20,10
313,644,286,655,290,625,4,4,2
286,655,269,640,290,625,6,5,3
282,673,286,655,284,675,8,3,2
286,655,314,662,284,675,3,3,1
293,617,292,615,306,609,4,5,2
292,615,306,607,306,609,5,5,2
292,615,280,612,284,608,4,4,2
304,598,292,615,284,608,6,6,2
306,607,292,615,304,598,11,6,2
292,615,289,622,280,612,3,3,2
292,615,293,617,289,622,4,4,2
313,617,315,624,312,625,55,12,4
321,622,318,616,319,612,48,26,16
318,616,313,617,319,612,70,25,12
315,624,318,616,321,622,80,36,18
318,616,315,624,313,617,82,30,12
314,661,313,644,324,650,5,4,1
314,661,286,655,313,644,3,3,2
286,655,314,661,314,662,3,3,2
315,624,317,629,312,625,35,5,3
317,629,315,624,321,622,75,22,6
228,704,236,703,227,710,55,38,28
236,697,236,703,228,704,48,35,23
238,695,236,697,237,694,25,11,5
238,688,238,695,237,694,21,7,4
248,723,253,722,256,726,36,17,8
257,715,253,722,256,714,18,13,6
253,722,248,723,256,714,34,20,13
240,735,230,727,241,724,19,10,3
240,735,241,724,246,733,22,10,2
240,735,237,738,233,737,20,12,4
230,727,240,735,233,737,20,12,4
243,746,240,735,246,733,26,16,6
240,735,243,746,237,738,25,16,7
225,674,224,683,213,680,23,15,6
220,671,225,674,213,680,24,15,6
224,683,225,674,230,677,26,17,9
229,661,237,652,239,655,35,7,5
237,652,229,661,226,644,30,7,4
242,658,229,661,239,655,33,7,5
200,693,197,696,197,675,13,4,1
209,681,200,693,197,675,20,10,4
197,696,200,693,209,698,27,8,3
200,693,209,681,209,698,23,8,3
192,638,185,645,183,634,16,9,3
171,641,185,645,185,646,2,2,2
183,634,185,645,171,641,3,2,2
193,641,185,651,185,646,20,10,3
185,651,193,641,202,649,28,15,7
185,645,193,641,185,646,19,9,3
193,641,185,645,192,638,18,9,3
192,633,192,638,183,634,18,11,4
192,633,183,634,188,626,34,24,13
192,629,192,633,188,626,51,37,24
192,638,192,633,197,636,50,39,23
192,633,201,629,197,636,63,50,34
201,629,192,633,192,629,65,52,36
185,652,195,658,186,656,21,8,3
185,652,185,651,195,658,21,8,3
185,652,186,656,177,668,3,2,1
171,641,185,652,177,668,2,2,1
185,651,185,652,171,641,2,2,2
183,667,172,688,177,668,1,1,1
183,667,197,675,172,688,3,2,1
186,656,183,667,177,668,3,2,1
187,663,183,667,186,656,4,2,1
198,670,195,658,200,657,23,15,9
183,667,198,670,197,675,6,4,2
198,670,183,667,187,663,8,6,3
209,659,198,670,200,657,23,15,7
210,631,214,635,210,637,8,2,0
201,629,210,631,210,637,31,21,13
206,650,214,642,211,653,47,36,26
206,650,204,647,214,642,48,37,27
204,647,206,650,202,649,49,36,25
202,649,206,650,200,657,30,17,9
206,650,209,659,200,657,31,19,11
209,659,206,650,211,653,42,32,20
164,584,169,579,165,589,24,19,13
169,579,164,584,161,571,20,17,12
117,591,164,584,136,607,1,1,1
164,584,117,591,161,571,2,1,1
169,579,173,575,181,580,14,9,6
173,575,169,579,161,571,18,16,11
181,570,173,575,173,559,12,4,2
173,575,161,571,173,559,9,6,4
70,361,66,362,71,343,1,1,1
66,362,53,357,71,343,1,1,1
66,362,70,361,55,384,1,1,1
53,357,66,362,55,384,1,1,1
92,334,76,333,74,318,2,2,1
76,333,92,334,77,336,2,1,1
76,333,65,338,74,318,1,1,1
76,333,77,336,65,338,1,1,1
105,324,92,334,104,319,4,2,1
92,334,105,324,107,340,4,2,1
105,342,92,334,107,340,6,2,1
37,638,46,665,31,666,1,1,1
46,665,37,638,65,655,1,1,1
37,638,62,613,74,623,1,1,1
37,638,40,611,62,613,1,1,1
37,638,30,626,40,611,1,1,1
71,651,37,638,74,623,1,1,1
65,655,37,638,71,651,1,1,1
8,634,2,632,16,613,2,2,2
2,632,8,634,1,643,1,1,1
11,669,20,652,31,666,1,1,1
20,652,37,638,31,666,1,1,1
37,638,20,652,23,643,1,1,1
239,894,241,897,237,902,12,12,8
231,901,239,894,237,902,9,10,7
241,897,239,894,251,873,23,21,14
161,797,156,822,149,789,10,4,2
164,807,166,810,156,822,22,10,5
161,797,164,807,156,822,19,8,3
164,807,161,797,164,804,20,5,1
178,787,186,779,189,793,37,16,6
178,787,178,784,186,779,30,12,4
178,791,178,787,189,793,46,21,10
178,787,178,791,176,791,22,12,7
168,786,178,787,176,791,18,7,2
178,784,178,787,168,786,17,5,2
185,867,192,868,187,881,48,34,21
185,867,177,874,178,870,46,28,17
177,874,185,867,187,881,53,30,19
184,865,185,867,178,870,42,29,18
192,868,185,867,184,865,54,43,31
179,857,189,852,184,865,58,45,33
177,869,179,857,184,865,44,30,18
179,857,188,849,189,852,50,42,32
179,857,177,855,188,849,46,37,27
179,857,177,869,165,860,40,19,7
177,855,179,857,165,860,40,18,5
188,849,180,845,181,844,33,27,20
177,855,180,845,188,849,38,31,23
175,835,180,845,168,837,23,11,5
180,845,175,835,181,844,25,18,10
175,854,165,860,161,855,41,15,5
175,854,177,855,165,860,40,16,4
175,854,161,855,168,837,31,9,2
180,845,175,854,168,837,25,13,5
175,854,180,845,177,855,24,17,8
186,799,186,807,179,802,69,33,21
186,799,189,798,186,807,77,32,17
178,791,186,799,179,802,56,29,17
186,799,178,791,189,793,58,27,15
189,798,186,799,189,793,73,27,12
180,819,181,817,185,821,24,18,10
175,828,180,819,185,821,25,18,9
180,819,175,828,173,819,28,16,7
173,816,180,819,173,819,38,17,8
181,817,180,819,176,813,41,19,8
180,819,173,816,176,813,40,18,7
207,871,209,876,206,875,66,28,16
209,876,207,871,210,876,66,28,17
206,875,209,876,204,883,74,31,24
209,876,214,881,204,883,65,28,20
209,876,210,876,214,881,61,26,19
163,866,163,864,165,860,35,12,5
163,864,161,860,165,860,33,9,4
163,864,163,866,157,863,15,5,1
161,860,163,864,157,863,19,4,1
345,869,341,871,339,867,19,11,4
340,872,341,871,349,873,24,11,7
341,871,345,869,349,873,19,10,5
341,861,345,869,339,867,21,20,14
345,869,341,861,346,859,28,28,22
335,862,341,861,339,867,15,15,10
334,826,335,818,341,830,45,27,22
336,832,334,826,341,830,42,23,19
326,816,318,817,321,810,34,7,3
326,802,326,816,321,810,23,7,1
326,816,326,802,335,818,34,9,5
324,835,322,834,327,829,25,8,3
322,834,324,835,317,843,36,11,7
317,843,320,845,309,857,46,12,4
320,845,323,847,309,857,37,12,4
324,835,320,845,317,843,33,12,8
320,845,324,835,323,847,22,11,8
333,849,332,846,335,843,27,29,22
323,847,332,846,333,849,15,18,12
332,846,324,835,335,843,15,16,9
324,835,332,846,323,847,14,14,8
257,814,254,815,258,813,49,15,5
257,814,256,823,254,815,37,11,2
267,818,257,814,258,813,41,12,6
256,823,257,814,267,818,38,11,4
255,823,256,823,255,825,17,4,0
256,823,255,823,254,815,35,11,1
254,815,255,823,240,826,32,7,2
255,823,254,827,240,826,33,7,2
254,827,255,823,255,825,19,4,1
282,848,278,851,277,846,12,5,0
282,852,278,851,282,848,9,5,0
278,851,282,852,282,855,5,6,1
273,856,278,851,282,855,6,6,2
327,786,318,766,328,760,19,6,3
321,795,318,803,316,800,12,10,2
318,803,321,795,326,802,17,9,2
345,797,354,762,360,765,7,4,1
354,762,345,797,351,761,6,4,1
354,762,358,756,360,765,67,19,11
358,756,354,762,351,761,77,20,13
333,791,327,786,351,761,4,4,1
345,797,333,791,351,761,5,4,2
333,791,345,797,337,796,9,5,3
326,802,333,791,337,796,28,6,3
313,759,309,763,306,758,35,7,3
313,759,318,766,309,763,36,9,4
379,736,361,733,364,728,4,4,3
361,733,341,725,364,728,3,3,2
341,725,361,733,341,726,3,3,2
308,805,299,808,301,801,24,6,5
303,798,308,805,301,801,17,4,2
308,805,315,809,311,819,26,9,4
299,808,308,805,311,819,22,7,4
299,802,299,808,293,807,21,5,4
299,808,299,802,301,801,26,6,5
293,799,299,802,293,807,24,5,4
299,802,293,799,301,801,25,5,4
315,809,317,806,321,810,15,6,0
317,806,318,803,321,810,11,6,0
318,803,317,806,316,800,7,7,0
292,764,285,775,284,767,32,23,13
296,775,292,764,298,764,20,11,3
292,764,296,775,285,775,27,19,9
248,802,253,791,264,797,34,8,2
253,791,261,789,264,797,31,6,2
277,792,264,797,275,790,5,3,0
277,792,273,811,264,797,5,4,0
273,811,277,792,293,799,9,3,0
288,785,277,792,275,790,18,4,0
277,792,288,785,293,799,16,4,0
274,817,293,807,283,825,5,3,0
274,817,273,811,293,807,3,3,0
276,822,274,817,283,825,11,5,1
274,817,276,822,267,818,27,12,4
273,811,274,817,267,818,17,7,2
292,838,289,836,293,837,23,8,6
289,836,292,838,292,843,36,13,5
285,701,282,710,276,702,20,5,2
282,710,285,701,292,708,33,8,4
285,701,285,700,296,695,41,13,6
292,708,285,701,296,695,43,12,6
284,712,292,708,292,709,31,6,3
284,712,282,710,292,708,29,6,4
287,719,284,712,292,709,25,5,3
284,712,287,719,285,718,17,4,4
284,712,285,718,276,715,8,4,1
282,710,284,712,276,715,12,4,1
301,711,305,706,310,709,44,12,2
300,703,305,706,301,711,28,8,2
285,700,285,698,296,695,41,13,6
285,698,290,692,296,695,39,12,6
290,692,285,698,281,693,44,11,5
276,699,285,698,285,700,20,5,1
285,698,276,699,281,693,22,4,0
301,732,276,729,287,719,12,3,1
276,729,301,732,282,743,5,3,1
312,717,324,713,322,723,12,8,4
331,717,324,713,325,707,4,5,2
368,860,374,852,384,859,85,82,75
383,868,383,873,369,875,57,58,53
368,860,383,868,369,875,60,61,56
383,868,368,860,383,866,61,62,56
369,875,385,881,374,888,36,31,26
383,873,385,881,369,875,49,49,45
385,881,382,889,374,888,27,19,15
385,881,391,889,382,889,27,26,20
352,819,341,815,344,812,16,8,2
341,815,352,819,341,830,27,15,9
370,775,364,808,345,797,6,4,1
345,797,364,808,344,812,18,6,3
364,808,352,819,344,812,28,9,4
415,886,409,891,402,887,75,40,34
386,862,383,866,384,859,79,82,75
375,754,379,736,396,757,2,3,1
379,770,375,754,396,757,3,3,1
375,754,361,733,379,736,2,2,2
361,733,375,754,358,756,2,2,2
415,564,403,564,412,558,16,6,4
415,564,412,579,403,564,8,1,0
422,557,415,564,412,558,19,6,5
415,564,422,557,427,570,14,4,3
411,538,414,545,404,548,95,95,89
417,540,411,538,413,531,114,115,110
414,545,411,538,417,540,105,106,101
410,554,417,551,412,558,77,71,66
410,554,414,545,417,551,89,88,82
414,545,410,554,404,548,93,90,84
388,556,381,554,394,544,82,78,73
394,552,388,556,394,544,84,80,74
381,554,388,556,386,561,23,15,13
374,583,375,586,368,586,11,0,1
375,586,374,583,385,590,11,1,1
385,590,392,584,397,590,15,1,2
392,584,400,579,397,590,22,1,3
392,584,395,577,400,579,24,1,3
374,583,392,584,385,590,13,1,1
395,577,383,565,392,565,8,1,0
386,561,383,565,381,563,8,2,2
383,565,374,583,381,563,11,1,1
392,584,383,565,395,577,13,1,1
383,565,392,584,374,583,12,1,1
349,658,331,636,344,626,20,10,6
344,626,331,636,331,626,3,4,2
331,636,326,631,331,626,25,11,4
372,643,363,653,358,628,11,5,2
363,653,349,658,358,628,7,5,2
335,663,314,661,324,650,18,6,3
314,661,335,663,314,662,8,4,2
665,243,667,253,665,253,27,29,23
676,225,678,232,671,233,42,20,14
678,232,679,222,682,242,12,4,2
678,232,676,225,679,222,12,6,3
657,231,669,230,660,241,19,17,13
669,230,676,225,671,233,56,29,22
676,225,669,230,668,227,56,29,22
669,230,663,225,668,227,44,32,25
669,230,657,231,663,225,37,29,25
649,234,650,245,647,235,31,20,16
686,621,672,634,669,627,4,3,0
690,639,672,634,686,621,2,3,0
690,648,690,639,694,646,2,3,0
690,648,694,646,700,658,3,4,1
694,670,690,648,700,658,3,4,1
689,672,690,648,694,670,3,4,1
695,748,693,708,701,755,2,2,1
679,725,679,739,663,725,2,2,2
662,702,679,725,663,725,3,3,1
679,725,662,702,693,708,3,3,1
695,748,679,725,693,708,2,2,1
622,705,626,688,638,699,15,10,6
615,688,622,705,616,707,6,6,6
626,688,622,705,615,688,6,6,6
651,716,662,702,663,725,11,5,3
679,739,645,738,663,725,6,3,2
645,738,634,734,643,728,40,20,15
692,577,681,571,681,569,3,3,0
687,578,681,571,692,577,3,3,0
681,571,687,578,679,575,2,4,0
622,637,632,652,616,644,10,10,7
575,621,587,630,571,631,23,17,13
561,567,551,568,551,562,76,80,71
672,568,681,571,679,575,32,14,8
681,571,672,568,681,569,35,15,8
672,568,672,559,681,569,43,18,11
675,589,698,584,677,602,5,4,1
675,589,687,578,698,584,6,4,1
593,532,593,535,590,531,201,137,120
627,526,614,534,615,527,73,28,17
631,532,614,534,627,526,67,31,21
614,534,611,524,615,527,17,17,9
642,653,639,658,632,652,65,22,11
643,654,639,658,642,653,28,14,5
639,658,643,654,650,659,26,14,8
659,642,649,653,649,643,59,19,7
643,654,649,653,650,659,28,15,10
649,653,642,653,649,643,55,21,8
649,653,643,654,642,653,25,14,7
649,653,653,659,650,659,63,20,10
675,617,677,609,686,621,2,4,1
677,609,677,608,686,621,1,4,1
678,519,680,511,692,515,8,2,2
680,511,678,519,677,508,9,1,1
692,515,680,511,686,502,7,3,1
680,511,677,508,686,502,8,3,0
676,478,678,474,682,477,163,165,157
678,474,690,470,682,477,163,164,155
676,478,680,483,671,488,147,151,142
680,483,676,478,682,477,155,159,151
694,485,680,483,682,477,131,133,124
667,472,666,476,655,471,120,117,111
666,476,667,472,676,478,161,163,155
705,460,697,448,707,455,57,56,50
697,448,705,460,703,463,64,64,58
715,530,705,460,707,455,2,2,1
705,460,715,530,700,476,2,2,2
701,468,705,460,700,476,9,10,7
705,460,701,468,703,463,10,10,7
697,448,706,443,707,455,68,67,62
676,433,692,446,669,447,175,175,163
676,433,689,431,692,446,183,183,171
640,409,634,405,641,407,114,63,53
679,490,668,493,671,488,95,97,89
680,483,679,490,671,488,134,138,130
679,490,681,494,676,501,44,43,37
668,493,679,490,676,501,37,34,29
679,490,694,485,681,494,93,94,87
679,490,680,483,694,485,114,115,108
657,492,650,482,662,483,49,35,31
657,512,657,492,668,493,19,4,3
671,488,663,489,662,483,127,125,119
668,493,663,489,671,488,71,65,60
663,489,657,492,662,483,67,58,55
657,492,663,489,668,493,37,25,22
662,482,653,475,666,476,116,110,105
662,482,671,488,662,483,135,134,127
662,482,666,476,671,488,144,144,137
650,482,662,482,662,483,88,73,68
653,475,662,482,650,482,93,71,68
614,522,619,519,619,523,100,36,23
619,519,614,522,612,520,95,38,27
614,522,611,524,612,520,50,32,29
614,522,619,523,615,527,71,30,16
611,524,614,522,615,527,30,22,15
605,521,599,529,599,519,37,36,30
605,521,611,524,599,529,32,33,28
611,524,605,521,612,520,38,36,33
523,636,518,638,518,634,15,14,9
527,711,519,701,534,706,77,18,8
519,701,509,715,508,702,20,13,11
521,630,523,636,518,634,17,18,13
523,636,521,630,525,632,14,15,10
512,612,508,599,522,603,19,20,17
425,620,433,623,426,624,6,7,3
422,622,425,620,426,624,8,5,1
422,621,425,620,422,622,12,4,0
425,654,433,653,438,659,7,6,3
433,653,425,654,425,634,7,7,4
435,627,439,634,425,634,10,9,7
426,624,435,627,425,634,10,9,7
433,623,435,627,426,624,11,11,8
467,627,482,624,484,630,49,18,11
564,624,559,626,560,620,35,16,12
559,626,564,624,561,628,56,15,11
564,624,575,621,571,631,83,22,12
561,628,564,624,571,631,98,22,11
512,569,515,576,505,575,20,13,8
516,552,519,561,508,556,30,2,2
519,561,512,569,508,556,32,6,4
519,561,516,552,521,553,23,2,1
526,560,519,561,521,553,27,6,6
519,561,526,560,526,565,46,23,16
565,514,568,515,559,524,42,11,9
568,515,565,514,565,513,50,16,16
578,506,581,501,584,505,54,54,46
592,513,584,511,584,505,66,58,51
562,501,560,493,566,494,96,23,15
549,542,542,546,546,539,54,48,44
549,542,551,537,554,544,58,54,49
551,537,549,542,546,539,44,32,29
530,562,526,560,539,548,45,36,33
530,562,533,569,526,565,48,39,31
533,569,530,562,536,566,53,50,43
539,523,543,525,538,530,175,101,96
551,519,565,514,559,524,44,5,5
551,519,559,524,556,526,37,3,4
537,531,536,524,538,530,228,145,139
531,526,536,524,537,531,241,160,153
536,524,539,523,538,530,235,152,146
536,524,531,526,536,521,203,125,120
539,523,536,524,536,521,252,172,166
513,545,501,553,498,549,103,9,13
501,553,513,545,508,556,97,7,12
513,545,516,552,508,556,98,5,11
517,550,523,543,521,553,81,8,14
513,545,503,534,513,536,112,11,11
470,512,468,510,474,502,150,152,147
474,514,470,512,474,502,144,148,142
474,514,478,524,469,523,121,122,117
478,524,470,528,469,523,108,109,104
560,493,548,502,556,491,44,8,6
548,502,560,493,562,501,45,8,6
527,519,531,526,522,528,120,36,33
523,595,530,590,532,600,21,21,18
530,590,523,595,523,585,25,25,21
534,580,530,590,523,585,33,31,25
530,590,534,580,541,587,55,39,29
521,630,520,626,525,630,17,20,14
520,626,521,630,518,634,17,18,13
536,604,532,605,532,600,11,11,8
551,568,553,573,544,570,63,68,56
553,573,549,579,544,570,61,55,43
561,567,553,573,551,568,62,68,58
553,573,561,567,566,571,71,76,66
553,573,566,571,568,577,58,61,53
549,579,540,572,544,570,78,59,47
540,572,536,566,544,570,63,62,54
540,572,533,569,536,566,65,59,52
534,580,540,581,541,587,74,44,29
540,581,540,572,549,579,93,59,47
540,572,540,581,534,580,120,73,62
569,527,572,529,567,536,61,57,51
572,529,579,530,567,536,43,41,35
572,522,572,529,569,527,41,35,28
585,533,579,530,590,531,80,60,50
593,535,585,533,590,531,140,94,78
558,549,562,550,565,554,98,103,93
560,540,565,542,558,549,119,123,112
565,542,562,550,558,549,111,114,104
568,541,579,545,573,548,82,84,75
579,545,568,541,579,530,56,57,49
579,545,584,539,584,543,66,67,56
584,539,579,545,579,530,60,61,52
585,533,584,539,579,530,65,65,57
584,539,593,540,584,543,150,104,90
584,539,593,535,593,540,147,102,88
584,539,585,533,593,535,144,100,86
701,393,703,378,706,391,110,110,102
701,393,696,392,703,378,155,155,145
679,387,675,390,667,384,96,0,4
675,390,679,387,681,394,53,2,4
711,423,711,417,721,431,2,2,0
711,417,711,416,721,431,2,2,0
711,405,711,396,717,400,2,3,0
711,396,701,393,706,391,68,69,63
693,373,693,364,701,365,132,131,123
693,364,697,358,701,365,114,113,106
697,358,693,364,692,362,89,86,79
688,379,693,373,688,381,106,103,95
681,380,688,379,688,381,35,17,12
696,357,697,358,692,362,80,76,70
697,358,696,357,703,354,105,106,102
711,382,711,388,706,391,20,20,16
711,388,711,382,714,385,2,3,0
711,388,711,396,706,391,21,21,18
698,338,703,336,699,343,39,36,34
698,338,699,329,703,336,12,9,7
703,336,700,324,718,268,2,2,1
699,329,700,324,703,336,7,5,3
567,356,569,358,568,361,78,81,76
569,358,577,368,568,361,39,41,36
564,362,568,361,575,375,38,41,35
558,360,555,359,563,354,62,64,57
435,381,444,372,451,384,217,31,37
444,372,435,381,439,368,212,19,29
452,391,460,384,461,390,221,30,43
460,384,452,391,451,384,226,37,49
456,405,452,391,461,390,220,90,92
447,394,452,391,456,405,167,75,74
579,530,588,517,590,531,98,63,53
584,511,588,517,585,516,137,91,78
588,517,584,511,592,513,119,73,59
595,525,588,517,599,519,153,91,80
588,517,592,513,599,519,152,79,66
653,475,645,473,655,471,143,27,36
590,253,592,246,595,255,25,26,23
633,232,631,240,622,238,28,30,28
621,232,633,232,622,238,28,29,28
633,232,621,232,631,229,12,15,13
631,240,633,232,639,237,31,29,26
650,248,651,254,645,249,50,20,15
651,254,643,259,645,249,71,32,24
643,259,651,254,653,256,67,35,27
649,234,657,242,650,245,23,21,19
657,242,657,231,660,241,12,11,9
657,242,649,234,657,231,18,15,13
657,242,665,243,665,253,23,24,19
665,243,657,242,660,241,17,19,14
638,263,640,260,641,261,43,28,23
626,253,623,258,618,252,27,29,26
626,253,631,240,634,251,16,19,16
631,240,626,253,622,238,18,21,18
626,253,618,252,622,238,20,22,19
662,272,662,262,672,268,26,26,24
647,267,662,262,662,272,25,19,16
511,261,519,258,515,266,175,177,168
519,258,521,265,515,266,161,162,153
528,228,536,225,533,232,34,34,30
530,270,523,268,529,264,113,114,107
530,270,531,272,527,276,133,136,128
547,267,541,262,542,261,53,57,51
530,270,532,268,531,272,81,83,76
540,263,532,268,529,264,79,81,75
532,268,530,270,529,264,79,80,73
545,269,532,268,540,263,66,68,63
532,268,545,269,531,272,68,69,63
544,277,545,269,546,273,74,79,71
545,269,544,277,531,272,99,101,94
516,274,522,271,519,278,116,120,110
519,278,522,271,527,276,99,102,92
522,271,516,274,515,266,104,107,97
522,271,530,270,527,276,105,107,98
530,270,522,271,523,268,98,99,91
521,265,522,271,515,266,104,107,97
522,271,521,265,523,268,38,39,30
516,274,509,277,509,267,89,92,82
504,269,509,277,503,277,137,139,129
509,277,504,269,509,267,139,141,131
544,375,535,377,542,366,90,95,86
481,317,486,310,490,316,128,111,99
483,327,481,317,490,316,160,146,133
553,324,560,325,556,329,77,79,70
425,674,420,677,418,672,9,6,4
424,671,425,674,418,672,15,5,2
420,677,425,674,425,678,7,8,4
425,674,427,676,425,678,12,7,1
427,676,425,674,431,673,41,8,2
425,674,424,671,431,673,68,17,9
373,693,373,684,384,697,10,6,3
373,684,391,680,384,697,7,5,2
373,684,382,662,390,667,4,5,3
391,680,373,684,390,667,3,4,2
391,680,395,685,384,697,4,4,2
395,685,391,680,401,684,5,6,3
392,625,389,628,385,623,103,75,65
389,628,391,635,378,632,75,28,18
385,623,389,628,378,632,96,46,37
393,623,386,621,388,618,48,40,36
393,623,392,625,386,621,83,69,65
406,656,404,659,405,651,66,16,10
407,654,406,656,405,651,105,34,23
413,658,415,649,417,657,124,102,93
413,658,407,654,415,649,137,90,81
413,658,406,656,407,654,109,44,37
422,653,419,661,417,657,77,52,45
425,654,419,661,422,653,41,24,20
436,667,419,661,425,654,52,31,26
424,671,419,661,436,667,93,54,47
414,665,413,680,399,669,4,5,2
413,680,414,665,418,672,10,3,2
399,668,414,665,399,669,6,6,3
414,665,399,668,413,663,7,5,2
396,629,394,637,391,635,92,25,11
396,629,389,628,392,625,34,20,12
389,628,396,629,391,635,90,36,21
396,629,399,627,408,633,84,17,7
396,629,393,623,399,627,22,7,4
393,623,396,629,392,625,17,7,3
398,641,396,629,408,633,70,22,12
394,637,396,629,398,641,104,26,14
394,637,387,644,391,635,114,21,5
382,652,387,644,388,650,64,9,6
391,635,387,644,378,632,76,17,8
393,650,401,647,405,651,81,29,22
401,647,401,645,405,651,145,86,71
401,645,401,647,393,650,77,21,15
427,676,430,679,425,678,10,5,0
430,679,427,676,431,673,34,7,1
430,679,431,673,440,675,102,48,40
440,683,430,679,440,675,58,21,15
448,672,447,685,440,675,91,53,45
447,685,440,683,440,675,110,62,53
447,685,455,686,447,688,119,61,49
606,648,609,642,616,644,15,15,13
615,661,606,648,616,644,11,11,9
606,648,615,661,606,660,10,9,7
602,847,616,852,604,877,2,2,2
612,829,618,831,615,833,16,3,2
612,829,617,823,620,828,23,7,6
618,831,612,829,620,828,18,4,4
590,730,581,728,591,723,30,18,12
581,728,583,719,591,723,14,11,9
599,736,591,738,590,730,88,29,13
572,738,561,730,574,731,127,83,70
559,795,560,783,562,787,37,32,25
612,714,609,725,602,715,19,10,7
609,725,612,714,616,721,31,13,8
602,715,609,725,591,723,15,11,8
606,696,597,695,596,693,6,6,4
596,703,603,705,602,715,10,10,8
603,705,606,696,616,707,9,9,7
603,705,597,695,606,696,10,10,8
597,695,603,705,596,703,11,11,9
612,714,603,705,616,707,7,8,5
603,705,612,714,602,715,8,8,6
485,685,495,674,487,694,8,9,6
461,669,461,671,448,672,8,9,6
461,671,461,669,462,668,15,15,13
469,656,465,651,467,649,6,6,4
465,651,469,656,462,654,8,9,7
469,656,462,668,462,654,7,7,5
469,656,471,663,462,668,7,8,5
471,663,466,670,462,668,7,7,5
461,671,466,670,463,674,13,14,11
466,670,461,671,462,668,14,15,12
468,904,465,903,471,901,28,9,5
465,903,471,898,471,901,37,12,6
532,910,542,907,533,927,8,8,5
463,840,467,851,463,856,17,6,4
467,851,463,840,469,841,22,5,4
487,818,483,813,491,811,6,6,3
483,813,486,800,491,811,8,8,4
354,472,352,471,357,469,178,173,168
355,474,354,472,357,469,172,168,163
352,475,346,472,352,471,180,175,169
354,472,352,475,352,471,159,155,150
352,475,355,474,354,476,138,135,130
352,475,354,472,355,474,177,173,168
327,515,312,507,327,510,86,81,76
315,521,312,507,327,515,85,79,75
398,409,382,408,384,403,112,110,104
382,408,381,407,384,403,113,112,106
381,407,382,408,381,411,115,114,108
404,398,401,397,400,393,26,2,1
398,409,408,413,407,423,114,112,108
407,423,420,429,418,434,130,128,123
392,422,398,409,407,423,118,117,112
398,409,392,422,388,421,123,122,116
392,422,388,427,388,421,154,153,147
407,439,408,437,409,438,132,131,127
408,437,408,436,409,438,181,179,175
408,437,407,439,403,435,142,141,137
408,436,408,437,403,435,138,137,133
467,403,469,413,456,405,158,70,70
469,413,455,412,456,405,133,58,57
455,412,469,413,466,420,51,9,9
459,430,453,424,466,420,68,7,12
455,412,451,408,456,405,28,1,0
451,408,447,394,456,405,122,52,52
440,418,433,416,441,406,55,4,8
411,455,418,447,419,461,161,162,157
410,463,411,455,419,461,170,171,166
408,457,411,455,410,463,179,179,175
411,455,408,457,403,451,172,173,168
424,440,426,449,420,441,136,137,132
424,440,420,441,418,434,131,132,127
416,444,420,441,418,447,139,140,135
416,442,409,438,418,434,145,144,140
416,442,414,443,409,438,149,147,143
420,441,416,442,418,434,138,138,134
416,444,416,442,420,441,141,142,137
416,442,416,444,414,443,178,177,173
407,439,411,450,401,445,153,152,148
414,443,411,450,407,439,164,163,159
401,445,411,450,403,451,164,163,159
411,450,411,455,403,451,165,165,160
411,455,411,450,418,447,170,170,166
411,450,416,444,418,447,169,169,165
416,444,411,450,414,443,157,156,152
387,442,394,440,389,446,174,173,169
387,442,387,441,394,440,189,189,185
386,447,387,442,389,446,173,172,169
375,443,387,442,386,447,173,172,170
387,441,387,442,378,437,166,166,162
387,442,375,443,378,437,174,173,169
381,435,387,441,378,437,159,159,154
378,433,381,435,378,437,156,156,150
381,435,378,433,379,432,165,165,159
445,455,442,458,439,450,153,155,148
450,444,445,455,439,450,141,143,137
433,448,429,446,431,445,135,135,130
429,446,424,440,431,445,148,149,144
424,440,429,446,426,449,148,149,144
438,443,434,448,431,445,150,150,144
434,448,433,448,431,445,150,149,143
434,448,438,443,439,450,140,140,135
491,497,495,491,497,493,154,156,149
495,491,491,497,489,492,163,164,158
491,497,484,501,489,492,151,153,148
485,480,479,486,479,471,152,153,147
467,472,468,460,473,462,152,153,146
444,476,451,478,445,480,173,173,169
430,474,444,476,445,480,176,177,171
439,463,441,471,437,466,169,170,163
439,463,435,464,439,462,168,169,163
435,464,439,463,437,466,150,151,144
439,463,441,460,441,471,154,155,147
441,460,439,463,439,462,152,154,145
436,459,441,460,439,462,155,156,149
441,460,436,459,442,458,128,129,121
441,471,432,469,437,466,176,177,170
472,445,476,429,480,440,62,5,10
533,478,523,473,523,465,72,4,7
520,496,512,484,520,486,149,12,19
496,402,493,400,497,397,39,17,14
494,410,493,400,496,402,58,7,9
335,468,327,475,326,467,170,166,160
400,460,398,450,403,451,160,161,156
392,453,398,450,400,460,167,168,163
398,450,398,448,403,451,173,173,169
398,450,392,453,398,448,181,179,175
399,467,400,462,410,463,179,180,175
400,462,408,457,410,463,170,172,167
408,457,400,462,400,460,177,179,174
400,462,397,465,400,460,154,156,151
397,465,400,462,399,467,187,189,184
356,465,361,468,357,469,178,175,169
361,468,356,465,360,460,171,168,162
352,471,356,465,357,469,176,171,165
346,472,345,462,352,471,165,159,154
345,462,348,461,352,471,169,163,158
392,458,392,453,400,460,173,175,170
392,458,391,456,392,453,199,199,195
391,456,392,458,391,459,225,227,222
392,458,397,465,391,459,181,183,178
397,465,392,458,400,460,174,176,171
446,552,439,554,444,547,65,61,55
439,554,446,552,446,553,27,17,14
422,541,417,540,426,532,114,115,110
422,541,414,545,417,540,93,94,89
422,541,424,542,417,551,92,94,88
414,545,422,541,417,551,93,95,89
429,541,432,534,436,539,110,111,106
423,523,426,525,426,532,145,146,141
426,525,432,517,434,522,149,150,145
432,517,426,525,423,523,147,148,143
420,515,432,517,423,523,157,158,153
446,509,451,506,455,509,164,165,160
457,518,446,509,455,509,155,156,151
446,509,457,518,443,515,152,153,148
482,547,489,541,490,548,70,6,10
490,548,489,541,495,539,74,4,6
489,541,496,535,495,539,87,19,20
461,491,458,493,461,489,164,165,160
467,489,461,491,461,489,176,177,172
461,491,467,489,467,497,167,168,163
461,491,467,497,459,497,175,176,171
458,493,461,491,459,497,178,179,174
453,486,454,492,452,492,149,149,145
454,492,454,498,452,492,142,143,138
454,498,454,492,458,493,174,175,170
463,508,458,513,455,509,149,150,145
458,513,457,518,455,509,146,147,142
444,519,457,518,444,523,139,140,135
457,518,444,519,443,515,143,144,139
444,519,439,514,443,515,151,152,147
439,514,444,519,434,520,152,153,148
458,499,454,498,459,497,198,199,194
454,498,458,499,455,505,158,159,154
455,505,458,499,463,508,156,157,152
458,499,466,507,463,508,154,155,150
467,497,458,499,459,497,149,150,145
466,507,458,499,467,497,159,160,155
475,536,480,537,477,544,67,55,48
420,515,424,511,432,517,158,159,155
404,517,408,524,403,527,143,144,139
404,517,405,514,409,516,163,164,159
404,517,405,513,405,514,145,146,141
405,513,404,517,396,520,157,157,153
423,502,419,505,416,503,164,165,162
419,505,417,507,416,503,165,166,163
417,507,419,505,422,508,164,165,162
425,485,434,490,428,493,170,170,167
430,474,425,485,420,478,180,181,177
434,490,425,485,430,474,173,174,170
404,477,409,482,403,479,153,154,149
409,482,404,477,407,473,165,166,161
419,475,409,482,407,473,173,174,170
424,542,428,556,417,551,91,91,84
428,556,422,557,417,551,85,80,75
429,541,428,556,424,542,90,89,83
428,556,434,555,429,560,27,9,9
422,557,428,556,429,560,26,10,9
426,578,420,586,418,581,43,9,12
409,590,420,586,421,590,17,1,1
420,586,408,586,418,581,33,2,4
420,586,409,590,408,586,17,1,1
385,530,377,532,380,529,109,109,105
377,532,385,530,386,537,103,104,99
382,519,385,530,380,529,131,132,127
391,522,385,530,382,519,136,136,132
385,530,391,522,393,523,136,136,132
378,490,377,497,367,489,168,167,163
381,501,384,494,384,502,178,177,173
386,488,384,494,380,490,188,187,183
384,494,390,500,384,502,168,167,163
384,494,391,498,390,500,156,155,151
384,494,386,488,394,492,178,176,173
391,498,384,494,394,492,183,181,177
396,471,403,476,397,480,184,185,180
396,471,387,478,394,468,177,178,174
396,471,397,480,387,478,176,176,172
399,467,396,471,394,468,186,187,182
403,476,396,471,399,467,178,179,174
433,608,418,601,421,590,8,3,1
437,605,433,608,421,590,8,3,1
418,601,433,608,424,612,30,8,4
399,627,409,630,408,633,84,18,6
409,630,416,626,408,633,33,10,3
319,611,309,615,306,609,54,15,7
309,615,319,611,313,617,64,20,8
309,615,293,617,306,609,8,4,2
293,617,309,615,312,625,8,4,2
309,615,313,617,312,625,30,4,1
314,583,318,576,319,581,2,2,2
314,583,319,581,313,600,3,3,2
307,591,304,598,302,595,76,28,18
305,589,307,591,302,595,79,35,28
304,598,307,591,313,600,54,21,11
307,591,314,583,313,600,25,11,8
332,584,334,575,341,577,5,2,2
332,584,331,584,334,575,3,2,1
344,596,332,584,341,577,3,2,2
323,604,332,584,344,596,2,2,1
331,584,332,584,323,604,2,2,1
335,513,341,519,335,518,109,108,101
330,523,333,531,321,525,66,63,58
333,531,327,538,321,525,38,34,31
356,516,367,514,365,524,135,135,128
367,514,356,516,364,506,155,154,147
378,553,365,556,362,551,28,21,17
371,558,365,556,378,553,14,7,4
365,556,355,553,362,551,10,3,0
355,553,365,556,361,562,6,2,0
361,562,365,556,371,559,6,3,1
365,556,371,558,371,559,7,3,1
487,230,481,235,480,229,68,69,64
490,250,492,249,491,255,81,87,76
485,256,490,250,491,255,89,94,83
495,246,499,244,499,251,110,114,106
492,249,495,246,499,251,98,103,94
489,247,485,240,492,241,74,76,67
485,240,489,247,487,248,66,68,58
489,247,490,250,487,248,123,127,117
490,250,489,247,492,249,103,109,99
507,262,511,261,509,267,181,182,173
491,275,492,273,493,281,152,154,144
495,270,504,269,503,277,123,125,115
492,273,495,270,503,277,129,131,121
505,257,495,259,499,251,86,89,81
505,257,499,251,506,252,89,92,84
507,254,505,257,506,252,168,171,163
505,257,507,254,511,261,148,150,142
507,262,505,257,511,261,175,177,168
455,231,453,223,463,231,61,31,22
453,223,455,231,452,234,129,37,19
456,243,455,231,463,231,119,48,32
455,231,452,237,452,234,133,36,14
452,237,455,231,456,243,113,29,13
458,244,456,243,464,242,142,60,41
456,243,458,244,456,248,90,28,11
485,130,488,126,491,128,11,12,9
485,130,480,131,488,126,14,14,12
473,124,467,120,472,118,8,9,7
473,124,480,131,473,133,13,13,11
465,122,473,124,473,133,15,15,13
473,124,465,122,467,120,11,12,9
480,131,473,124,488,126,13,14,11
474,115,473,124,472,118,7,7,5
473,124,474,115,488,126,13,13,11
510,150,505,144,510,142,130,36,17
505,144,510,150,502,153,113,35,20
498,146,505,144,502,153,115,33,19
478,142,476,151,472,144,10,13,9
482,154,476,151,478,142,16,11,7
499,251,503,243,506,252,92,96,90
499,244,503,243,499,251,82,86,80
513,216,502,217,508,203,26,27,25
508,179,490,172,509,175,17,17,17
490,172,502,186,493,187,22,22,21
490,172,508,179,502,186,20,20,20
530,195,531,201,522,194,25,26,23
530,195,538,183,539,197,19,20,17
538,199,530,195,539,197,27,28,25
530,195,538,199,531,201,30,31,28
515,184,508,179,519,176,20,20,18
508,179,515,184,502,186,21,21,20
515,184,516,198,502,186,19,19,18
502,202,502,204,497,200,31,31,29
502,204,493,205,497,200,29,30,27
502,204,502,202,508,203,24,24,22
531,201,526,206,522,194,24,25,22
526,206,516,198,522,194,26,26,24
514,163,522,159,519,176,18,18,16
514,163,511,161,522,159,18,19,16
509,175,514,163,519,176,15,15,14
451,159,458,165,452,170,32,13,8
451,159,452,157,459,161,15,14,9
458,165,451,159,459,161,15,11,7
451,159,448,152,452,157,29,27,25
460,168,463,166,464,171,129,52,28
460,168,458,165,463,166,89,23,9
458,165,460,168,452,170,64,18,10
460,168,452,174,452,170,117,44,27
460,168,464,171,454,177,107,50,32
452,174,460,168,454,177,115,49,34
453,195,455,197,453,205,32,33,28
455,197,457,199,453,205,30,30,27
455,197,453,195,466,192,27,27,24
462,199,455,197,466,192,27,27,24
457,199,455,197,462,199,23,23,19
450,194,444,203,441,201,29,25,20
446,205,444,203,450,194,25,24,19
482,218,479,227,465,215,26,26,23
479,227,473,232,465,215,31,32,29
473,232,479,238,464,242,47,46,40
479,238,473,232,481,235,49,50,43
464,242,479,238,473,252,81,71,60
485,240,479,238,481,235,77,78,70
479,238,487,248,473,252,82,84,74
479,238,485,240,487,248,78,80,71
476,190,486,189,478,196,26,26,23
473,195,476,190,478,196,33,33,30
476,190,473,195,466,192,28,28,26
463,210,474,206,465,215,30,31,27
425,294,414,307,422,290,31,32,28
432,287,425,294,422,290,26,27,23
402,314,401,306,410,312,23,23,20
475,306,475,304,484,307,94,95,82
479,298,472,294,476,289,139,131,119
472,295,472,294,479,298,157,156,143
472,297,472,295,479,298,162,163,149
475,304,472,297,479,298,164,165,153
472,297,475,304,470,300,185,187,174
421,258,420,252,423,257,25,25,23
415,276,426,270,422,280,26,27,23
426,270,415,276,415,266,25,25,22
449,285,435,272,449,275,57,57,52
429,256,423,257,424,255,42,42,40
490,387,494,396,491,395,37,29,24
493,400,494,396,497,397,34,21,14
491,381,490,387,488,386,26,27,23
488,378,491,381,488,386,50,51,46
475,385,475,380,488,386,35,19,13
475,386,475,385,488,386,43,15,10
474,396,475,386,484,398,82,5,6
459,339,465,334,466,343,92,94,86
465,334,459,339,457,330,92,93,85
483,327,473,328,473,326,133,136,123
462,307,470,303,473,309,148,150,139
470,303,462,307,470,300,151,153,141
475,304,470,303,470,300,187,188,176
470,303,475,306,473,309,168,169,158
475,306,470,303,475,304,183,185,173
497,284,493,281,503,277,108,110,100
498,286,497,284,506,282,141,143,133
475,285,471,276,479,272,129,75,62
435,136,437,145,434,137,19,19,17
435,136,440,134,437,145,13,13,10
467,149,460,146,472,144,17,16,12
467,149,464,158,460,146,16,15,10
431,140,426,142,423,139,12,13,8
427,143,426,142,431,140,10,11,6
426,142,418,141,423,139,15,15,10
426,142,427,143,423,151,18,17,11
418,141,426,142,423,151,17,16,10
370,149,369,143,374,151,18,17,12
367,150,370,149,374,151,20,19,14
370,149,367,150,369,143,16,14,9
360,148,360,157,354,145,19,18,11
337,154,334,147,344,142,25,22,14
354,191,346,183,358,186,23,22,15
346,183,353,179,358,186,25,23,16
363,184,355,175,359,173,23,22,16
353,179,363,184,358,186,25,23,17
355,175,363,184,353,179,25,23,17
384,164,385,168,380,167,22,20,15
444,203,434,208,441,201,113,35,14
434,208,446,205,439,215,105,37,20
434,208,444,203,446,205,102,32,13
412,193,414,207,397,208,23,20,15
420,252,416,246,419,243,24,24,20
411,248,416,246,420,252,21,22,17
452,234,448,240,443,226,70,36,26
452,237,448,240,452,234,78,49,39
373,232,365,236,374,228,17,18,13
437,175,432,164,442,167,12,12,9
432,164,437,175,430,172,10,12,9
449,180,437,175,442,167,55,25,15
436,152,433,163,423,151,16,14,9
433,163,432,164,423,151,15,13,7
433,163,436,152,441,160,20,19,15
442,167,433,163,441,160,16,17,13
432,164,433,163,442,167,14,15,12
394,137,388,129,390,124,38,20,10
388,129,394,137,383,136,78,32,17
377,132,388,129,383,136,107,45,25
417,126,410,135,404,127,15,15,10
410,135,394,137,404,127,20,18,13
416,149,423,151,418,157,13,11,6
414,150,416,149,418,157,21,19,13
416,149,418,141,423,151,16,14,8
395,270,398,267,400,273,42,44,43
342,273,343,278,337,275,15,14,10
343,278,352,277,341,286,24,22,18
343,278,342,273,352,277,19,18,14
333,279,327,271,337,275,32,31,25
633,89,658,79,655,97,1,2,1
658,79,694,47,695,67,2,2,2
694,47,658,79,671,33,2,2,2
536,93,538,86,544,89,9,9,5
538,86,536,93,528,82,10,9,6
537,67,526,64,525,55,7,8,5
523,69,526,64,537,67,8,9,6
526,64,518,54,525,55,6,8,5
518,54,526,64,523,69,7,9,6
528,82,526,80,537,67,9,10,7
526,80,523,69,537,67,9,10,7
517,111,529,107,520,116,93,29,14
529,107,530,109,520,116,100,28,13
530,109,534,120,520,116,84,24,12
530,109,529,107,536,102,9,7,4
538,124,537,137,532,135,138,29,11
555,106,541,103,544,89,8,9,6
541,103,555,106,549,110,6,7,4
530,109,538,115,534,120,28,12,8
541,103,538,115,536,102,10,11,8
538,115,530,109,536,102,13,8,6
597,97,595,94,600,90,63,25,14
595,94,588,87,600,90,49,22,15
589,82,594,76,600,90,47,26,19
588,87,589,82,600,90,56,29,22
583,61,572,55,592,57,4,2,2
564,54,568,61,558,59,52,30,24
592,129,585,136,587,126,9,8,6
617,117,611,110,620,114,33,14,6
523,129,516,127,520,116,17,11,8
516,127,523,129,516,131,11,10,10
523,129,527,126,527,134,29,13,5
538,124,527,126,534,120,96,25,10
534,120,527,126,520,116,86,24,10
527,126,523,129,520,116,52,18,8
527,134,527,126,532,135,106,25,9
527,126,538,124,532,135,119,27,11
525,156,528,153,531,155,24,25,22
510,150,525,156,522,159,19,18,14
528,153,525,156,510,150,21,20,15
532,149,528,153,529,144,22,17,14
627,126,626,138,617,132,39,16,10
627,126,617,117,629,123,13,8,2
634,131,627,126,629,123,6,4,4
610,128,613,127,617,132,37,13,9
627,126,613,127,617,117,27,11,5
613,127,627,126,617,132,36,14,8
613,127,607,125,617,117,39,14,8
607,125,613,127,610,128,23,11,8
607,125,610,128,600,133,9,9,6
602,150,595,151,591,144,77,26,14
602,150,596,159,595,158,56,26,15
595,151,602,150,595,158,61,28,16
595,151,587,155,591,144,67,31,21
587,155,595,151,595,158,26,23,18
595,168,587,155,595,158,12,13,11
587,155,595,168,588,172,13,14,13
587,155,580,159,583,156,14,14,11
580,159,587,155,588,172,14,15,12
602,150,605,145,605,147,47,14,10
605,145,602,150,591,144,68,23,13
605,145,609,149,605,147,17,3,3
605,145,610,128,617,132,15,10,7
605,145,600,135,610,128,8,9,6
621,142,605,145,617,132,21,12,8
609,149,605,145,621,142,14,8,6
624,157,632,156,632,160,83,27,16
636,139,636,136,651,159,7,8,6
634,148,636,139,651,159,9,9,7
645,177,644,185,642,175,76,36,29
644,185,645,177,648,178,66,30,27
645,177,642,175,645,167,31,21,14
648,178,645,177,645,167,21,20,12
626,180,619,175,630,172,20,18,14
620,183,622,189,614,187,7,7,5
618,200,622,189,628,191,15,15,13
669,202,670,195,683,202,7,4,2
662,203,670,195,669,202,39,22,17
655,201,670,195,662,203,51,29,24
671,187,668,183,667,181,12,3,4
661,179,668,183,652,188,41,22,18
668,183,661,179,667,181,38,16,17
655,173,654,165,660,168,19,14,11
655,173,648,178,645,167,23,22,15
654,165,655,173,645,167,19,20,14
662,176,660,168,667,181,25,9,9
661,179,662,176,667,181,35,13,15
662,176,655,173,660,168,31,17,15
648,178,654,178,652,188,37,25,16
654,178,661,179,652,188,37,24,18
655,173,654,178,648,178,25,25,17
654,178,662,176,661,179,47,26,23
662,176,654,178,655,173,43,24,22
629,138,634,131,636,136,9,7,5
636,139,629,138,636,136,10,9,6
627,126,629,138,626,138,13,6,6
629,138,627,126,634,131,9,6,5
583,263,573,258,586,256,91,60,50
573,258,583,263,575,270,104,56,44
571,252,567,249,571,247,134,77,61
562,230,561,240,553,242,40,42,39
561,240,554,243,553,242,47,48,44
566,186,562,189,564,185,25,16,15
562,189,558,179,564,185,46,18,13
585,200,582,199,585,198,16,16,14
582,199,585,200,583,203,12,13,10
582,199,583,191,585,198,33,34,31
582,199,578,194,583,191,19,20,17
578,194,578,193,583,191,22,23,20
583,191,578,193,581,178,16,16,14
578,193,571,181,581,178,13,14,12
571,181,578,193,567,187,12,12,11
595,232,599,230,596,237,27,27,25
588,226,595,232,585,231,16,17,14
606,211,604,213,601,210,21,21,19
628,225,621,232,627,220,9,11,8
621,232,628,225,631,229,10,12,9
608,217,621,232,605,233,16,17,17
606,211,608,217,604,213,19,21,18
621,232,608,217,627,220,15,17,15
646,226,649,234,647,235,27,12,5
649,234,646,226,657,231,19,13,10
642,189,646,197,635,193,61,23,13
646,197,632,195,635,193,51,22,13
632,195,646,197,643,209,53,22,13
632,195,628,191,635,193,20,15,9
603,189,600,196,602,188,30,31,28
606,190,603,189,602,188,13,13,11
603,189,606,190,600,196,23,23,21
616,199,609,205,615,198,8,11,11
616,199,618,200,609,205,8,11,10
433,76,437,85,430,78,17,16,11
433,76,441,80,437,85,15,13,9
433,76,435,72,441,80,9,8,4
430,64,433,76,430,78,11,11,6
435,72,433,76,430,64,9,10,5
476,109,469,112,473,97,12,11,8
476,109,473,97,482,101,14,13,10
477,110,476,109,482,101,15,13,11
476,109,477,110,473,113,11,10,7
469,112,476,109,473,113,8,8,4
466,93,467,85,473,86,19,18,15
467,85,466,93,454,91,15,14,11
497,118,492,119,491,107,9,9,5
492,119,497,118,500,121,12,12,9
505,117,506,123,500,121,17,18,15
612,186,620,183,614,187,6,7,5
620,183,612,186,619,175,12,12,11
604,177,612,186,603,178,7,8,7
606,190,612,186,614,187,12,12,10
603,178,612,186,602,188,7,7,6
612,186,606,190,602,188,11,11,9
575,161,572,160,572,157,7,8,6
571,168,572,160,575,161,7,10,7
572,160,563,164,572,157,6,6,5
553,202,552,192,556,200,63,31,20
562,177,571,181,564,185,7,7,4
558,179,562,177,564,185,24,10,7
315,469,315,464,326,467,158,155,149
288,475,279,473,285,468,80,77,68
319,480,330,479,330,482,160,156,151
330,479,319,480,327,475,163,159,154
319,431,323,430,323,434,179,174,169
323,430,319,431,322,429,193,189,184
319,439,319,431,323,434,171,165,161
290,403,278,399,292,396,133,129,116
260,424,266,413,264,422,56,38,35
266,413,260,424,258,405,53,32,30
268,406,266,413,258,405,63,43,40
266,413,268,406,270,411,83,76,69
270,411,279,415,276,420,104,99,92
276,460,283,456,285,468,83,77,69
293,462,297,453,300,454,134,129,121
303,450,297,443,300,441,153,147,140
297,453,297,443,303,450,159,153,146
284,442,286,446,282,448,108,102,94
313,422,321,417,318,425,168,163,158
313,422,310,433,305,426,171,165,160
321,417,322,424,318,425,164,160,155
322,424,322,429,318,425,169,165,160
323,430,322,424,329,423,180,176,171
322,424,323,430,322,429,177,173,168
313,399,317,393,319,397,139,136,128
319,397,317,393,319,391,126,122,114
317,401,313,399,319,397,138,134,127
328,398,317,401,319,397,140,138,131
315,405,317,401,325,412,161,157,152
317,401,328,398,325,412,156,152,147
321,417,314,409,325,412,162,157,153
314,409,315,405,325,412,164,160,155
326,382,325,386,322,387,105,100,95
325,386,321,388,322,387,118,112,107
325,386,328,398,321,388,123,119,113
347,377,334,376,341,364,28,17,16
320,375,326,382,316,379,79,76,70
320,375,315,370,321,373,70,67,60
315,370,320,375,316,379,76,72,65
326,375,320,375,321,373,72,69,64
326,382,320,375,326,375,80,77,71
268,390,270,380,279,386,111,103,94
270,380,268,390,267,382,92,85,74
287,384,290,387,290,388,121,116,105
290,387,296,389,290,388,117,113,101
294,378,287,384,286,381,110,105,95
294,378,290,387,287,384,116,111,100
296,389,294,378,295,378,115,109,99
290,387,294,378,296,389,115,110,100
278,370,275,372,273,371,103,94,83
275,372,278,370,281,383,107,99,89
328,361,322,367,327,360,16,3,1
329,361,328,361,327,360,23,1,2
328,361,329,361,322,367,16,3,1
334,335,327,319,337,320,62,1,3
327,319,334,335,326,334,63,0,3
327,319,335,312,337,320,60,0,2
327,319,323,318,334,310,65,1,3
335,312,327,319,334,310,61,0,2
310,369,316,379,295,378,84,79,71
310,369,315,370,316,379,77,71,65
304,418,298,419,295,413,162,156,148
289,420,298,419,293,424,150,144,137
305,394,302,400,298,398,144,141,131
302,400,302,404,298,398,159,154,144
286,410,278,399,290,403,135,131,119
290,403,298,408,295,413,159,154,144
298,408,304,418,295,413,162,156,148
302,404,298,408,298,398,164,159,149
298,408,290,403,298,398,159,154,144
268,390,260,385,267,382,64,41,35
374,352,372,348,379,339,56,2,1
381,355,374,352,379,339,55,2,1
372,348,374,352,373,353,41,3,4
400,363,395,366,396,358,110,4,4
395,366,400,363,400,367,59,2,2
396,387,395,391,392,388,27,2,3
384,381,391,371,398,375,25,2,3
395,366,391,371,390,370,12,3,2
391,371,395,366,398,375,15,2,2
391,371,388,369,390,370,23,0,3
391,371,384,381,388,369,25,2,3
380,389,384,382,385,386,17,4,1
384,381,384,382,376,390,21,10,7
384,382,380,389,376,390,21,11,8
386,385,398,375,392,388,27,3,4
386,385,384,381,398,375,27,3,3
386,385,384,382,384,381,23,4,2
385,386,386,385,392,388,22,3,3
384,382,386,385,385,386,22,3,2
341,364,340,362,349,358,23,1,1
340,362,343,355,349,358,21,1,1
340,362,341,364,334,359,22,2,2
343,355,340,362,334,359,20,1,1
356,378,360,373,363,374,16,3,0
360,373,360,371,363,374,24,1,1
360,373,356,378,349,371,16,6,2
360,371,360,373,349,371,19,3,1
378,356,372,357,373,353,18,1,1
374,352,378,356,373,353,26,2,1
378,356,374,352,381,355,36,2,1
378,356,381,355,382,361,21,0,0
378,356,382,361,374,365,16,0,1
372,357,378,356,374,365,16,1,2
358,388,352,392,351,380,81,78,72
356,378,358,388,351,380,70,65,59
363,384,358,388,356,378,60,54,50
358,388,360,394,352,392,104,100,95
358,388,363,384,362,393,98,94,88
360,394,358,388,362,393,97,92,87
345,399,347,393,350,400,115,114,106
347,406,345,399,350,400,142,139,133
347,393,345,399,339,390,114,111,103
349,418,344,422,346,416,158,155,149
340,428,338,433,329,423,166,162,156
338,433,326,432,329,423,174,170,165
326,418,321,417,327,414,174,170,165
326,418,330,419,329,423,181,177,171
322,424,326,418,329,423,173,169,163
326,418,322,424,321,417,171,167,162
340,421,343,426,340,428,174,171,165
343,426,340,421,344,422,166,162,157
344,422,340,421,346,416,152,149,143
340,421,340,413,346,416,163,160,154
344,407,337,411,342,403,148,145,139
337,411,344,407,340,413,148,145,139
345,399,335,396,339,390,118,115,107
335,396,345,399,342,403,133,129,122
325,386,335,396,328,398,117,112,105
383,434,381,435,379,432,168,169,162
381,435,383,434,387,441,169,170,165
360,460,366,463,364,467,173,170,164
368,457,366,463,360,460,177,173,168
366,463,368,457,378,465,178,174,170
366,463,373,472,364,467,165,163,159
373,472,366,463,378,465,173,171,167
368,457,370,451,381,454,170,167,163
370,451,368,457,369,450,195,191,188
368,457,367,449,369,450,180,176,172
367,449,360,460,361,447,171,167,162
367,449,368,457,360,460,169,165,160
375,443,364,445,364,437,168,166,161
364,445,363,438,364,437,153,149,144
364,445,367,449,361,447,176,173,167
359,439,364,445,361,447,160,156,151
364,445,359,439,363,438,169,165,160
367,387,363,384,368,386,75,69,66
367,391,367,387,368,386,102,97,93
363,384,367,387,362,393,88,82,78
367,387,367,391,362,393,95,89,85
388,396,384,403,374,397,105,102,96
380,389,388,396,374,397,69,65,60
395,391,388,396,392,388,23,12,9
388,396,385,386,392,388,30,20,17
388,396,380,389,385,386,45,38,34
388,396,395,391,401,397,25,15,12
388,396,398,409,384,403,96,93,87
357,423,371,426,371,427,167,164,159
357,423,361,419,371,426,167,164,158
361,419,357,423,356,420,169,165,159
357,423,349,418,356,420,167,163,158
364,415,372,418,371,423,154,152,146
370,414,372,418,364,415,151,149,143
372,418,375,423,371,423,158,157,151
375,423,372,418,382,417,145,144,137
372,418,381,411,382,417,149,148,142
370,410,370,414,364,415,142,140,134
357,409,361,419,356,420,149,146,140
361,419,357,409,364,415,158,155,149
349,418,357,409,356,420,152,148,143
351,458,355,453,360,460,180,176,170
355,453,354,448,361,447,178,174,168
354,448,359,439,361,447,171,167,162
359,439,354,448,351,446,170,167,161
323,447,322,446,328,445,167,161,157
322,446,323,447,312,455,164,159,154
330,451,325,449,328,445,184,179,174
325,449,330,451,330,453,163,159,154
336,463,328,457,330,453,171,168,162
327,461,328,457,336,463,170,166,161
328,457,325,449,330,453,167,163,157
262,499,260,496,271,493,31,8,7
268,487,260,496,258,491,37,9,9
260,496,268,487,271,493,23,4,3
260,496,255,498,258,491,121,72,73
265,503,271,493,266,504,23,4,3
265,503,262,499,271,493,31,9,8
251,495,258,489,258,491,103,55,56
258,489,251,495,248,480,91,42,43
259,482,258,489,248,480,93,40,40
258,489,268,487,258,491,31,5,6
258,516,262,511,259,517,15,0,1
259,517,255,539,251,540,3,2,1
255,539,267,547,258,547,4,3,1
251,540,255,539,258,547,4,3,2
272,525,267,514,282,521,55,10,13
231,474,230,471,243,469,17,2,2
285,565,291,565,292,574,2,2,2
292,574,291,565,314,560,2,2,1
291,565,302,555,314,560,7,2,1
302,555,291,565,299,553,4,2,1
291,565,291,552,299,553,4,2,1
291,565,285,565,291,552,2,2,2
377,532,381,540,371,538,92,93,88
381,540,377,532,386,537,99,100,95
359,550,359,545,362,551,50,45,39
355,553,359,550,362,551,12,5,2
335,540,337,543,330,543,14,5,4
347,504,346,509,345,502,163,164,157
347,504,349,505,346,509,156,157,149
353,498,347,504,345,502,157,155,149
349,505,347,504,353,498,165,163,157
356,499,353,498,359,495,165,163,159
360,501,356,499,359,495,166,164,160
258,63,262,70,254,71,15,13,6
262,70,258,63,261,61,20,14,6
258,63,254,71,246,65,13,10,5
248,60,258,63,246,65,24,12,6
261,61,258,63,257,53,61,24,9
258,63,248,57,257,53,59,22,11
258,63,248,60,248,57,47,19,9
285,80,282,67,292,73,23,14,7
293,79,285,80,292,73,15,11,5
267,88,271,91,264,93,15,13,6
271,91,265,99,264,93,19,17,10
267,102,271,91,279,95,17,15,9
271,91,267,102,265,99,18,17,10
222,99,231,100,221,103,12,11,7
213,101,222,99,221,103,18,16,12
222,99,213,101,218,95,16,14,10
242,96,243,86,248,98,14,12,8
242,96,248,98,246,106,14,12,8
234,108,242,96,246,106,13,11,7
242,96,234,108,231,100,12,11,7
201,117,207,111,208,112,16,15,9
214,116,201,117,208,112,16,14,8
203,131,201,117,214,116,15,14,7
315,107,319,105,318,107,13,12,5
315,107,306,101,319,105,21,17,13
306,101,315,107,305,106,25,19,15
307,75,305,74,304,64,84,37,22
305,74,301,66,304,64,85,37,21
299,76,305,74,302,80,29,19,11
305,74,307,75,302,80,38,22,12
301,66,300,70,298,62,81,32,17
294,61,300,70,292,73,68,29,15
300,70,294,61,298,62,78,32,17
300,70,299,76,292,73,32,19,7
300,70,305,74,299,76,62,29,15
305,74,300,70,301,66,86,36,19
331,133,316,130,321,126,21,20,13
346,127,353,123,358,126,13,12,6
347,108,345,112,339,107,19,14,10
345,112,346,127,340,124,16,14,10
346,127,345,112,353,123,18,17,10
345,112,329,113,339,107,19,16,11
329,113,345,112,340,124,15,14,9
363,119,356,120,361,115,44,26,18
356,120,363,119,358,126,20,15,10
353,123,356,120,358,126,11,10,4
346,127,336,132,340,124,19,18,12
336,132,346,127,344,135,18,16,10
344,136,336,132,344,135,15,13,7
336,132,344,136,344,142,22,20,14
462,307,461,313,456,308,97,98,90
441,353,438,359,436,357,97,4,7
433,344,441,353,436,357,65,10,8
446,351,441,353,446,345,39,34,31
441,353,444,342,446,345,40,37,33
441,353,433,344,444,342,44,20,16
453,364,444,372,439,368,136,4,9
430,343,433,344,426,350,79,5,7
430,343,422,347,428,341,79,5,6
422,347,430,343,426,350,102,3,7
426,350,426,354,421,351,159,14,21
426,354,417,356,421,351,166,11,18
417,376,428,355,422,378,209,22,32
417,356,428,355,417,376,212,19,29
426,354,428,355,417,356,168,9,17
422,378,428,355,439,368,199,19,27
428,355,436,357,439,368,161,7,10
428,355,426,354,426,350,152,10,23
428,355,433,344,436,357,99,7,10
433,344,428,355,426,350,108,5,12
423,349,426,350,421,351,139,8,11
422,347,423,349,421,351,137,9,10
423,349,422,347,426,350,127,4,7
414,307,419,315,410,312,45,46,41
437,333,429,334,430,327,47,48,44
429,334,425,332,430,327,27,28,23
429,334,430,343,428,341,21,10,10
433,344,429,334,437,333,22,18,18
430,343,429,334,433,344,21,13,13
391,323,380,330,386,321,60,1,2
335,312,352,299,358,318,42,1,1
333,305,352,299,334,310,43,1,2
352,299,335,312,334,310,43,1,2
360,354,372,357,359,359,12,1,1
360,354,364,351,372,357,10,0,0
364,351,360,354,358,344,18,1,0
360,354,349,358,358,344,13,1,0
360,354,359,359,349,358,18,1,1
127,121,114,121,127,119,5,4,2
127,121,127,125,114,121,6,5,3
47,30,78,57,49,78,2,2,2
22,45,47,30,29,66,2,2,2
22,45,3,36,14,30,2,2,2
22,45,29,66,20,70,2,2,2
22,45,20,70,8,73,2,2,2
3,36,22,45,8,73,2,2,2
30,10,42,19,14,30,2,2,2
42,19,22,45,14,30,2,2,2
22,45,42,19,47,30,2,2,2
42,19,30,10,37,2,2,2,2
68,5,42,19,37,2,2,2,2
23,107,20,105,20,101,2,2,2
20,105,23,107,19,111,2,2,2
20,101,20,105,11,112,1,1,1
20,105,19,111,11,112,2,2,2
339,230,342,228,347,235,21,20,14
342,228,339,230,333,223,16,14,8
336,220,342,228,333,223,23,21,15
337,238,341,252,328,241,29,28,22
330,233,337,238,328,241,15,15,10
350,244,337,238,347,235,29,28,22
337,238,350,244,341,252,26,25,18
369,201,372,202,369,204,16,14,11
324,214,334,221,333,223,28,25,17
334,221,336,220,333,223,20,17,10
313,192,308,199,303,198,61,50,34
308,199,302,210,303,198,98,82,61
307,249,300,256,302,248,33,31,26
356,234,352,240,347,235,31,30,25
352,240,350,244,347,235,27,26,20
350,244,346,255,341,252,22,20,14
346,255,336,260,341,252,18,16,10
346,255,350,244,360,253,23,21,16
336,260,330,254,341,252,29,27,21
330,254,327,253,328,241,31,30,24
341,252,330,254,328,241,30,29,23
327,253,330,254,324,259,29,27,21
330,254,336,260,324,259,32,29,23
330,267,336,260,339,269,23,22,16
330,267,339,269,337,275,33,33,26
327,271,330,267,337,275,31,30,24
336,260,330,267,324,259,23,22,15
283,253,274,240,284,239,41,36,27
298,237,292,242,295,237,32,27,19
292,242,283,253,284,239,37,31,23
292,242,293,236,295,237,43,37,29
293,236,292,242,284,239,48,42,33
277,285,278,268,285,273,194,7,15
278,268,277,285,276,267,210,13,21
277,285,298,297,294,307,202,7,11
298,297,308,306,294,307,155,2,3
298,297,294,281,300,288,144,1,3
294,281,298,297,277,285,193,5,9
298,297,300,288,319,292,100,1,1
308,306,298,297,319,292,113,1,2
305,247,303,245,306,243,31,27,22
305,247,309,244,306,248,30,26,21
305,247,306,243,309,244,28,24,19
302,248,305,247,306,248,50,47,41
272,134,270,125,274,123,29,28,20
267,147,265,146,271,139,33,28,21
267,147,259,150,265,146,43,36,29
252,146,258,152,250,151,30,26,18
252,146,259,150,258,152,30,26,18
231,135,235,154,226,144,23,20,13
231,135,226,144,217,129,19,16,9
231,135,252,146,235,154,27,24,15
221,151,218,148,226,144,26,23,17
235,154,221,151,226,144,23,20,13
210,165,221,151,219,169,25,21,13
218,148,221,151,210,165,24,21,13
265,114,247,122,259,107,18,17,10
247,122,265,114,265,126,20,18,11
256,105,247,122,246,106,18,17,10
259,107,247,122,256,105,18,17,11
254,137,247,122,265,126,26,22,13
247,122,254,137,242,129,24,22,12
247,122,234,108,246,106,14,12,8
310,222,312,213,319,215,43,37,29
302,210,296,204,303,198,117,96,72
296,204,302,210,294,207,118,98,74
227,219,221,216,232,210,79,67,51
221,216,227,219,226,229,76,60,42
240,225,238,212,244,220,101,83,61
238,212,249,216,244,220,106,88,64
238,212,227,219,232,210,88,73,54
227,219,238,212,240,225,91,75,55
266,213,264,218,254,214,132,90,67
264,218,266,213,271,216,137,100,79
198,194,189,184,204,185,31,25,16
234,108,232,118,230,109,13,11,7
232,118,231,119,230,109,13,11,7
247,122,232,118,234,108,14,12,8
131,208,131,200,138,201,60,33,23
131,200,132,194,138,201,67,33,24
131,200,131,208,121,203,17,10,6
132,194,131,200,121,203,18,8,5
134,183,140,185,131,187,62,30,20
140,185,132,194,131,187,62,31,21
140,185,134,183,142,173,67,31,22
132,194,140,185,138,201,63,32,22
140,185,146,186,138,201,25,19,9
159,195,146,186,158,181,34,30,20
164,182,159,195,158,181,67,54,40
144,135,147,138,134,148,39,16,9
147,138,149,142,134,148,43,18,11
147,150,138,153,134,148,45,18,11
149,142,147,150,134,148,44,18,11
147,150,149,142,148,149,49,19,12
172,123,152,124,154,116,20,12,6
184,139,196,143,184,157,19,16,9
172,174,175,166,180,166,31,29,18
175,166,171,158,180,166,25,22,12
161,159,147,150,148,149,13,10,4
173,147,184,139,184,157,20,17,9
171,158,173,147,184,157,23,19,11
180,355,184,363,179,361,9,7,3
188,341,193,353,187,352,7,6,2
188,341,181,342,184,338,17,15,11
181,342,188,341,182,350,14,12,8
160,324,159,335,156,325,12,11,5
159,335,160,324,165,330,11,11,5
159,335,165,330,167,336,17,17,11
158,337,159,335,167,336,19,17,13
255,338,255,360,240,354,50,2,3
208,371,208,357,213,368,15,0,2
208,357,208,371,195,358,6,2,1
215,317,201,307,215,300,18,3,1
208,371,211,384,194,371,7,2,1
184,363,186,353,195,358,7,6,2
193,353,186,353,187,352,4,3,0
186,353,193,353,195,358,5,4,1
180,355,186,353,184,363,10,9,5
186,353,182,350,187,352,10,9,5
186,353,180,355,182,350,14,12,8
183,366,184,363,194,371,13,10,6
235,375,217,378,213,368,30,2,1
211,384,217,378,212,385,18,1,1
212,385,217,378,232,394,24,2,1
217,378,208,371,213,368,17,0,1
217,378,211,384,208,371,16,1,1
242,197,233,193,234,191,84,70,50
234,198,233,193,242,197,82,68,48
233,193,234,198,232,199,75,63,44
233,193,229,182,234,191,59,49,34
222,208,220,201,232,199,53,44,30
220,201,233,193,232,199,53,42,30
243,241,244,240,249,245,42,2,1
244,240,243,241,241,237,71,39,24
212,233,211,224,226,229,91,49,30
217,247,216,239,225,246,58,45,32
217,247,214,254,214,239,63,53,39
216,239,217,247,214,239,63,53,40
227,219,232,231,226,229,83,61,42
232,231,227,219,240,225,86,66,47
232,231,225,246,226,229,84,51,32
232,231,236,238,225,246,85,52,34
225,246,238,243,237,249,59,42,30
236,238,238,243,225,246,73,47,31
243,241,238,243,241,237,96,60,44
238,243,236,238,241,237,115,77,57
110,300,114,308,104,319,20,17,11
101,296,110,300,104,319,18,16,10
110,300,101,296,109,298,21,19,13
105,287,106,289,106,290,16,13,7
106,289,105,287,105,283,13,11,5
136,273,122,274,121,271,35,20,11
125,278,122,274,136,273,37,21,13
65,249,78,241,80,249,14,4,3
70,229,78,241,65,249,7,2,2
82,237,78,241,70,229,8,1,1
112,207,104,216,100,207,7,6,2
104,216,99,216,100,207,6,6,2
114,268,123,260,124,263,13,10,6
123,260,114,268,112,261,11,9,5
119,254,123,260,112,261,14,11,7
99,280,102,279,105,283,10,8,4
114,268,102,279,105,268,3,4,1
102,279,114,268,105,283,3,4,1
97,277,92,292,87,267,19,17,11
97,277,99,280,92,292,25,21,14
105,268,97,277,87,267,12,11,6
102,279,97,277,105,268,5,5,1
97,277,102,279,99,280,11,10,5
89,192,102,199,100,207,5,4,2
102,197,102,199,89,192,4,4,2
102,199,112,207,100,207,7,6,4
112,207,102,199,105,193,7,6,4
102,199,102,197,105,193,8,6,2
144,252,137,257,137,255,28,18,9
147,270,140,272,138,264,28,19,9
239,277,244,271,249,272,173,16,15
244,271,239,277,240,267,173,34,35
267,232,267,233,263,229,125,51,48
267,233,275,230,272,238,44,31,24
275,230,274,240,272,238,47,42,31
275,230,267,232,274,228,55,36,28
267,232,275,230,267,233,51,35,27
274,240,275,230,284,239,63,54,42
284,239,275,230,286,231,62,54,41
275,230,286,225,286,231,77,64,47
275,230,282,221,286,225,85,71,53
275,230,274,228,282,221,89,74,56
253,252,261,254,255,257,75,1,1
259,239,252,247,249,245,89,27,26
252,247,261,254,253,252,56,3,3
250,258,253,252,255,257,55,2,1
158,178,169,176,164,182,39,34,23
158,178,164,182,158,181,31,27,16
157,177,158,178,158,181,14,12,2
158,178,157,177,169,175,30,26,16
169,176,158,178,169,175,31,27,17
177,206,167,216,170,202,105,83,58
190,200,184,203,188,192,36,28,19
184,183,189,184,188,192,36,31,21
239,277,234,276,240,267,124,32,33
209,264,195,252,214,254,40,32,21
222,255,209,264,214,254,55,44,31
214,254,194,245,214,239,41,33,21
195,252,194,245,214,254,41,33,21
193,240,194,245,190,242,65,55,38
194,245,193,248,190,242,60,49,33
193,248,194,245,195,252,46,35,20
223,43,218,46,219,33,20,14,7
218,46,223,43,222,50,16,10,5
223,43,228,51,222,50,17,10,6
235,32,235,26,240,26,18,14,12
235,26,239,23,240,26,22,13,9
239,23,235,26,235,22,27,14,10
245,13,240,15,238,13,64,30,26
240,15,239,16,238,13,62,24,22
240,15,245,13,242,19,57,28,23
240,19,239,23,235,22,50,24,17
239,16,240,19,235,22,63,28,24
239,23,240,19,242,19,32,13,8
149,95,140,87,150,84,19,13,7
153,81,153,76,163,82,25,8,3
151,74,150,84,148,71,22,11,7
151,74,153,81,150,84,23,12,7
153,81,151,74,153,76,26,13,8
176,60,168,64,156,59,32,9,3
182,65,176,60,179,58,67,30,17
176,60,182,65,176,70,45,22,10
176,60,183,49,179,58,54,20,12
183,49,176,60,156,59,20,8,4
195,50,194,44,196,42,70,38,33
190,45,194,44,195,50,75,40,33
312,114,305,116,305,106,16,14,8
315,107,312,114,305,106,15,13,7
318,119,312,114,321,117,19,20,12
317,125,318,119,321,126,13,13,6
318,119,317,125,311,124,21,21,14
316,130,317,125,321,126,13,12,5
329,104,335,100,339,107,22,18,12
318,81,320,84,315,86,63,28,12
323,82,320,84,318,81,78,32,15
320,84,323,82,327,87,78,35,21
320,84,327,87,315,86,57,27,14
335,83,328,78,338,79,47,24,14
335,83,333,85,328,78,71,33,21
340,81,335,83,338,79,21,12,6
333,85,333,92,330,91,99,42,28
71,28,72,4,91,29,2,2,2
71,28,68,5,72,4,2,2,2
71,28,78,57,47,30,2,2,2
42,19,71,28,47,30,2,2,2
71,28,42,19,68,5,2,2,2
416,120,412,112,418,113,10,10,6
416,120,417,126,406,122,13,14,9
407,114,416,120,406,122,12,12,8
412,112,416,120,407,114,10,11,6
391,105,405,97,403,109,11,12,7
393,96,405,97,391,105,11,12,7
405,97,393,96,398,90,13,13,9
408,94,405,97,398,90,14,13,9
412,112,415,106,418,113,17,16,13
427,88,435,95,432,100,10,9,6
435,95,427,88,437,85,10,9,5
407,83,400,72,407,71,9,10,5
400,72,407,83,396,81,11,11,6
417,80,407,83,407,71,9,8,4
443,121,454,122,454,127,7,8,7
454,122,443,121,453,116,9,10,8
454,122,465,122,454,127,11,11,9
465,122,454,122,453,116,8,8,6
439,128,443,121,454,127,8,10,8
451,136,439,128,454,127,14,15,12
440,134,439,128,451,136,14,15,12
443,121,439,128,435,119,7,9,7
444,106,448,98,450,111,9,9,4
445,114,443,121,435,119,12,14,10
445,114,444,108,450,111,10,11,7
453,116,445,114,450,111,12,13,9
443,121,445,114,453,116,10,11,8
431,115,426,118,429,105,12,12,8
431,115,445,114,435,119,14,14,10
445,114,431,115,444,108,11,11,7
362,134,368,134,369,143,13,12,5
362,134,356,139,358,126,18,16,10
356,139,362,134,356,140,15,13,7
356,139,346,127,358,126,19,18,12
346,127,356,139,344,135,19,18,12
356,139,344,136,344,135,21,20,13
356,139,356,140,344,142,21,20,14
344,136,356,139,344,142,21,20,13
368,134,372,134,369,143,17,16,9
377,132,372,134,374,130,49,28,19
380,138,377,132,383,136,88,46,27
380,138,383,136,388,141,86,40,22
381,144,380,138,388,141,65,34,21
380,138,372,134,377,132,45,31,18
380,138,381,144,369,143,24,20,15
372,134,380,138,369,143,29,24,16
474,67,469,60,484,57,23,13,8
469,60,470,55,484,57,42,18,10
469,60,474,67,471,68,13,13,8
470,55,469,60,461,61,14,13,9
464,69,469,60,471,68,11,10,7
469,60,464,69,461,61,10,10,7
463,48,458,38,462,39,27,12,7
458,38,463,48,454,54,17,11,6
463,48,461,61,454,54,10,10,6
463,48,470,55,461,61,13,11,7
463,48,467,47,470,55,14,10,5
467,47,480,37,481,39,58,19,10
467,47,463,48,462,39,48,14,6
467,47,470,32,480,37,48,17,9
470,32,467,47,462,39,66,20,9
457,68,462,73,458,77,10,10,7
462,73,457,68,464,69,11,11,9
462,73,468,76,458,77,14,13,10
462,73,464,69,468,76,15,14,12
449,64,447,74,444,66,9,8,3
447,74,439,70,444,66,9,8,4
447,74,449,64,455,65,11,10,7
447,74,441,80,439,70,12,12,7
447,74,448,75,441,80,15,15,11
457,68,447,74,455,65,10,9,6
448,75,447,74,457,68,11,10,7
442,56,442,51,446,59,10,9,5
442,56,446,59,443,62,11,9,5
439,58,442,56,443,62,10,8,4
442,51,442,56,436,53,10,8,4
442,56,439,58,436,53,8,7,3
439,58,438,65,430,64,10,9,6
435,72,438,65,439,70,7,8,3
438,65,435,72,430,64,10,10,6
439,70,438,65,444,66,10,11,6
438,65,443,63,444,66,14,14,9
443,63,438,65,443,62,16,15,11
438,65,439,58,443,62,13,12,7
343,62,354,65,338,79,16,12,7
335,67,343,62,338,79,27,20,12
343,62,335,67,340,61,58,37,25
318,69,326,76,318,81,103,42,28
326,76,328,78,327,78,39,21,11
326,76,331,71,328,78,35,24,14
323,82,326,76,327,78,92,39,26
326,76,323,82,318,81,103,38,23
318,68,330,66,318,69,82,43,32
330,66,318,68,321,63,62,31,23
330,66,326,76,318,69,83,40,29
326,76,330,66,331,71,69,43,34
331,71,330,66,335,67,61,39,28
330,66,321,63,332,57,44,23,17
335,67,330,66,332,57,87,44,35
345,46,345,45,348,44,12,8,1
348,44,345,45,344,38,17,14,7
345,45,340,45,344,38,19,16,11
345,45,345,46,340,45,16,13,7
360,59,352,51,359,52,40,28,20
352,51,351,49,359,52,113,74,63
352,51,360,59,354,65,30,22,16
351,49,352,51,346,50,88,43,35
346,50,352,51,343,58,92,52,42
362,73,360,79,358,72,22,20,16
352,86,360,79,361,80,11,11,7
358,72,360,79,352,86,12,12,7
360,79,365,77,361,80,23,22,18
365,77,360,79,362,73,20,18,14
365,77,368,89,361,80,15,14,10
365,77,375,82,368,89,14,12,8
373,101,375,101,371,113,16,13,6
375,101,381,107,371,113,15,14,7
455,35,461,29,458,38,79,23,11
461,29,463,30,458,38,86,26,12
461,29,455,35,459,28,94,26,14
437,49,442,51,436,53,11,10,6
433,43,437,49,436,53,13,11,7
435,42,437,49,433,43,12,10,6
442,51,437,49,445,46,14,12,8
437,49,435,42,445,46,13,11,7
491,106,497,103,491,107,13,12,8
497,103,487,100,495,96,16,14,13
487,100,497,103,491,106,17,15,13
487,100,490,89,495,96,12,10,9
490,89,487,100,484,99,10,10,8
487,100,491,106,482,101,18,16,14
484,99,487,100,482,101,21,19,17
476,90,484,99,475,92,10,9,6
476,90,490,89,484,99,10,9,7
476,90,475,92,475,88,11,9,7
488,82,476,90,475,88,16,15,12
490,89,476,90,488,82,17,16,12
501,84,505,75,504,84,112,31,15
501,84,495,87,493,83,18,12,5
501,84,504,84,495,96,18,12,7
495,87,501,84,495,96,13,10,6
490,71,504,73,493,83,67,20,9
504,73,490,71,499,68,81,24,10
504,73,501,84,493,83,72,21,9
501,84,504,73,505,75,105,29,14
504,73,499,68,503,70,54,19,7
505,75,511,79,504,84,75,21,9
511,79,513,85,504,84,82,23,10
565,37,572,55,567,52,5,3,2
565,37,542,38,570,22,2,2,1
565,37,557,46,542,38,18,8,6
572,55,565,37,597,27,2,2,2
565,37,586,19,597,27,2,2,2
586,19,565,37,570,22,2,2,2
553,53,559,50,558,59,45,23,17
559,50,564,54,558,59,52,30,25
564,54,559,50,567,52,35,17,14
519,47,505,60,499,40,8,8,4
518,54,505,60,519,47,7,8,5
499,68,505,60,503,70,15,8,3
496,63,505,60,499,68,19,9,4
505,60,523,69,503,70,10,8,5
505,60,518,54,523,69,9,8,5
487,52,484,45,499,40,12,9,5
487,52,484,50,484,45,16,8,2
484,50,487,52,484,57,66,19,7
488,34,489,33,492,35,15,13,9
486,36,488,34,492,35,13,11,7
489,33,488,34,481,26,22,15,7
488,34,486,36,481,26,20,14,7
519,47,519,30,525,35,33,18,11
512,29,519,30,519,47,30,18,9
519,30,512,29,518,28,59,27,16
525,35,519,30,518,26,42,22,14
519,30,518,28,518,26,38,16,7
646,197,651,200,643,209,28,19,13
671,97,662,112,655,97,2,2,2
662,112,671,97,686,111,2,2,2
658,79,671,97,655,97,2,2,1
431,952,438,959,425,952,84,43,33
437,956,438,959,431,952,83,41,31
425,952,438,959,414,958,93,55,46
438,959,437,956,442,958,72,31,21
414,958,438,959,356,959,110,62,49
438,959,492,958,727,959,18,16,12
462,957,438,959,442,958,48,20,12
492,958,438,959,462,957,29,15,7
278,885,285,879,289,891,52,22,15
285,879,298,887,289,891,63,19,10
298,887,285,879,287,877,60,18,10
285,879,278,885,277,883,33,20,12
281,866,285,879,277,883,20,14,7
287,877,285,879,281,866,15,11,3
298,887,302,883,305,896,22,12,6
302,883,298,887,301,882,39,13,3
302,883,307,897,305,896,12,10,7
302,883,323,878,307,897,11,10,6
302,883,308,875,323,878,15,10,5
333,926,325,928,324,923,62,26,18
333,926,332,930,325,928,44,20,11
234,800,239,803,240,807,8,5,2
237,796,239,803,234,800,14,6,2
239,803,248,802,240,807,30,6,3
239,803,237,796,248,802,35,9,5
249,793,237,790,246,786,25,8,5
249,793,237,796,237,790,33,10,5
237,796,249,793,248,802,36,10,5
253,791,249,793,246,786,17,5,2
249,793,253,791,248,802,38,10,3
267,852,273,856,264,854,6,6,4
267,852,270,835,277,846,12,6,2
278,851,267,852,277,846,7,5,3
267,852,278,851,273,856,6,6,3
270,835,267,852,261,833,6,5,1
267,852,251,850,261,833,7,5,1
267,852,264,854,251,850,10,6,3
263,861,273,856,265,867,11,9,3
273,856,263,861,264,854,7,7,3
244,868,257,868,251,873,40,22,12
255,859,257,868,244,868,47,23,12
257,868,264,872,251,873,51,24,16
257,868,263,869,264,872,52,26,18
235,836,226,842,224,841,55,25,12
226,842,235,836,238,838,56,23,10
224,841,226,842,227,853,42,25,17
226,842,238,838,227,853,59,24,11
263,750,279,748,273,762,41,21,10
285,755,279,748,283,745,15,10,3
279,748,285,755,273,762,21,14,6
279,748,282,743,283,745,11,8,1
321,864,332,876,323,878,40,12,7
325,879,332,876,333,878,35,10,2
323,878,332,876,325,879,31,9,1
332,876,340,872,333,878,51,22,12
313,871,319,863,318,873,43,11,5
319,863,321,864,318,873,45,13,9
319,863,313,871,313,863,48,12,6
310,860,319,863,313,863,54,18,7
319,863,310,860,309,857,52,18,6
323,847,319,863,309,857,40,13,5
321,864,319,863,323,847,18,9,6
466,929,459,921,465,920,62,62,57
466,930,466,929,469,924,38,39,35
466,929,465,920,469,924,33,34,30
455,931,466,929,466,930,69,69,64
711,922,712,924,698,926,2,2,2
700,921,711,922,698,926,2,2,2
711,922,700,921,708,914,2,2,2
712,924,711,922,722,911,2,2,2
711,922,708,914,722,911,2,2,2
677,938,678,943,666,950,2,2,2
678,943,696,956,666,950,2,2,2
678,943,677,938,689,926,2,2,2
696,956,678,943,689,926,2,2,2
674,794,679,794,670,802,2,3,1
685,791,679,794,683,791,3,4,1
679,794,702,816,670,802,2,2,1
680,791,685,789,683,791,3,4,1
679,794,680,791,683,791,3,4,1
680,791,679,794,674,794,3,4,1
685,789,680,791,668,762,2,3,1
680,791,674,794,668,762,2,3,1
702,816,697,794,714,801,2,2,1
697,794,685,791,685,789,2,3,1
679,794,697,794,702,816,2,2,1
697,794,679,794,685,791,2,3,0
714,801,697,794,701,755,2,2,2
697,794,685,789,701,755,2,2,2
617,823,615,812,623,815,23,8,6
631,813,643,822,636,825,2,2,2
643,822,631,813,653,812,2,2,2
636,825,643,822,650,830,2,2,2
643,822,653,812,650,830,2,2,2
632,795,629,783,635,781,8,6,3
623,797,632,795,626,799,13,7,5
632,795,623,797,629,783,11,8,5
648,761,655,761,635,781,4,3,2
655,761,652,799,635,781,3,4,2
645,738,655,761,648,761,5,3,1
674,794,655,761,668,762,2,3,1
652,799,655,761,674,794,2,3,1
655,761,679,739,668,762,1,2,2
655,761,645,738,679,739,2,2,1
631,813,647,800,653,812,2,2,1
647,800,652,799,653,812,1,2,1
652,799,647,800,635,781,3,4,1
647,800,632,795,635,781,4,4,2
426,897,431,894,429,898,11,13,4
431,894,432,901,429,898,25,23,15
439,889,431,894,433,890,22,24,19
431,894,439,889,432,901,25,24,18
501,918,489,920,493,914,24,22,17
489,920,501,918,498,927,34,25,18
489,920,495,928,486,927,30,26,21
495,928,489,920,498,927,33,25,18
495,928,486,946,486,927,50,20,13
486,946,495,928,502,941,47,18,10
488,913,483,914,485,911,9,9,8
488,913,489,920,483,914,18,18,14
489,920,488,913,493,914,21,21,17
486,909,488,913,485,911,8,8,7
435,912,429,919,423,913,32,19,13
429,919,437,916,431,924,11,7,4
429,919,435,912,437,916,34,21,14
450,914,444,911,446,907,52,23,12
443,912,444,911,450,914,41,17,8
444,911,434,908,446,907,91,59,48
444,911,443,912,434,908,89,58,48
488,949,499,947,492,958,12,12,5
488,949,492,958,476,954,16,11,4
477,950,488,949,476,954,21,11,5
486,946,488,949,477,950,38,17,12
506,933,516,946,502,941,13,10,5
516,946,506,933,521,921,24,12,7
495,928,506,933,502,941,47,17,6
506,933,495,928,498,927,59,20,6
506,933,509,915,521,921,45,17,9
509,915,506,933,505,916,52,20,11
506,933,501,918,505,916,51,20,12
501,918,506,933,498,927,53,20,12
528,943,521,921,533,930,11,9,7
528,943,516,946,521,921,14,10,7
533,945,528,943,533,930,11,12,9
561,845,546,834,565,835,8,8,7
546,834,529,832,533,818,9,9,9
529,832,546,834,535,841,9,9,9
547,858,548,864,539,856,69,21,8
547,858,546,834,561,845,13,8,6
589,858,602,847,604,877,8,3,2
602,847,589,858,590,853,19,5,3
620,889,594,891,604,877,2,2,1
594,891,620,889,604,903,2,2,1
594,891,585,863,604,877,2,2,1
594,891,604,903,600,911,2,2,1
594,891,572,883,585,863,3,2,2
572,883,594,891,575,890,3,3,3
587,917,588,928,580,925,8,8,6
605,914,587,917,600,911,2,2,1
588,928,587,917,605,914,2,2,1
544,898,562,901,542,907,7,8,4
562,901,572,883,575,890,7,8,5
577,925,572,931,572,926,18,18,16
577,925,572,926,574,924,12,12,10
577,925,580,925,583,934,20,20,18
572,931,577,925,583,934,20,21,18
168,923,166,910,171,906,27,23,16
166,910,168,923,165,923,33,28,20
115,895,120,890,115,899,2,2,2
115,895,112,878,120,890,2,2,2
115,895,115,899,86,904,2,2,2
112,878,115,895,86,904,2,2,2
57,856,71,854,64,866,2,2,1
71,854,57,856,71,852,2,2,1
64,866,71,854,89,855,2,2,2
71,854,71,852,89,855,2,2,2
270,933,269,938,263,937,67,39,28
272,929,270,933,268,926,62,38,28
270,933,263,937,268,926,76,43,32
270,933,272,929,277,939,44,29,18
269,938,270,933,277,939,45,28,18
160,898,157,897,168,880,4,4,2
157,897,145,886,168,880,4,4,2
145,886,146,907,120,890,2,3,1
115,899,146,907,142,920,3,3,1
120,890,146,907,115,899,2,2,1
200,922,202,919,204,922,6,6,0
202,919,202,918,204,922,7,8,0
202,918,202,919,200,922,4,6,0
197,913,195,908,203,908,26,18,10
202,918,197,913,203,908,22,16,8
197,913,202,918,200,922,8,7,1
197,913,200,922,192,925,9,7,2
244,554,248,558,244,562,50,12,6
238,559,244,554,244,562,62,14,6
244,554,238,559,243,551,56,16,6
253,555,244,554,243,551,65,21,11
248,558,244,554,253,555,60,16,8
243,566,238,565,244,562,17,6,0
238,565,238,559,244,562,37,8,1
238,559,238,565,236,560,52,14,4
238,565,231,568,236,560,50,16,7
229,566,227,563,236,560,53,14,7
231,568,229,566,236,560,53,16,8
229,566,228,573,227,563,30,5,2
229,566,231,568,228,573,33,9,5
241,594,246,586,250,593,29,12,7
237,585,246,586,241,594,39,13,6
246,586,237,585,240,579,36,12,5
246,586,240,579,255,572,11,6,3
246,586,261,578,250,593,6,5,3
260,576,246,586,255,572,6,6,4
246,586,260,576,261,578,6,5,4
211,536,208,533,227,531,14,9,6
227,532,211,536,227,531,12,9,6
211,536,227,532,215,540,13,8,5
210,539,220,547,220,553,20,6,4
210,539,215,540,220,547,24,7,4
210,539,220,553,187,556,7,3,2
190,544,210,539,187,556,2,2,2
210,539,211,536,215,540,22,9,7
210,539,190,544,208,533,4,3,1
211,536,210,539,208,533,16,7,4
228,528,231,531,227,531,16,16,14
174,536,204,527,190,544,2,2,1
174,536,190,544,175,544,2,2,1
198,513,174,536,170,534,2,2,1
204,527,174,536,198,513,3,2,1
230,473,231,475,227,470,7,1,1
231,475,230,473,231,474,11,4,4
209,468,227,470,210,478,3,2,0
221,407,213,412,213,408,17,1,2
213,413,213,412,221,407,17,1,2
244,450,242,441,254,443,14,3,1
242,441,241,437,254,443,14,1,0
241,437,236,424,260,424,32,8,8
240,416,236,424,236,423,74,20,22
236,424,240,416,260,424,29,5,5
239,399,237,389,247,388,29,0,2
228,585,235,587,228,588,15,9,5
228,588,235,587,236,591,11,7,4
235,587,237,585,236,591,20,3,0
289,588,286,588,281,581,5,5,4
285,596,284,599,284,591,6,6,4
284,599,285,596,302,595,9,6,3
285,596,289,588,302,595,14,6,4
143,473,137,463,152,465,7,3,2
137,480,143,473,144,481,24,6,4
137,480,135,476,143,473,26,6,4
135,476,137,480,120,485,17,3,2
197,507,202,508,198,513,17,8,5
197,507,197,503,202,508,23,14,9
197,507,198,513,164,502,3,2,1
177,492,197,507,164,502,6,3,3
197,503,197,507,177,492,9,5,3
216,433,206,431,215,423,4,2,1
206,431,202,453,192,445,4,5,2
206,431,213,413,215,423,4,2,1
220,447,206,431,216,433,4,2,1
202,453,206,431,220,447,3,2,1
187,465,187,470,176,468,26,9,8
187,470,187,465,195,466,51,32,26
187,465,191,460,195,466,39,28,21
137,463,146,456,152,465,4,2,1
189,420,213,412,213,413,3,3,2
206,431,189,420,213,413,3,3,2
133,454,116,452,116,447,31,5,3
96,462,116,452,117,459,3,1,0
96,462,82,485,51,452,1,1,1
116,452,96,462,116,447,2,1,1
71,418,96,462,51,452,1,1,1
96,462,116,443,116,447,2,1,1
96,462,71,418,112,427,2,1,1
121,494,98,504,120,485,4,1,1
121,494,121,507,98,504,3,1,1
121,508,120,524,98,504,1,1,1
121,507,121,508,98,504,2,1,1
116,430,115,433,112,427,24,1,0
115,433,96,462,112,427,3,1,1
96,462,115,433,116,443,3,1,1
165,533,160,525,170,534,16,4,3
163,535,166,541,151,538,7,3,1
158,530,163,535,151,538,7,3,1
155,526,158,530,151,538,3,4,1
158,530,155,526,160,525,12,5,3
158,530,165,533,163,535,18,4,3
165,533,158,530,160,525,19,5,4
151,538,140,550,127,543,1,1,1
140,550,140,556,127,543,1,1,1
207,740,215,744,212,748,20,3,2
223,745,215,744,219,741,8,5,1
202,751,207,740,212,748,29,6,3
212,750,202,751,212,748,33,6,4
202,751,212,750,213,753,33,6,3
199,713,205,708,219,731,14,7,3
205,708,227,710,219,731,15,9,4
205,708,207,706,227,710,15,9,3
168,726,177,734,167,726,5,2,0
190,727,168,726,186,703,3,2,1
170,695,168,726,167,726,1,1,1
168,726,170,695,186,703,2,2,1
187,746,170,753,169,749,13,3,1
177,734,187,746,169,749,10,2,1
170,753,187,746,195,758,13,3,1
169,749,154,747,167,726,2,2,1
159,780,157,772,173,770,21,4,1
157,772,158,768,173,770,20,4,1
158,768,157,772,157,771,12,2,2
157,772,159,780,157,778,17,2,1
143,779,157,772,157,778,3,1,1
157,771,157,772,143,779,3,1,1
254,742,259,749,244,747,42,25,14
243,746,254,742,244,747,35,23,11
254,742,243,746,254,739,36,23,13
259,749,254,742,265,735,43,18,10
254,742,254,739,265,735,31,9,3
254,739,262,731,265,735,32,11,4
262,731,254,739,259,730,37,12,5
205,768,198,760,213,753,34,7,3
198,760,202,751,213,753,33,7,2
202,751,198,760,198,756,28,6,4
198,756,198,760,195,758,13,3,2
198,760,205,768,195,776,28,6,3
198,760,193,776,195,758,16,6,3
193,776,198,760,195,776,17,6,3
220,769,219,775,213,774,29,12,7
219,775,215,780,213,774,19,7,3
210,783,206,785,210,776,15,6,2
215,780,210,783,210,776,8,3,0
206,785,210,783,206,792,7,5,1
210,783,225,788,206,792,5,5,0
210,783,215,780,225,788,6,6,1
204,795,204,794,206,792,11,3,0
204,794,198,790,206,792,32,8,1
198,790,204,794,204,795,39,9,1
213,753,222,761,220,765,17,7,2
222,761,224,766,220,765,14,9,2
224,766,222,761,226,764,8,8,1
240,778,239,772,243,769,5,4,3
239,772,226,764,239,759,5,5,2
243,769,239,772,239,759,5,4,2
239,772,240,778,233,781,10,6,4
239,772,233,781,226,779,14,8,5
224,766,239,772,226,779,12,7,4
239,772,224,766,226,764,8,6,3
271,691,269,696,261,693,22,6,5
266,685,271,691,261,693,24,7,6
271,691,276,699,269,696,23,7,7
276,681,267,682,277,677,11,4,1
278,678,276,681,277,677,38,6,0
245,609,241,594,247,597,33,9,6
241,594,245,609,227,604,11,4,2
227,604,245,609,228,618,6,3,1
245,609,245,614,228,618,5,3,1
250,611,255,613,245,614,36,8,7
250,611,251,607,255,613,37,11,9
246,673,249,668,254,669,24,7,5
257,676,246,673,254,669,22,6,4
246,673,246,664,249,668,26,8,6
246,673,238,672,246,664,23,5,3
250,628,252,630,237,646,4,4,1
249,627,250,628,237,646,4,4,1
252,630,250,628,258,623,32,8,2
250,628,249,627,258,623,32,8,2
230,633,249,627,237,646,7,4,2
249,627,230,633,230,632,4,4,2
233,644,230,633,237,646,14,5,2
230,633,233,644,226,644,33,8,4
217,642,230,633,226,644,32,6,3
230,633,217,642,214,635,29,6,3
230,632,230,633,214,635,30,6,4
267,639,266,638,269,640,17,9,3
261,645,267,639,265,647,56,24,16
267,639,261,645,266,638,56,25,16
269,648,269,641,271,649,23,11,6
286,655,269,641,269,640,9,6,3
269,641,269,648,265,647,56,27,21
267,639,269,641,265,647,48,25,19
269,641,267,639,269,640,17,9,5
286,655,280,670,273,666,23,8,5
280,670,286,655,282,673,10,4,3
280,670,273,667,273,666,50,16,10
280,670,277,677,273,667,50,13,8
277,677,280,670,282,673,55,15,10
268,656,274,654,273,666,45,13,6
274,654,286,655,273,666,18,7,4
316,634,313,644,312,625,11,3,3
317,629,316,634,312,625,22,4,4
323,626,317,629,321,622,80,26,9
317,629,323,626,326,631,72,25,11
323,626,321,622,331,626,23,9,3
326,631,323,626,331,626,30,15,8
239,716,230,727,227,710,23,13,5
249,707,238,695,261,693,14,8,4
248,723,249,707,256,714,25,14,8
249,707,267,710,256,714,6,4,1
267,710,249,707,261,693,4,4,1
224,690,224,683,226,692,24,16,7
224,690,222,689,224,683,23,15,6
216,699,224,690,226,692,40,31,21
222,689,224,690,216,699,40,30,20
223,660,211,653,226,644,26,15,10
229,661,223,660,226,644,22,3,2
223,660,209,659,211,653,35,25,17
209,659,223,660,220,671,33,23,15
238,672,229,665,242,658,29,6,3
229,665,229,661,242,658,33,7,5
229,665,238,672,230,677,26,6,2
225,674,229,665,230,677,27,13,6
229,665,225,674,220,671,33,21,13
223,660,229,665,220,671,30,17,10
229,665,223,660,229,661,19,6,1
193,639,192,638,197,636,41,30,14
193,639,193,641,192,638,23,12,0
196,640,204,647,202,649,45,31,19
193,641,196,640,202,649,38,23,12
196,640,197,636,210,637,51,39,27
204,647,196,640,210,637,51,38,27
196,640,193,639,197,636,43,31,15
193,639,196,640,193,641,34,22,7
198,670,191,662,195,658,17,10,5
191,662,198,670,187,663,11,7,4
195,658,191,662,186,656,15,7,3
191,662,187,663,186,656,9,4,0
211,671,198,670,209,659,23,15,7
211,671,209,659,220,671,32,23,14
211,671,209,681,197,675,24,17,10
198,670,211,671,197,675,25,18,10
214,635,210,622,228,618,26,5,2
210,631,210,622,214,635,17,4,2
210,622,215,615,228,618,22,5,2
215,615,210,622,208,616,17,6,3
210,622,210,631,201,629,18,8,3
210,622,202,617,208,616,18,5,3
202,617,210,622,198,625,16,7,3
210,622,201,629,198,625,22,12,6
165,591,173,596,175,606,25,16,10
165,591,175,606,136,607,7,5,3
164,584,165,591,136,607,1,1,0
165,591,164,584,165,589,8,3,2
175,599,177,601,175,606,50,33,19
173,596,175,599,175,606,45,29,18
177,601,175,599,181,598,59,42,27
175,599,173,596,181,598,59,43,29
173,593,182,592,181,598,55,41,26
173,596,173,593,181,598,58,43,28
182,592,173,593,181,580,31,22,13
173,593,169,579,181,580,34,26,16
169,579,173,593,165,589,32,25,16
173,593,165,591,165,589,31,23,14
165,591,173,593,173,596,29,20,13
181,578,173,575,181,570,9,3,1
173,575,181,578,181,580,9,4,1
193,581,181,578,181,570,12,4,2
181,580,181,578,193,581,13,4,2
86,342,105,342,91,356,8,2,1
105,342,86,342,92,334,5,2,1
92,334,86,342,77,336,3,2,2
71,343,86,342,91,356,2,1,1
77,336,86,342,71,343,1,1,1
30,626,22,628,16,613,2,2,2
22,628,8,634,16,613,2,2,2
20,652,2,662,1,643,1,1,1
2,662,20,652,11,669,1,1,1
2,662,11,669,5,737,2,2,2
0,867,2,662,5,737,2,2,1
1,643,2,662,0,867,2,2,1
225,888,232,886,231,901,12,12,8
232,886,239,894,231,901,12,12,9
229,869,232,886,218,878,27,19,11
232,886,225,888,218,878,16,15,8
244,868,232,886,229,869,24,22,15
232,886,244,868,251,873,25,22,15
239,894,232,886,251,873,22,21,14
155,789,161,797,149,789,10,3,1
162,797,168,786,176,791,21,6,2
161,797,162,797,164,804,22,5,1
162,797,155,789,168,786,21,5,2
155,789,162,797,161,797,18,4,1
340,860,341,861,335,862,19,21,18
340,860,333,854,342,855,32,33,29
340,860,335,862,333,854,23,24,20
326,816,326,820,318,817,54,17,13
326,820,332,827,327,829,56,34,28
294,844,297,841,296,845,34,12,4
297,841,294,844,292,843,37,13,3
305,834,302,839,293,837,8,4,1
286,828,305,834,293,837,8,4,1
305,834,322,834,317,843,49,11,5
304,846,303,842,317,843,55,12,5
303,842,305,834,317,843,48,9,4
305,834,303,842,302,839,14,4,1
303,842,297,841,302,839,10,4,1
303,842,304,846,296,845,27,9,4
297,841,303,842,296,845,21,7,3
332,831,336,832,337,840,13,9,3
332,831,337,840,335,843,16,13,7
324,835,332,831,335,843,14,12,5
332,831,324,835,327,829,20,8,2
332,827,332,831,327,829,35,15,11
332,831,334,826,336,832,40,21,18
332,831,332,827,334,826,44,23,20
346,755,351,761,344,754,52,12,7
346,755,358,756,351,761,68,19,12
346,755,361,733,358,756,17,9,5
318,766,311,769,309,763,37,8,4
311,769,298,764,309,763,16,5,0
366,768,375,754,379,770,19,7,3
333,791,327,787,327,786,10,6,2
321,795,327,789,326,802,27,9,3
327,789,333,791,326,802,28,7,3
327,789,327,787,333,791,11,7,2
319,752,330,756,328,760,5,4,2
330,756,344,754,328,760,8,4,2
330,756,340,752,344,754,18,4,1
313,759,317,757,318,766,32,10,5
317,757,319,752,328,760,6,4,1
318,766,317,757,328,760,7,3,1
304,741,290,751,283,745,7,3,1
290,751,285,755,283,745,11,6,2
290,751,292,753,285,755,13,6,2
361,733,338,739,341,726,4,4,2
340,752,338,739,344,754,51,18,8
338,739,346,755,344,754,48,16,8
346,755,338,739,361,733,22,10,5
330,722,330,724,322,723,7,5,4
310,804,303,798,309,794,9,4,1
310,804,308,805,303,798,13,4,2
310,804,309,794,316,800,9,8,1
317,806,310,804,316,800,7,6,0
308,805,310,804,315,809,18,9,3
310,804,317,806,315,809,15,8,2
287,761,292,764,284,767,15,9,3
287,761,284,767,275,765,18,12,3
285,755,287,761,275,765,19,12,4
292,753,287,761,285,755,18,10,4
292,764,297,760,298,764,15,9,4
298,764,297,760,306,758,7,3,0
296,775,288,779,285,775,55,43,31
288,779,279,776,285,775,65,49,36
288,779,288,785,279,776,46,30,20
288,785,288,779,298,782,37,27,18
259,788,253,791,246,786,23,4,2
253,791,259,788,261,789,34,6,2
256,768,259,788,246,786,16,2,1
279,776,269,773,275,765,51,27,14
274,784,288,785,275,790,20,5,0
288,785,274,784,279,776,41,25,15
264,797,266,787,275,790,6,3,0
261,789,266,787,264,797,17,5,0
266,787,274,784,275,790,8,2,0
274,784,266,787,269,783,10,3,0
259,788,266,787,261,789,22,5,1
266,787,259,788,269,783,18,4,1
373,684,368,687,364,681,11,8,3
328,703,335,720,331,717,4,5,3
335,720,330,722,331,717,8,6,4
330,722,335,720,330,724,9,7,5
309,705,305,706,300,703,20,6,2
309,705,300,703,314,694,16,5,2
311,704,309,705,314,694,31,7,3
309,705,311,704,310,709,60,12,3
305,706,309,705,310,709,46,12,3
304,741,302,734,314,736,42,11,4
302,734,301,732,314,736,46,12,4
302,734,304,741,283,745,9,3,2
282,743,302,734,283,745,5,3,1
301,732,302,734,282,743,6,3,1
304,719,312,717,314,736,55,14,5
301,732,304,719,314,736,56,13,4
304,719,301,711,310,709,58,15,3
312,717,304,719,310,709,55,16,4
304,719,287,719,301,711,49,11,4
304,719,301,732,287,719,27,5,2
319,710,312,717,310,709,32,12,5
319,710,324,713,312,717,17,9,5
324,713,319,710,325,707,9,4,3
311,704,319,710,310,709,57,12,4
319,710,317,697,325,707,40,9,4
319,710,311,704,317,697,56,12,4
369,853,374,852,368,860,95,94,87
346,841,356,845,350,856,79,78,70
356,845,359,848,350,856,89,88,81
356,845,346,841,350,839,32,26,18
413,794,408,772,423,770,4,4,2
408,772,413,794,405,792,8,5,3
423,888,431,894,426,897,22,24,18
431,894,423,888,433,890,28,30,25
388,858,386,862,384,859,82,85,76
382,730,379,736,364,728,4,4,3
388,715,382,730,364,728,4,4,2
391,705,395,685,401,684,5,5,2
369,704,388,715,364,728,17,6,3
386,779,375,773,379,770,54,23,18
375,773,366,768,379,770,58,20,8
370,775,375,773,384,785,48,16,11
375,773,386,779,384,785,59,21,16
424,576,415,564,427,570,10,2,0
424,576,426,578,418,581,53,19,22
426,578,424,576,427,570,25,9,7
412,579,424,576,418,581,41,13,15
415,564,424,576,412,579,14,3,3
403,564,409,556,412,558,22,12,10
409,556,410,554,412,558,62,54,50
399,528,396,523,403,527,137,138,133
396,523,404,517,403,527,146,146,142
404,517,396,523,396,520,151,152,147
396,520,396,523,393,523,151,152,147
402,535,399,528,403,527,120,121,116
394,557,403,564,392,565,13,5,3
394,557,396,555,403,564,30,22,19
394,557,388,556,394,552,68,61,57
374,583,364,580,381,563,10,1,1
364,580,374,583,368,586,16,1,3
362,582,364,580,368,586,14,2,2
364,580,362,582,363,579,22,2,4
331,636,338,657,324,650,52,19,11
338,657,331,636,349,658,27,13,8
373,684,366,666,382,662,3,4,3
677,244,672,250,672,239,53,30,25
672,250,680,247,672,251,41,25,21
672,250,677,244,680,247,45,25,21
667,253,672,250,672,251,29,33,27
665,243,672,250,667,253,24,25,19
680,246,677,244,682,242,37,15,12
677,244,680,246,680,247,48,21,19
686,252,680,246,682,242,12,5,1
680,246,686,252,680,247,13,5,2
677,244,678,238,682,242,31,11,8
678,238,677,244,672,239,59,32,26
678,238,678,232,682,242,18,4,1
678,238,672,239,671,233,55,28,20
678,232,678,238,671,233,54,27,20
679,646,672,634,690,639,3,3,1
690,648,679,646,690,639,3,4,1
621,750,626,764,612,755,10,9,6
626,764,621,750,628,761,20,13,6
634,774,648,761,635,781,5,4,2
629,783,634,774,635,781,9,7,3
608,763,626,764,618,773,27,13,8
601,766,580,763,583,744,8,9,7
608,753,601,766,583,744,8,9,7
679,725,691,747,679,739,2,2,2
691,747,679,725,695,748,2,2,2
679,739,691,747,668,762,2,2,1
691,747,701,755,668,762,2,2,1
691,747,695,748,701,755,2,2,2
620,686,626,688,615,688,6,5,6
641,703,638,699,644,704,66,22,8
634,734,632,718,643,728,23,16,11
653,724,651,716,663,725,6,3,2
645,738,653,724,663,725,11,4,3
653,724,645,738,643,728,28,10,8
651,716,652,706,662,702,16,7,3
638,699,648,691,644,704,57,23,11
660,550,654,557,657,544,49,25,14
661,544,660,550,657,544,37,25,15
660,550,661,544,664,546,21,18,13
660,550,664,546,672,554,30,20,13
632,652,638,639,642,641,44,17,9
622,637,638,639,632,652,16,10,6
638,639,622,637,626,634,7,8,6
638,639,645,636,642,641,38,17,7
645,636,638,639,642,624,16,11,6
649,643,645,636,654,634,83,25,11
645,636,649,643,642,641,80,26,12
609,642,611,635,616,644,11,11,9
568,615,579,607,575,621,93,25,14
564,624,568,615,575,621,96,25,15
563,612,568,615,560,620,47,21,13
568,615,564,624,560,620,60,21,12
562,564,561,567,551,562,76,80,71
561,567,562,564,566,571,81,85,75
661,579,659,581,658,577,20,14,9
661,579,672,568,679,575,46,18,10
669,567,667,564,672,559,65,28,18
672,568,669,567,672,559,74,30,20
661,579,669,567,672,568,52,21,10
667,564,669,567,658,577,36,18,10
669,567,661,579,658,577,40,19,10
675,585,675,589,666,586,50,21,9
675,585,661,579,679,575,48,19,11
687,578,675,585,679,575,10,6,2
675,589,675,585,687,578,10,5,2
643,588,654,587,648,593,54,22,10
593,540,592,547,584,543,152,102,89
632,652,625,657,616,644,19,12,7
625,657,615,661,616,644,18,13,8
619,671,631,673,627,678,10,10,8
631,673,619,671,628,664,36,14,8
653,659,652,660,650,659,75,25,16
660,626,666,614,669,627,41,16,10
660,626,658,622,666,614,41,16,9
658,622,660,626,654,631,38,14,5
660,626,654,632,654,631,32,12,4
654,632,660,626,654,634,32,12,4
660,626,664,642,654,634,41,15,7
672,634,660,626,669,627,32,12,7
660,626,672,634,664,642,31,12,7
658,622,646,624,645,616,67,22,11
647,612,658,622,645,616,71,23,13
674,596,675,589,677,602,21,7,3
677,608,671,606,677,602,22,8,3
671,606,674,596,677,602,25,9,4
674,596,671,606,664,599,39,16,7
677,609,671,606,677,608,20,7,2
666,614,671,606,675,617,34,14,9
671,606,677,609,675,617,14,5,1
664,465,664,466,655,471,92,79,74
664,466,667,472,655,471,109,102,96
675,470,678,474,676,478,167,168,161
667,472,675,470,676,478,163,165,157
675,470,664,466,664,465,168,169,162
664,466,675,470,667,472,167,168,161
678,474,675,470,690,470,167,168,159
675,470,692,446,690,470,180,181,172
708,443,719,434,707,455,2,2,1
706,443,708,443,707,455,4,4,1
689,431,699,439,692,446,181,178,166
699,429,699,439,689,431,184,181,169
643,428,651,440,646,441,246,136,131
650,420,651,440,643,428,232,121,119
613,387,610,386,616,381,23,24,21
610,386,613,387,611,394,28,28,26
636,410,640,409,639,412,86,31,19
636,410,634,405,640,409,123,66,54
663,459,664,465,655,471,88,64,61
663,459,675,470,664,465,168,170,163
675,470,663,459,665,454,166,167,160
634,422,643,428,632,427,84,34,28
631,423,634,422,632,427,158,90,80
634,422,640,415,641,417,103,35,19
657,492,655,493,650,482,33,14,11
646,499,655,493,650,502,23,2,3
655,493,657,512,650,502,20,3,2
655,493,657,492,657,512,20,3,2
515,614,513,622,512,612,11,12,9
513,622,503,623,512,612,11,11,9
520,626,513,622,515,614,9,10,7
485,639,490,636,486,643,14,12,9
490,636,485,639,484,630,42,13,10
510,641,515,642,514,647,124,70,54
508,640,499,643,495,632,107,64,52
513,622,509,628,503,623,18,18,15
509,628,520,626,518,634,15,15,11
509,628,513,622,520,626,17,16,13
525,631,521,630,525,630,16,18,13
521,630,525,631,525,632,16,18,12
509,715,498,708,508,702,71,58,52
512,692,513,699,508,702,11,12,9
513,699,519,701,508,702,11,11,8
519,701,513,699,512,692,9,9,6
503,623,499,611,512,612,11,12,9
495,610,499,611,490,618,8,8,5
499,611,495,625,490,618,11,11,6
495,625,499,611,503,623,11,12,8
493,551,490,548,498,549,64,10,8
501,553,493,551,498,549,80,18,17
516,596,523,595,522,603,15,15,13
508,599,516,596,522,603,14,14,12
439,634,441,641,425,634,7,7,4
441,641,433,653,425,634,7,8,5
465,651,458,646,467,649,7,7,5
456,650,457,648,462,654,9,9,7
457,647,457,648,456,650,6,6,4
457,648,465,651,462,654,10,10,8
458,646,457,648,457,647,6,6,4
457,648,458,646,465,651,7,7,5
489,607,495,610,490,618,9,10,6
486,619,489,607,490,618,9,9,6
561,628,562,634,552,636,43,19,11
562,634,561,628,571,631,94,20,10
567,637,562,634,571,631,81,20,10
531,646,523,636,525,632,21,16,12
520,681,512,692,504,668,9,10,7
515,576,519,577,520,584,17,18,13
520,584,519,577,523,585,28,30,25
573,512,568,515,565,513,74,20,19
574,507,573,512,565,513,138,39,22
562,510,574,507,565,513,129,35,21
574,507,562,510,562,501,135,38,21
562,510,548,502,562,501,48,4,3
548,502,562,510,551,519,53,6,5
565,514,562,510,565,513,76,15,10
551,519,562,510,565,514,49,7,4
573,496,562,501,566,494,143,43,27
573,496,574,507,562,501,132,36,20
573,496,581,501,578,506,77,53,40
574,507,573,496,578,506,91,56,42
549,542,548,547,542,546,69,68,61
555,547,548,547,554,544,65,70,62
548,547,549,542,554,544,57,61,53
558,549,550,558,555,547,84,89,80
550,558,558,549,565,554,97,101,92
550,558,562,564,551,562,80,84,75
562,564,550,558,565,554,97,101,92
548,559,549,567,544,570,62,63,54
549,567,548,559,551,562,81,81,74
548,559,550,558,551,562,121,121,114
550,558,548,559,546,556,91,91,85
526,560,527,563,526,565,52,48,43
527,563,530,562,526,565,39,40,33
530,562,527,563,526,560,38,37,33
550,520,551,519,556,526,34,2,2
548,533,550,520,556,526,27,3,2
543,525,550,520,548,533,65,23,23
519,539,513,536,522,528,143,23,27
519,539,513,545,513,536,172,13,21
527,543,522,528,536,532,159,78,76
539,548,527,543,536,532,74,32,30
527,543,519,539,522,528,185,61,65
519,539,527,543,523,543,185,48,58
523,543,527,543,521,553,39,4,5
527,543,526,560,521,553,34,5,5
526,560,527,543,539,548,39,26,23
516,547,523,543,517,550,109,9,20
516,547,517,550,516,552,81,2,9
513,545,516,547,516,552,128,5,15
519,539,516,547,513,545,180,10,22
516,547,519,539,523,543,178,22,37
496,535,498,538,495,539,117,23,29
503,534,498,538,496,535,113,18,20
495,539,498,538,498,549,77,4,3
498,538,513,545,498,549,105,9,10
498,538,503,534,513,545,107,10,10
480,532,489,541,481,537,66,53,46
480,537,480,532,481,537,115,115,107
480,532,480,537,475,536,121,119,112
470,528,480,532,475,536,108,108,102
478,524,480,532,470,528,106,106,101
512,484,516,499,507,487,93,37,39
516,499,512,484,520,496,133,13,17
533,518,527,519,529,508,100,8,8
531,526,533,518,536,521,174,97,93
527,519,533,518,531,526,132,50,48
527,519,524,518,529,508,85,6,7
524,518,527,519,522,528,103,16,14
535,594,530,590,541,587,34,34,28
535,594,541,587,546,597,35,33,26
533,625,520,626,515,614,11,12,9
559,626,558,618,560,620,12,11,11
558,618,563,612,560,620,21,22,18
546,633,559,626,552,636,19,16,11
541,587,546,589,546,597,45,39,33
546,589,556,592,546,597,46,28,21
594,594,603,600,594,602,145,91,73
603,600,594,594,603,592,121,84,69
576,584,582,583,577,590,135,46,23
576,584,571,588,568,577,55,50,43
580,572,576,584,568,577,81,67,59
532,576,540,572,534,580,126,78,67
540,572,532,576,533,569,94,66,59
532,576,534,580,529,575,111,56,45
533,569,532,576,529,575,130,75,63
540,581,545,583,541,587,94,35,24
545,583,546,589,541,587,78,32,24
546,589,545,583,550,585,121,59,53
577,523,572,529,572,522,28,22,16
572,529,577,523,579,530,34,28,22
577,523,572,522,572,521,36,28,21
588,517,577,523,585,516,105,64,54
577,523,588,517,579,530,87,63,53
565,542,569,548,562,550,127,131,120
571,552,569,548,573,548,61,64,54
569,548,568,541,573,548,81,84,74
568,541,569,548,565,542,97,101,90
562,550,569,548,565,554,133,137,127
569,548,571,552,565,554,115,118,108
567,538,568,541,565,542,133,135,124
567,538,565,542,560,540,160,162,150
567,538,561,534,567,536,194,194,184
567,538,560,540,561,534,183,184,174
571,552,572,560,565,554,139,143,132
576,553,571,552,573,548,120,122,112
579,545,576,553,573,548,124,125,116
572,560,576,553,576,561,160,162,153
576,553,572,560,571,552,149,151,141
705,407,707,411,701,410,97,96,90
705,407,711,396,711,405,30,31,27
711,396,705,407,701,393,68,69,64
667,386,675,390,668,390,111,0,3
675,390,667,386,667,384,111,0,2
662,386,667,386,668,390,143,3,8
667,386,662,386,667,384,144,2,8
707,411,711,409,711,416,15,16,12
711,416,711,409,717,400,1,2,0
711,409,711,405,717,400,1,2,0
711,409,705,407,711,405,30,30,26
705,407,711,409,707,411,29,29,25
711,417,707,415,711,416,14,14,11
707,415,707,411,711,416,15,15,12
707,415,711,417,711,423,12,13,10
705,427,707,415,711,423,22,22,19
688,371,693,364,693,373,58,50,44
693,364,688,371,692,362,48,38,33
699,347,693,350,699,343,49,42,37
693,350,698,338,699,343,42,34,30
662,366,668,364,667,384,118,2,7
631,423,624,430,622,429,58,41,33
624,430,631,423,632,427,75,48,39
643,428,631,432,632,427,86,46,38
600,296,604,300,597,305,41,42,40
588,303,600,296,597,305,42,42,39
604,300,606,304,597,305,42,42,40
577,307,585,313,578,312,131,71,57
674,280,688,269,688,280,14,8,6
674,280,672,268,688,269,15,10,8
545,426,550,421,548,433,121,76,64
531,435,543,438,536,444,147,41,16
543,438,531,435,539,429,150,48,23
569,432,564,435,560,431,26,26,21
550,421,558,427,548,433,124,79,65
558,427,552,434,548,433,113,74,65
552,434,558,427,560,431,88,63,52
543,432,543,438,539,429,152,69,43
543,432,545,426,548,433,155,98,82
545,426,543,432,539,429,115,64,45
552,434,547,436,548,433,104,74,67
547,436,543,432,548,433,127,75,57
543,432,547,436,543,438,121,74,55
533,478,540,461,544,471,42,4,3
540,461,533,478,523,465,56,3,4
526,460,540,461,523,465,46,4,3
578,372,587,377,575,375,65,39,32
577,368,577,355,578,355,36,38,32
569,358,577,355,577,368,43,44,40
577,355,573,349,578,355,39,40,35
564,362,554,370,558,360,54,56,50
554,370,555,359,558,360,63,64,59
562,379,564,362,575,375,41,44,38
562,379,554,370,564,362,50,53,47
554,370,562,379,553,374,48,52,45
563,360,558,360,563,354,68,71,64
563,360,564,362,558,360,46,48,43
567,356,563,360,563,354,54,58,52
563,360,567,356,568,361,52,55,49
564,362,563,360,568,361,52,56,50
643,350,634,348,638,341,100,70,60
620,351,613,354,618,344,21,22,19
428,400,434,387,438,396,39,6,5
434,387,428,400,424,387,31,3,2
419,386,423,385,424,387,17,1,1
423,385,419,386,421,380,22,0,1
515,423,513,420,517,424,35,12,12
533,399,538,406,529,403,47,42,34
529,403,538,406,525,407,80,50,38
538,406,528,418,525,407,97,48,37
551,417,550,421,541,418,30,29,25
588,517,593,528,590,531,162,88,75
593,528,588,517,595,525,174,103,90
593,528,593,532,590,531,199,133,116
593,528,595,525,599,529,121,100,84
593,532,593,528,599,529,114,93,78
638,497,644,498,641,503,140,47,50
649,478,653,475,650,482,71,5,7
649,478,645,473,653,475,149,25,36
598,514,605,521,599,519,83,44,34
592,513,598,514,599,519,154,78,67
576,242,592,239,592,246,27,24,22
633,232,640,236,639,237,34,25,21
640,236,633,232,638,223,27,17,10
646,226,640,236,638,223,82,33,20
640,236,646,226,647,235,87,34,20
640,236,650,245,639,237,73,33,23
650,245,640,236,647,235,75,32,23
632,228,633,232,631,229,11,14,13
633,232,632,228,638,223,11,8,4
628,225,632,228,631,229,5,6,4
605,233,600,240,596,237,30,30,28
605,243,600,240,605,233,29,29,27
609,244,605,243,605,233,15,16,13
609,244,621,232,622,238,24,26,24
621,232,609,244,605,233,22,24,22
618,252,609,244,622,238,18,21,19
609,244,604,250,605,243,9,11,10
652,248,650,248,650,245,26,23,21
657,242,652,248,650,245,29,28,25
651,254,652,248,653,256,13,12,9
652,248,651,254,650,248,13,10,8
652,248,657,242,665,253,21,22,18
623,258,634,255,638,263,27,28,25
626,253,634,255,623,258,32,34,31
634,255,626,253,634,251,21,24,21
634,255,640,260,638,263,29,26,22
640,260,634,255,643,259,52,34,27
634,255,634,251,645,249,57,31,22
643,259,634,255,645,249,60,33,24
667,253,666,257,665,253,13,16,12
662,262,666,257,672,268,21,22,19
666,257,667,253,672,251,25,29,23
672,268,666,257,672,251,22,24,20
643,260,643,259,653,256,69,38,29
647,267,643,260,653,256,66,35,26
643,260,647,267,641,261,101,47,31
658,258,647,267,653,256,34,26,24
647,267,658,258,662,262,32,27,24
658,258,652,248,665,253,14,15,11
652,248,658,258,653,256,13,14,10
666,257,658,258,665,253,10,11,7
658,258,666,257,662,262,20,20,18
657,276,647,267,662,272,19,13,9
507,254,510,253,511,261,124,126,118
510,253,519,258,511,261,132,134,127
510,253,507,254,506,252,89,92,84
521,265,523,259,529,264,135,136,128
519,258,523,259,521,265,136,138,129
540,238,536,225,547,234,37,38,35
536,225,540,238,533,232,38,39,35
540,238,547,234,553,242,52,53,49
544,250,540,238,553,242,41,42,37
536,255,540,263,529,264,70,72,67
536,255,541,262,540,263,53,57,51
541,262,536,255,542,261,48,53,47
600,272,601,260,615,262,15,16,12
584,285,579,283,579,282,143,38,19
579,286,579,283,584,285,135,41,25
581,290,579,286,584,285,135,62,50
573,258,571,271,565,262,79,50,39
571,271,573,258,575,270,145,68,47
545,269,548,272,546,273,97,101,94
548,272,544,277,546,273,110,115,106
571,271,558,265,565,262,47,43,36
558,265,571,271,558,275,36,33,27
494,352,496,353,493,355,102,98,90
492,342,494,352,489,345,161,161,152
509,277,505,279,503,277,141,143,134
505,279,509,277,506,282,174,176,166
505,279,497,284,503,277,90,91,82
497,284,505,279,506,282,104,106,96
537,382,535,377,544,375,56,59,51
537,382,549,386,538,392,69,71,64
474,320,483,327,473,326,161,163,151
474,320,481,317,483,327,168,170,157
492,342,487,341,492,338,170,165,155
487,341,492,342,489,345,187,185,176
483,330,483,327,491,329,159,117,110
483,330,473,328,483,327,117,116,103
483,330,478,338,476,336,92,61,45
478,338,483,330,487,334,120,79,63
525,280,519,278,527,276,141,145,135
531,272,531,279,527,276,156,160,151
544,277,531,279,531,272,131,135,127
531,279,525,280,527,276,178,182,173
525,280,531,279,526,285,189,193,184
553,331,553,324,556,329,103,105,95
528,397,533,399,529,403,63,54,43
383,657,382,652,388,650,8,4,3
382,662,383,657,390,667,5,6,4
393,650,383,657,388,650,6,5,4
383,657,393,650,390,667,6,6,4
393,623,397,617,399,627,11,7,5
397,617,395,607,404,613,4,4,3
406,656,413,660,404,659,65,16,12
413,658,413,660,406,656,76,19,15
413,660,413,663,404,659,29,4,1
413,660,413,658,417,657,161,91,81
419,661,413,660,417,657,147,81,71
414,665,418,667,418,672,18,2,3
418,667,424,671,418,672,42,6,3
418,667,419,661,424,671,94,36,32
414,664,414,665,413,663,29,0,0
413,660,414,664,413,663,67,6,6
414,664,413,660,419,661,107,33,29
418,667,414,664,419,661,77,16,14
414,664,418,667,414,665,43,3,4
377,644,387,644,382,652,76,13,6
373,642,377,644,372,643,22,7,3
377,644,373,642,378,632,11,6,3
387,644,377,644,378,632,54,11,5
391,646,394,637,398,641,112,32,17
391,646,387,644,394,637,103,18,4
401,645,391,646,398,641,124,59,43
391,646,401,645,393,650,67,18,13
391,646,393,650,388,650,19,4,3
387,644,391,646,388,650,42,8,4
511,752,516,748,520,753,16,13,11
511,752,517,770,505,758,13,10,8
517,770,511,752,520,753,11,10,8
514,743,503,741,509,733,84,16,5
514,743,514,734,517,738,47,15,4
514,734,514,743,509,733,105,19,7
484,732,493,718,502,722,13,10,6
493,718,484,732,486,715,11,9,6
453,680,447,685,448,672,85,64,56
447,685,453,680,455,686,131,89,77
461,671,453,680,448,672,22,21,18
453,680,463,674,461,682,11,10,8
453,680,461,671,463,674,8,9,7
484,732,471,720,486,715,8,9,5
471,720,484,710,486,715,14,12,5
484,710,482,703,489,700,132,96,85
603,653,606,648,606,660,11,10,7
606,648,603,653,600,650,12,12,10
615,661,604,664,606,660,35,17,10
608,681,620,686,615,688,8,7,7
509,826,506,829,491,811,5,6,5
623,804,623,797,626,799,21,11,7
623,804,622,805,616,803,20,9,6
623,797,623,804,616,803,16,7,4
625,808,631,813,623,815,8,4,1
623,804,625,808,622,805,24,10,6
602,847,610,837,616,852,8,4,1
623,845,610,837,615,834,4,3,1
610,837,623,845,616,852,3,2,1
587,848,602,847,590,853,32,8,7
587,848,582,847,584,841,17,9,3
580,763,578,742,583,744,10,11,8
573,725,571,718,583,719,11,11,9
581,728,573,725,583,719,13,12,9
563,726,573,725,574,731,44,37,29
608,753,584,743,599,740,8,9,7
584,743,608,753,583,744,8,10,7
578,742,584,743,583,744,13,12,12
537,775,530,789,536,773,13,12,9
545,768,537,775,536,773,13,13,11
544,778,537,775,545,768,13,13,11
551,774,544,778,545,768,11,12,9
522,767,517,770,520,753,11,11,10
536,760,522,767,520,753,10,11,9
560,783,572,782,562,787,13,14,10
572,782,560,783,573,777,12,12,9
572,782,568,792,562,787,17,16,12
609,725,600,733,591,723,76,31,19
600,733,590,730,591,723,72,35,24
600,733,599,736,590,730,103,35,16
495,674,486,680,483,675,11,12,9
485,685,486,680,495,674,9,10,7
470,678,476,679,479,685,7,8,5
454,652,461,669,448,672,7,7,5
454,652,448,672,438,659,8,8,6
454,652,456,650,462,654,9,9,7
462,668,454,652,462,654,7,7,5
461,669,454,652,462,668,7,7,5
457,910,450,914,446,907,44,16,7
450,914,457,910,459,919,23,10,5
457,910,465,920,459,919,15,11,7
462,906,465,903,468,904,32,11,5
462,906,468,904,470,917,11,5,2
465,920,462,906,470,917,9,7,4
457,910,462,906,465,920,20,11,6
473,899,475,900,471,901,13,2,1
471,898,473,899,471,901,19,4,1
460,874,470,879,468,887,38,29,22
477,872,469,864,478,859,29,27,21
469,864,470,879,460,874,40,39,32
470,879,469,864,477,872,39,28,21
500,863,489,852,501,848,41,15,8
529,913,533,927,521,921,18,11,5
529,913,532,910,533,927,9,9,4
536,907,544,898,542,907,15,11,7
532,910,536,907,542,907,12,9,7
470,879,477,891,468,887,53,18,9
483,903,486,909,485,911,4,5,3
483,914,483,903,485,911,5,5,3
475,900,483,903,483,914,3,4,2
492,905,488,913,486,909,8,8,5
488,913,492,905,493,914,9,9,6
483,903,492,905,486,909,5,6,3
492,905,490,898,504,902,11,7,4
455,820,465,810,459,825,38,7,3
446,818,439,826,435,819,67,24,16
439,826,436,828,435,819,48,14,10
436,828,439,826,440,829,20,1,3
503,741,498,756,489,742,37,11,5
498,756,484,749,489,742,15,9,5
484,749,498,756,493,761,29,11,5
469,791,471,780,480,786,22,7,4
472,798,469,791,480,786,47,8,4
436,828,437,843,424,845,6,5,2
437,843,440,829,443,842,7,4,2
437,843,436,828,440,829,7,4,3
463,840,448,837,459,825,74,14,5
440,829,448,837,443,842,16,4,1
479,840,478,828,487,840,9,5,2
465,810,472,823,459,825,67,10,4
472,823,478,828,470,831,6,5,1
473,839,467,851,469,841,36,9,3
473,839,479,840,467,851,43,11,4
463,840,468,835,469,841,69,23,11
468,835,473,839,469,841,64,20,9
486,842,479,840,487,840,44,16,7
486,842,485,853,479,840,50,16,8
489,852,491,847,501,848,80,29,21
491,847,493,843,501,848,43,23,19
312,507,301,508,312,499,83,78,73
287,527,301,508,305,528,19,9,7
297,506,301,508,287,527,17,7,5
301,508,315,521,305,528,46,36,34
301,508,312,507,315,521,63,53,49
383,416,382,408,398,409,122,121,115
383,416,398,409,388,421,125,123,117
386,420,383,416,388,421,124,123,116
382,408,383,416,381,411,145,144,138
381,411,383,416,382,417,148,147,140
383,416,386,420,382,417,138,137,131
411,415,414,418,407,423,115,113,108
408,413,411,415,407,423,113,112,107
411,415,408,413,409,405,87,86,80
420,429,419,433,418,434,119,118,113
419,433,420,429,423,432,131,131,125
419,433,424,440,418,434,135,136,131
424,440,419,433,423,432,137,138,133
396,428,394,425,407,423,137,135,130
394,425,392,422,407,423,136,135,130
394,425,396,428,392,430,152,151,144
392,422,394,425,388,427,165,164,157
469,413,482,407,475,418,220,73,76
452,416,455,412,466,420,47,5,6
453,424,452,416,466,420,61,6,10
428,400,426,400,424,387,32,4,3
416,404,419,403,425,406,35,4,7
411,415,416,404,414,418,79,78,72
416,404,411,415,409,405,72,70,64
427,401,426,407,425,406,54,7,11
426,400,427,401,425,406,57,8,13
427,401,426,400,428,400,61,12,14
416,419,426,407,428,411,62,56,51
416,419,428,411,425,420,79,77,71
426,407,416,419,425,406,62,56,51
420,429,416,419,425,420,121,120,113
416,419,416,404,425,406,60,52,48
416,404,416,419,414,418,82,80,74
414,418,416,419,407,423,113,112,106
416,419,420,429,407,423,123,121,115
428,411,430,414,425,420,54,48,42
430,414,430,421,425,420,74,74,67
439,422,433,417,440,418,28,16,12
433,417,433,416,440,418,27,3,2
433,417,430,414,433,416,23,9,5
430,414,433,417,430,421,50,43,37
437,435,438,443,431,445,129,128,122
424,440,437,435,431,445,137,137,132
447,439,450,444,438,443,132,135,128
453,434,447,439,445,437,124,124,116
447,439,453,434,454,441,125,125,118
454,441,455,446,450,444,122,125,118
458,463,468,460,460,465,158,159,153
428,454,428,456,419,461,165,166,161
428,453,428,454,426,449,180,180,176
426,449,428,454,419,461,161,161,157
427,449,429,446,433,448,150,150,145
429,446,427,449,426,449,159,160,155
428,453,427,449,433,448,155,155,151
427,449,428,453,426,449,175,175,170
436,459,436,452,442,458,149,150,144
436,452,436,459,428,456,160,160,156
428,454,436,452,428,456,154,155,150
436,452,428,453,433,448,148,149,144
434,448,436,452,433,448,139,139,135
436,452,428,454,428,453,156,157,152
441,426,433,423,439,422,76,75,69
433,423,433,417,439,422,36,27,22
433,417,433,423,430,421,74,76,68
498,489,495,491,493,483,146,147,140
495,491,498,489,497,493,145,146,138
492,503,496,510,489,505,145,149,139
495,500,496,498,502,503,155,156,149
496,498,491,497,497,493,146,148,141
496,498,495,500,491,497,147,150,144
472,496,476,495,474,502,159,160,155
476,495,484,501,474,502,163,165,160
485,506,474,514,474,502,141,145,138
484,501,485,506,474,502,147,151,145
493,483,490,481,490,478,156,157,152
490,481,486,478,490,478,151,152,146
486,478,490,481,485,480,146,148,141
475,468,467,472,473,462,147,148,141
468,460,461,467,460,465,151,152,146
467,472,461,467,468,460,156,157,151
432,469,441,472,430,474,166,167,161
441,472,432,469,441,471,181,182,175
441,472,444,476,430,474,171,172,165
427,467,419,475,420,464,171,172,167
419,475,427,467,430,474,166,167,162
427,467,420,464,428,456,166,167,162
476,429,470,425,475,418,58,13,12
470,425,459,430,466,420,60,5,8
460,433,476,429,472,445,61,14,16
466,447,460,433,472,445,60,28,27
470,425,460,433,459,430,70,7,11
460,433,470,425,476,429,61,6,8
460,433,453,434,459,430,34,7,6
453,434,460,433,454,441,64,60,54
483,421,476,429,475,418,143,62,59
494,426,483,421,487,417,185,32,39
476,429,481,435,480,440,48,2,6
483,421,481,435,476,429,87,31,30
522,468,516,469,523,465,112,8,15
523,473,522,468,523,465,118,10,19
506,445,494,446,497,442,140,19,28
512,484,516,479,520,486,152,11,15
508,480,512,484,507,487,119,14,22
491,395,492,399,484,398,59,8,6
494,396,492,399,491,395,44,21,16
492,399,494,396,493,400,43,18,14
490,416,494,426,487,417,158,11,19
513,420,498,415,510,414,59,8,9
490,416,498,415,494,426,115,4,8
346,472,342,478,342,473,167,163,158
352,475,342,478,346,472,174,170,165
330,479,334,479,330,482,166,162,157
342,478,334,479,342,473,161,157,152
334,479,335,468,342,473,165,161,156
334,479,330,479,327,475,163,160,154
335,468,334,479,327,475,168,165,159
327,461,329,465,326,467,159,155,149
329,465,335,468,326,467,165,162,156
329,465,327,461,336,463,173,169,164
335,468,329,465,336,463,179,175,170
338,493,341,487,347,492,166,162,157
337,488,341,487,338,493,157,153,148
341,487,337,488,341,483,164,160,155
341,470,346,472,342,473,170,164,159
341,470,345,462,346,472,164,158,153
335,468,341,470,342,473,162,158,153
340,454,341,456,336,463,181,178,172
341,456,345,462,336,463,181,177,172
341,456,340,454,345,455,155,151,145
436,550,439,554,434,555,67,60,56
436,550,429,541,436,539,96,96,90
428,556,436,550,434,555,70,65,60
436,550,428,556,429,541,83,80,74
469,534,470,542,459,533,106,106,99
470,542,455,540,459,533,105,106,98
475,536,470,542,469,534,106,105,96
446,552,462,549,446,553,41,23,21
455,540,462,549,446,552,75,71,65
470,542,462,549,455,540,79,72,64
462,549,470,542,470,546,66,51,45
432,534,427,538,426,532,117,118,113
429,541,427,538,432,534,115,116,111
427,538,429,541,424,542,95,95,91
427,538,422,541,426,532,120,121,116
422,541,427,538,424,542,102,102,98
430,526,426,525,434,522,146,147,142
430,526,434,522,437,527,139,140,135
418,510,417,507,422,508,163,163,161
424,511,418,510,422,508,176,177,174
418,510,424,511,420,515,171,172,168
418,510,409,516,407,512,164,165,161
409,506,418,510,407,512,162,162,160
417,507,418,510,409,506,170,170,168
414,521,423,523,413,531,140,141,136
408,524,414,521,413,531,140,140,136
446,509,447,503,451,506,165,166,161
447,503,452,504,451,506,166,167,162
444,510,446,509,443,515,165,165,161
444,510,447,503,446,509,159,160,155
447,503,444,510,439,495,166,167,162
444,510,437,512,439,495,166,167,162
489,541,482,540,481,537,48,20,14
482,540,489,541,482,547,73,10,14
482,540,480,537,481,537,33,29,17
457,484,456,487,453,486,174,175,170
456,487,454,492,453,486,145,146,141
458,493,456,487,461,489,190,190,185
454,492,456,487,458,493,171,171,167
453,483,457,484,453,486,187,188,183
451,478,453,483,445,480,169,170,165
453,483,445,488,445,480,173,174,169
453,483,453,486,445,488,167,168,163
461,467,459,470,460,465,160,161,156
463,511,458,513,463,508,140,140,136
463,511,466,507,468,510,144,145,140
466,507,463,511,463,508,146,146,142
458,513,463,511,457,518,132,133,128
434,516,424,511,437,512,157,157,153
424,511,434,516,432,517,150,151,147
439,514,434,516,437,512,158,159,154
432,517,434,516,434,520,133,134,129
434,516,439,514,434,520,145,146,141
424,511,424,504,437,512,165,166,162
437,512,424,504,439,495,170,171,167
424,504,424,511,422,508,171,172,169
439,495,424,504,428,493,173,174,170
424,504,423,502,428,493,163,164,161
419,505,424,504,422,508,176,177,174
424,504,419,505,423,502,173,174,171
420,491,421,489,428,493,175,175,173
396,484,402,493,394,492,172,171,167
402,493,396,484,403,479,168,168,164
409,482,402,493,403,479,174,175,171
395,528,385,530,393,523,129,130,125
385,530,395,528,386,537,114,115,110
402,535,395,528,399,528,126,127,122
386,537,395,528,394,544,105,106,101
395,528,402,535,394,544,109,110,105
376,512,378,508,377,513,182,181,177
376,512,377,513,371,518,161,162,157
370,512,376,512,371,518,160,161,156
387,515,382,510,391,511,167,167,162
382,510,384,502,391,511,173,171,167
378,508,382,510,377,513,168,167,163
382,510,382,519,377,513,148,148,143
382,510,387,515,382,519,153,153,149
372,503,364,491,367,489,168,166,162
377,497,372,503,367,489,165,164,160
372,503,360,501,364,491,169,167,163
372,503,368,507,364,506,162,160,156
360,501,372,503,364,506,172,170,166
384,494,379,496,380,490,174,172,168
379,496,378,490,380,490,189,188,184
379,496,377,497,378,490,170,169,165
377,497,379,496,381,501,159,158,154
379,496,384,494,381,501,176,175,171
426,616,422,621,424,612,62,12,7
426,616,425,620,422,621,42,7,6
425,620,426,616,433,623,9,5,2
436,609,433,608,437,605,30,13,14
436,609,437,605,441,604,14,12,9
409,630,410,619,416,626,70,16,7
410,619,409,630,399,627,60,14,6
314,583,303,585,318,576,3,2,2
292,574,303,585,298,584,6,3,2
318,576,303,585,292,574,4,2,2
303,585,305,589,298,584,31,9,5
344,517,341,519,335,513,109,108,102
344,517,335,513,335,511,110,108,102
346,509,344,517,335,511,120,119,112
344,517,346,509,350,508,137,137,130
356,516,344,517,350,508,139,139,131
327,538,334,539,330,543,13,4,4
334,539,335,540,330,543,14,5,5
366,533,362,528,365,524,103,106,98
362,528,366,533,361,543,88,89,81
355,527,362,528,361,543,90,90,83
355,546,347,533,361,543,77,75,69
347,533,355,527,361,543,86,86,79
490,250,484,255,487,248,99,103,93
484,255,490,250,485,256,100,103,93
487,248,484,255,473,252,115,117,107
484,255,479,258,473,252,122,123,113
484,255,485,256,479,258,136,137,128
499,244,494,245,492,241,67,69,62
495,246,494,245,499,244,88,91,83
494,245,489,247,492,241,83,85,76
494,245,495,246,492,249,74,78,70
489,247,494,245,492,249,76,80,71
486,283,490,280,493,281,71,67,59
490,280,491,275,493,281,117,119,109
490,280,486,283,479,272,123,106,94
491,275,490,280,479,272,125,112,100
495,270,488,264,495,259,130,132,122
495,259,488,264,491,255,78,81,71
488,264,485,256,491,255,66,68,58
505,257,504,263,495,259,129,131,122
504,263,505,257,507,262,182,183,174
504,263,495,270,495,259,169,170,161
495,270,504,263,504,269,189,191,181
504,269,504,263,509,267,174,176,166
504,263,507,262,509,267,184,186,176
488,139,497,140,491,145,23,19,14
488,139,491,145,478,142,18,17,16
480,131,488,139,478,142,12,12,9
485,130,488,139,480,131,11,11,8
497,140,498,143,491,145,25,19,13
498,146,498,143,505,144,78,17,10
476,156,476,151,482,154,42,11,0
491,147,490,152,482,154,68,24,13
491,145,491,147,478,142,16,16,16
491,147,482,154,478,142,40,19,13
494,148,498,146,502,153,123,33,17
491,147,494,148,490,152,89,21,9
494,148,491,147,491,145,32,9,6
498,143,494,148,491,145,44,16,9
494,148,498,143,498,146,54,18,8
495,217,492,225,487,214,31,32,29
485,240,488,236,492,241,58,59,50
487,230,488,236,481,235,69,70,64
488,236,485,240,481,235,75,77,69
488,236,494,233,492,241,63,64,55
499,230,494,233,495,231,52,54,47
494,233,488,236,487,230,49,50,42
486,189,490,185,493,187,24,24,22
490,185,490,172,493,187,17,18,16
530,195,527,191,538,183,19,19,17
532,174,527,191,519,176,20,20,17
538,183,527,191,538,182,16,16,14
527,191,532,174,538,182,19,19,16
522,208,526,206,529,213,21,22,20
526,206,522,208,516,198,25,26,23
522,208,513,216,508,203,25,27,24
516,198,522,208,508,203,26,27,24
447,162,452,170,442,167,15,14,8
447,162,451,159,452,170,19,16,11
447,162,442,167,441,160,13,14,9
448,152,447,162,441,160,20,19,16
451,159,447,162,448,152,28,27,24
478,230,479,227,480,229,59,60,56
479,227,478,230,473,232,59,60,56
481,235,478,230,480,229,57,57,52
473,232,478,230,481,235,59,60,53
488,229,479,227,482,218,36,36,33
488,229,482,218,492,225,40,41,37
488,229,487,230,480,229,74,75,70
479,227,488,229,480,229,55,55,51
495,231,488,229,492,225,53,54,49
488,229,494,233,487,230,41,43,36
494,233,488,229,495,231,41,42,35
472,182,476,190,466,192,26,26,24
454,177,472,182,466,192,24,22,20
464,171,472,182,454,177,53,32,25
466,169,472,182,464,171,39,29,23
472,182,466,169,472,164,61,37,29
479,211,482,218,465,215,29,30,26
474,206,479,211,465,215,30,30,26
493,205,479,211,478,196,23,24,21
479,211,474,206,478,196,27,28,24
473,197,473,195,478,196,30,31,28
474,206,473,197,478,196,26,26,23
473,197,462,199,466,192,29,29,27
473,195,473,197,466,192,27,27,25
429,298,433,300,431,301,63,64,59
429,298,425,294,432,287,26,27,23
433,300,429,298,432,287,33,34,31
391,343,408,331,408,346,97,1,3
471,297,472,297,470,300,186,188,175
472,297,471,297,472,295,179,180,169
471,297,470,300,458,301,132,134,121
471,297,472,294,472,295,170,171,161
411,281,401,285,400,273,21,22,19
401,285,411,281,412,283,16,17,14
418,261,411,248,420,252,24,25,22
421,258,418,261,420,252,33,33,30
418,261,415,266,403,265,32,33,30
411,248,418,261,403,265,26,26,23
449,285,445,293,432,287,49,49,46
445,293,433,300,432,287,45,46,43
448,299,445,293,448,296,66,67,62
449,291,458,301,448,296,72,74,66
446,303,448,299,456,308,39,41,33
429,256,429,260,423,257,45,45,43
430,282,449,285,432,287,58,59,55
430,282,435,272,449,285,56,56,51
422,280,430,282,422,290,36,37,32
430,282,432,287,422,290,36,37,32
426,270,430,282,422,280,38,39,33
433,272,426,270,432,268,18,19,14
435,272,433,272,432,268,25,26,21
433,272,430,282,426,270,44,45,39
430,282,433,272,435,272,53,53,48
428,252,428,253,424,255,35,35,33
428,253,429,256,424,255,38,38,36
479,258,474,260,473,252,111,111,100
465,254,458,244,464,242,132,59,39
458,244,465,254,456,248,120,55,36
513,388,505,389,507,380,80,74,69
505,389,504,382,507,380,93,94,87
460,384,465,389,461,390,172,7,15
474,396,465,389,475,386,140,7,13
465,389,467,403,461,390,223,51,61
465,389,474,396,467,403,187,20,32
494,291,492,298,488,293,175,163,151
494,291,495,292,492,298,187,186,175
486,283,494,291,488,293,134,126,116
494,291,486,283,493,281,118,112,102
497,284,494,291,493,281,184,186,176
471,276,469,279,468,278,100,86,69
469,279,471,276,475,285,100,71,60
467,268,471,276,468,278,91,52,40
471,276,467,268,479,272,118,63,51
467,268,480,266,479,272,111,60,49
426,131,435,136,434,137,13,13,10
426,131,431,140,423,139,11,11,7
431,140,426,131,434,137,13,14,10
476,151,469,150,472,144,15,17,12
469,150,467,149,472,144,20,20,16
362,157,367,150,374,151,19,17,12
377,160,362,157,374,151,15,14,9
367,150,362,157,360,148,22,21,14
362,157,360,157,360,148,19,18,12
362,157,377,160,363,169,16,15,10
337,154,341,158,340,163,31,24,17
341,158,344,142,354,145,25,22,14
341,158,337,154,344,142,27,23,15
291,212,298,218,286,219,87,75,55
298,218,289,227,286,219,50,42,27
296,229,298,218,300,220,41,36,21
289,227,298,218,296,229,45,38,23
302,210,297,214,294,207,123,106,84
297,214,291,212,294,207,123,107,86
297,214,298,218,291,212,93,82,62
266,213,267,209,271,216,158,125,101
267,209,266,213,254,214,138,96,72
253,192,267,209,248,196,127,93,68
267,209,254,214,248,196,127,92,67
315,189,317,177,320,182,45,39,29
313,159,302,155,308,150,48,41,27
317,177,326,178,320,182,33,28,18
340,210,350,207,341,211,26,22,17
334,147,329,153,326,147,30,26,16
337,154,329,153,334,147,28,24,16
355,175,356,172,359,173,23,21,15
334,191,337,186,354,191,30,27,19
337,186,346,183,354,191,27,25,17
363,169,363,171,359,173,16,15,8
372,175,363,171,363,169,24,23,18
372,175,377,180,373,182,17,16,10
377,180,399,181,380,197,21,20,16
377,180,397,178,399,181,20,18,14
414,186,412,193,399,181,19,17,13
414,179,414,186,399,181,19,17,12
418,157,420,171,413,161,65,25,14
432,164,420,171,418,157,24,18,12
420,171,432,164,430,172,25,19,11
394,166,396,162,400,165,14,10,8
437,187,429,202,423,196,134,46,22
429,202,437,187,441,190,107,38,18
442,221,438,222,439,215,61,29,22
416,200,414,207,412,193,35,17,11
393,211,396,211,393,221,13,12,8
387,222,393,211,393,221,13,14,10
393,211,382,216,384,206,23,22,18
393,211,384,206,397,208,25,23,19
396,211,393,211,397,208,27,25,20
407,225,402,217,409,223,107,46,29
402,217,407,225,393,221,50,24,15
453,245,452,237,456,243,81,22,11
453,245,448,240,452,237,57,44,37
365,236,357,229,374,228,20,20,15
360,215,357,229,353,223,21,19,17
357,229,360,215,374,228,26,24,21
357,229,347,235,353,223,25,24,19
357,229,356,234,347,235,30,28,23
372,237,376,245,371,238,36,37,32
376,245,372,237,382,242,22,23,18
365,236,372,237,371,238,24,26,21
373,232,372,237,365,236,20,22,17
437,187,439,185,441,190,99,61,52
437,176,433,181,430,172,25,14,11
437,175,437,176,430,172,12,12,13
437,176,437,175,449,180,100,41,26
388,128,379,121,390,124,41,21,9
388,129,388,128,390,124,9,9,1
388,128,377,132,379,121,75,31,15
388,128,388,129,377,132,105,40,19
410,140,410,135,418,141,10,9,5
394,137,410,140,408,144,33,17,10
410,135,410,140,394,137,24,17,10
411,154,414,150,418,157,26,21,15
411,155,411,154,418,157,24,19,12
414,150,411,154,408,144,31,25,21
411,154,401,153,408,144,51,23,15
412,158,418,157,413,161,31,17,12
412,158,411,155,418,157,23,16,9
404,295,401,285,412,283,31,32,29
404,296,404,295,422,290,35,36,32
404,295,412,283,422,290,35,36,32
401,285,397,284,400,273,32,32,31
394,292,389,291,389,288,12,14,9
401,306,401,296,404,296,40,41,38
401,296,404,295,404,296,35,35,33
365,282,353,290,352,277,29,25,21
376,294,378,300,372,295,19,20,16
390,313,395,308,396,316,16,15,12
402,314,395,308,401,306,12,11,9
395,308,402,314,396,316,16,15,13
373,328,377,311,386,321,42,3,3
369,312,377,311,373,328,41,1,2
395,270,389,264,398,267,22,23,21
342,273,355,270,352,277,22,21,17
350,262,355,270,342,273,24,22,19
355,270,365,282,352,277,29,28,23
365,282,355,270,364,266,26,25,21
334,283,343,278,341,286,21,21,15
334,283,328,289,325,284,20,11,4
333,279,334,283,325,284,26,27,19
343,278,334,283,337,275,22,21,16
334,283,333,279,337,275,35,34,29
320,287,321,281,325,284,34,12,10
330,267,325,267,324,259,27,25,19
325,267,330,267,327,271,16,16,9
306,261,307,249,317,251,17,15,9
306,261,300,256,307,249,26,25,19
300,256,306,261,299,258,19,18,11
306,261,301,269,299,258,17,16,9
318,272,307,278,310,268,26,23,17
318,272,325,267,327,271,14,12,6
283,253,288,260,276,267,45,23,16
288,260,278,268,276,267,70,23,20
637,76,658,79,633,89,2,2,1
658,79,637,76,643,69,2,2,2
643,69,637,76,618,51,2,2,2
637,76,633,89,612,95,2,1,1
637,76,594,76,618,51,2,2,1
594,76,637,76,612,95,12,7,5
646,41,658,79,643,69,2,2,2
646,41,654,30,664,32,2,2,2
671,33,646,41,664,32,2,2,2
658,79,646,41,671,33,2,2,2
646,41,643,69,627,42,2,2,2
646,41,635,25,654,30,2,2,2
646,41,627,42,635,25,2,2,2
541,103,539,99,544,89,10,10,7
539,99,536,93,544,89,9,10,7
539,99,541,103,536,102,15,16,12
519,97,528,95,529,107,50,18,9
519,97,515,105,509,99,82,27,12
515,105,519,97,529,107,71,23,10
517,111,515,105,529,107,80,25,10
554,143,553,133,559,140,95,31,16
538,124,553,133,537,137,69,23,12
553,133,540,140,537,137,138,39,16
543,112,541,103,549,110,8,8,6
543,112,538,115,541,103,11,11,8
560,107,555,106,563,105,5,5,3
560,108,560,107,563,105,4,4,2
560,107,560,108,555,106,5,6,3
582,100,595,94,597,97,15,8,3
589,82,591,77,594,76,57,34,27
564,83,572,88,563,105,7,8,5
564,83,555,106,544,89,8,8,6
555,106,564,83,563,105,7,8,5
585,67,583,61,592,57,3,2,1
594,76,585,67,592,57,12,8,5
591,77,585,67,594,76,26,15,11
568,61,568,56,572,55,32,12,15
568,56,568,61,564,54,54,29,24
572,55,568,56,567,52,13,5,5
568,56,564,54,567,52,33,17,12
583,61,578,62,572,55,7,3,3
578,62,568,61,572,55,20,7,8
587,119,595,123,587,122,10,10,8
587,122,595,123,587,126,10,10,8
595,123,592,129,587,126,8,8,6
601,116,595,123,590,111,6,7,5
595,123,587,119,590,111,8,9,6
592,129,595,123,600,133,7,8,5
592,129,591,137,585,136,10,10,7
600,135,591,137,600,133,13,13,11
591,137,592,129,600,133,10,10,7
611,109,618,104,620,114,31,17,9
611,110,611,109,620,114,31,16,8
618,104,611,109,612,95,25,14,8
532,141,532,149,529,144,39,18,11
532,149,532,141,535,149,38,14,9
540,140,532,141,537,137,166,42,18
537,137,532,141,532,135,166,43,19
532,141,527,134,532,135,147,40,20
532,141,529,144,527,134,122,36,18
531,152,532,149,535,149,15,16,12
528,153,531,152,531,155,26,27,24
532,149,531,152,528,153,22,24,19
607,165,617,152,619,163,55,22,10
609,149,617,152,607,165,49,19,9
617,152,609,149,621,142,16,8,5
626,138,626,140,621,142,63,23,16
626,140,627,143,621,142,62,22,15
629,138,626,140,626,138,27,12,4
626,140,629,138,627,143,33,12,5
607,113,607,125,601,116,10,6,5
607,113,611,110,617,117,44,17,8
607,125,607,113,617,117,41,15,8
609,149,603,150,605,147,43,10,6
603,150,602,150,605,147,65,19,13
603,150,609,149,607,165,50,20,10
603,150,607,165,596,159,44,20,11
602,150,603,150,596,159,60,26,15
584,154,587,155,583,156,15,17,12
579,157,584,154,583,156,20,18,15
584,154,579,157,581,149,23,20,16
584,154,581,149,591,144,61,30,20
587,155,584,154,591,144,62,32,21
560,108,569,120,559,118,11,12,9
569,120,563,105,575,115,9,10,7
569,120,560,108,563,105,10,11,8
558,154,566,150,563,164,11,12,11
566,150,558,154,554,143,22,18,14
558,154,553,153,554,143,20,15,12
571,146,576,138,580,145,91,32,19
567,142,576,138,571,146,94,33,20
621,164,624,157,632,160,92,32,19
621,164,632,160,630,172,69,27,17
619,175,621,164,630,172,35,18,10
621,164,616,171,619,163,18,11,7
616,171,621,164,619,175,14,11,9
632,153,625,155,629,150,65,26,14
632,156,625,155,632,153,70,25,13
624,157,625,155,632,156,71,23,12
634,144,636,139,634,148,11,11,8
634,144,634,148,629,150,22,13,7
629,138,634,144,627,143,19,12,7
634,144,629,138,636,139,13,12,7
609,173,604,177,604,176,24,24,23
609,173,616,171,619,175,17,18,16
612,186,609,173,619,175,11,11,10
609,173,612,186,604,177,12,12,11
628,191,633,184,635,193,23,11,4
626,180,633,184,628,191,17,10,6
633,184,642,189,635,193,69,26,12
642,189,633,184,644,185,68,27,13
644,185,633,184,642,175,90,37,22
633,184,641,174,642,175,95,37,22
641,174,633,184,630,172,81,31,18
633,184,626,180,630,172,36,18,12
622,189,616,192,614,187,12,13,11
616,192,606,190,614,187,16,16,14
606,190,616,192,615,198,19,20,18
616,192,622,189,618,200,17,17,15
616,192,616,199,615,198,23,24,22
616,199,616,192,618,200,26,26,24
623,182,626,180,628,191,9,8,6
622,189,623,182,628,191,7,7,5
623,182,622,189,620,183,5,6,3
623,182,620,183,619,175,16,17,15
626,180,623,182,619,175,15,17,14
671,191,671,187,683,202,3,2,1
670,195,671,191,683,202,6,3,2
671,191,668,183,671,187,20,7,8
671,191,670,195,652,188,55,27,24
668,183,671,191,652,188,44,22,19
575,270,584,274,579,282,142,52,32
583,263,584,274,575,270,96,51,41
584,274,584,285,579,282,147,46,25
569,254,573,258,565,262,103,63,51
569,254,571,252,573,258,126,57,35
571,252,569,254,567,249,108,59,45
585,220,580,228,582,219,11,11,9
580,228,588,226,585,231,18,18,16
588,226,580,228,585,220,10,11,8
567,249,566,245,571,247,140,75,58
554,243,566,245,567,249,43,38,32
561,240,566,245,554,243,46,42,36
573,229,566,241,562,230,110,46,29
566,241,561,240,562,230,58,38,30
567,207,557,205,564,196,109,35,17
557,205,556,200,564,196,131,40,21
557,205,553,202,556,200,54,30,21
553,202,557,205,550,210,31,23,17
576,219,582,215,582,219,22,22,20
582,199,569,204,578,194,15,15,12
569,204,568,195,578,194,16,17,13
569,204,582,199,583,203,12,12,9
569,204,567,207,564,196,42,21,12
568,195,569,204,564,196,34,21,12
578,193,567,188,567,187,16,18,15
567,188,566,186,567,187,5,3,3
567,188,562,189,566,186,25,17,15
568,195,568,194,578,194,19,22,17
568,194,578,193,578,194,19,22,17
568,194,567,188,578,193,18,19,16
567,188,568,194,562,189,35,22,16
562,189,568,194,564,196,41,23,17
568,194,568,195,564,196,31,24,21
594,227,588,226,596,221,11,11,9
594,227,595,232,588,226,16,17,14
599,230,594,227,596,221,10,11,9
595,232,594,227,599,230,15,15,14
595,232,592,238,585,231,35,35,33
592,239,592,238,596,237,46,46,44
592,238,595,232,596,237,43,43,41
599,230,601,219,605,233,16,17,17
601,219,608,217,605,233,16,17,17
601,219,599,230,596,221,11,12,11
608,217,601,219,604,213,22,25,22
601,210,601,219,596,221,18,20,17
604,213,601,219,601,210,26,29,26
646,190,644,185,652,188,75,38,32
646,190,642,189,644,185,58,28,20
642,189,646,190,646,197,29,14,5
612,210,618,200,622,206,9,11,9
618,200,612,210,609,205,11,14,13
612,210,608,217,606,211,27,29,28
612,210,606,209,609,205,16,18,18
606,209,612,210,606,211,21,23,22
628,219,628,225,627,220,6,7,4
633,210,632,195,643,209,59,23,15
632,195,633,210,631,209,16,14,12
641,221,646,226,638,223,80,31,17
631,214,628,219,628,216,22,22,20
631,214,633,210,641,215,49,25,16
633,210,631,214,631,209,20,19,17
631,214,628,208,631,209,18,18,16
628,208,631,214,628,216,19,20,17
641,221,651,217,646,226,60,27,20
651,217,641,221,641,215,55,24,17
657,231,651,217,663,225,21,20,16
646,226,651,217,657,231,21,18,15
472,94,475,92,473,97,10,9,6
472,94,466,93,473,86,18,17,14
475,88,472,94,473,86,16,15,12
475,92,472,94,475,88,18,16,12
466,94,473,97,461,103,8,8,7
454,91,466,94,461,103,12,11,8
466,93,466,94,454,91,20,18,15
466,94,472,94,473,97,6,6,4
472,94,466,94,466,93,9,10,6
508,138,517,136,510,142,65,21,11
505,144,508,138,510,142,62,19,11
517,136,508,138,516,131,22,17,14
508,138,505,132,516,131,20,17,15
505,129,516,127,516,131,12,11,9
505,132,505,129,516,131,14,13,11
497,118,500,115,500,121,18,19,15
500,115,505,117,500,121,16,17,13
505,117,511,122,506,123,13,13,10
516,127,511,122,520,116,15,15,12
511,122,517,111,520,116,19,16,13
511,122,505,117,517,111,14,15,12
511,122,505,129,506,123,10,10,8
505,129,511,122,516,127,12,12,10
572,160,566,167,563,164,8,8,7
566,167,572,160,571,168,9,10,8
538,183,550,184,539,197,22,20,16
550,184,552,192,539,197,26,22,17
550,184,549,175,558,179,123,34,18
552,192,541,199,539,197,26,27,23
541,199,552,192,553,202,27,27,23
541,199,538,199,539,197,16,17,14
541,199,553,202,550,210,22,22,20
556,200,555,190,564,196,127,39,19
552,192,555,190,556,200,72,31,19
555,190,562,189,564,196,124,39,17
550,184,555,190,552,192,82,31,17
562,189,555,190,558,179,97,30,18
555,190,550,184,558,179,120,36,19
525,156,529,162,522,159,16,17,14
529,162,525,156,531,155,21,22,19
522,159,529,162,519,176,18,18,16
529,162,532,174,519,176,19,20,17
564,171,571,168,571,181,15,16,13
562,177,564,171,571,181,15,16,13
564,171,566,167,571,168,18,20,17
566,167,564,171,563,164,14,13,13
547,147,551,158,544,160,97,28,14
551,158,547,147,553,153,44,18,11
558,154,551,158,553,153,11,12,6
532,174,542,173,538,182,21,22,17
549,175,542,173,544,160,85,30,14
529,162,542,173,532,174,18,19,15
557,170,549,175,544,160,89,27,11
551,158,557,170,544,160,86,25,11
557,170,551,158,558,166,41,14,8
557,170,564,171,562,177,22,20,16
281,477,288,475,283,479,87,84,76
288,475,281,477,279,473,78,74,66
327,510,331,499,336,503,124,120,115
331,499,337,497,336,503,143,139,134
330,495,314,491,314,490,132,128,123
286,485,288,475,295,472,85,82,74
306,483,286,485,295,472,96,93,85
290,501,266,504,284,495,18,6,5
267,514,290,501,282,521,29,7,7
290,501,267,514,266,504,26,7,7
319,480,324,474,327,475,163,159,154
327,475,324,474,326,467,168,164,159
311,484,319,480,314,490,136,132,126
322,429,317,427,318,425,161,156,151
319,431,317,427,322,429,159,154,149
313,422,317,427,310,433,169,163,159
317,427,313,422,318,425,161,155,150
317,427,312,435,310,433,164,158,153
317,427,319,431,312,435,168,162,157
312,435,315,436,315,438,167,161,157
319,431,315,436,312,435,178,172,168
315,436,319,439,315,438,159,153,149
315,436,319,431,319,439,169,163,158
279,392,278,399,269,395,118,110,101
279,392,268,390,279,386,111,103,94
287,384,279,392,279,386,127,121,111
279,392,287,384,290,388,129,123,112
292,396,279,392,290,388,136,132,119
278,399,279,392,292,396,134,131,118
268,406,276,407,270,411,99,93,84
310,433,300,428,305,426,169,164,158
300,428,310,433,300,441,171,165,160
297,443,295,437,300,441,165,160,153
295,437,300,428,300,441,157,151,144
300,428,295,437,297,428,152,146,139
281,417,279,415,281,412,127,121,112
286,410,281,417,281,412,127,122,113
281,417,286,410,289,420,136,131,122
279,415,281,417,276,420,114,109,101
281,417,283,429,276,420,113,108,101
270,458,276,460,270,463,81,67,60
266,455,262,456,254,443,31,16,14
262,456,244,450,254,443,13,2,0
262,456,244,457,244,450,14,3,0
244,457,262,456,250,470,38,21,20
250,470,262,456,270,463,22,10,9
262,456,270,458,270,463,51,35,34
270,458,262,456,266,455,60,44,42
287,449,283,456,282,448,110,104,97
297,443,287,449,286,446,139,134,127
287,449,297,443,297,453,137,131,124
293,462,294,471,285,468,99,95,88
294,471,288,475,285,468,90,86,78
288,475,294,471,295,472,91,88,80
266,413,268,421,264,422,59,55,49
268,421,270,411,276,420,96,91,85
268,421,266,413,270,411,79,74,69
260,424,262,427,254,443,26,11,11
262,427,269,439,254,443,45,31,27
269,439,262,427,269,432,71,58,50
310,416,304,418,311,411,160,156,150
313,422,310,416,321,417,175,169,164
314,409,310,416,311,411,159,155,150
310,416,314,409,321,417,159,155,151
305,421,313,422,305,426,163,157,152
305,421,298,419,304,418,171,165,158
310,416,305,421,304,418,155,149,145
305,421,310,416,313,422,162,156,151
310,395,313,392,313,399,139,137,128
313,392,317,393,313,399,145,141,133
316,379,313,392,305,394,116,111,104
313,392,310,395,305,394,131,129,120
317,393,313,392,319,391,129,125,117
313,392,321,388,319,391,123,118,111
321,388,313,392,316,379,107,103,96
317,401,315,403,313,399,149,146,139
315,403,317,401,315,405,154,150,144
330,374,326,382,326,375,75,71,66
330,374,334,376,326,382,76,71,67
329,361,330,374,322,367,35,27,24
330,374,329,361,341,364,24,13,12
334,376,330,374,341,364,31,22,21
322,372,330,374,326,375,65,62,58
330,374,322,372,322,367,48,45,42
334,383,347,377,339,390,83,79,73
334,383,334,376,347,377,72,66,61
334,376,334,383,326,382,78,73,69
279,385,281,383,279,386,131,124,115
270,380,279,385,279,386,109,100,91
279,385,270,380,281,383,114,105,96
315,309,308,306,319,292,94,1,2
308,306,315,309,314,315,126,2,2
315,309,319,292,330,296,68,1,1
323,318,315,309,333,305,77,1,2
314,315,315,309,323,318,98,1,1
315,370,312,368,313,363,54,48,44
310,369,312,368,315,370,65,59,54
298,419,292,414,295,413,145,139,131
292,414,298,419,289,420,145,139,131
286,410,292,414,289,420,150,145,136
292,414,290,403,295,413,151,146,136
292,414,286,410,290,403,148,143,133
310,395,306,402,305,394,143,141,132
306,402,302,400,305,394,152,150,140
306,402,310,395,313,399,150,148,139
302,400,306,402,302,404,163,159,151
315,403,306,402,313,399,158,155,147
306,402,315,403,315,405,169,166,158
262,397,268,406,258,405,68,45,42
262,397,260,385,268,390,71,50,44
417,356,402,360,408,346,155,2,5
400,363,402,360,400,367,131,5,3
402,360,417,376,400,367,135,6,10
402,360,417,356,417,376,148,5,10
399,392,395,391,396,387,27,3,4
400,393,399,392,408,379,31,2,3
399,392,396,387,408,379,31,2,3
335,440,338,433,339,438,177,173,168
337,442,335,440,339,438,173,169,164
335,440,336,443,332,444,172,167,162
335,440,337,442,336,443,142,138,133
332,420,340,428,329,423,170,166,160
332,420,340,421,340,428,168,165,159
330,419,332,420,329,423,172,169,163
332,420,330,419,331,415,157,154,149
340,413,332,420,331,415,163,160,154
340,421,332,420,340,413,166,163,157
344,405,344,407,342,403,139,135,130
344,407,344,405,347,406,166,163,157
345,399,344,405,342,403,139,136,130
344,405,345,399,347,406,148,145,139
345,408,344,407,347,406,153,150,144
340,413,345,408,346,416,166,163,157
344,407,345,408,340,413,157,153,148
335,396,330,410,328,398,147,143,137
328,398,330,410,325,412,145,142,136
337,411,330,410,342,403,156,152,147
330,410,335,396,342,403,144,140,134
330,410,337,411,331,415,158,155,149
327,414,330,410,331,415,170,166,161
330,410,327,414,325,412,165,162,156
338,442,340,454,336,443,170,166,161
337,442,338,442,336,443,87,83,77
338,442,337,442,339,438,167,163,158
387,441,385,431,392,430,167,168,163
383,434,385,431,387,441,162,163,158
388,427,385,431,382,424,156,156,149
385,431,379,432,382,424,157,157,150
385,431,383,434,379,432,155,155,149
375,444,370,451,369,450,188,186,181
367,449,375,444,369,450,172,170,165
370,451,375,444,381,454,176,175,171
375,444,364,445,375,443,161,159,154
364,445,375,444,367,449,175,172,167
375,444,386,447,381,454,171,171,167
375,444,375,443,386,447,178,177,175
338,433,348,435,339,438,173,170,164
348,435,338,433,340,428,170,166,161
388,396,400,406,398,409,87,84,78
400,406,388,396,401,397,80,76,70
400,406,401,397,404,398,52,47,42
408,413,400,406,409,405,96,95,89
400,406,408,413,398,409,96,95,89
372,418,371,412,381,411,148,147,141
371,412,372,418,370,414,165,164,158
370,410,371,412,370,414,106,105,99
381,411,371,412,376,405,129,128,122
371,412,370,410,376,405,124,123,117
357,409,350,408,355,401,146,143,137
350,408,347,406,350,400,126,122,117
355,401,350,408,350,400,143,139,134
345,408,350,408,346,416,166,163,157
350,408,345,408,347,406,136,133,127
350,408,349,418,346,416,162,158,153
350,408,357,409,349,418,159,155,150
364,404,370,410,364,415,146,144,138
357,409,364,404,364,415,149,147,141
370,410,364,404,376,405,133,132,126
351,458,347,459,345,455,181,177,172
347,459,351,458,348,461,172,167,162
345,462,347,459,348,461,181,176,171
347,459,341,456,345,455,165,161,155
341,456,347,459,345,462,177,172,167
351,458,355,464,348,461,184,179,174
348,461,355,464,352,471,169,163,159
355,464,356,465,352,471,172,167,162
356,465,355,464,360,460,153,149,144
355,464,351,458,360,460,176,172,167
325,449,324,448,328,445,174,169,164
324,448,323,447,328,445,173,168,163
340,454,332,450,336,443,174,170,164
336,443,332,450,332,444,169,164,159
332,450,340,454,330,453,167,163,158
330,451,332,450,330,453,156,152,147
332,444,332,450,328,445,171,166,162
332,450,330,451,328,445,181,176,171
268,487,272,488,271,493,9,2,1
272,488,268,487,272,478,8,2,1
271,493,281,492,284,495,9,3,0
286,485,281,492,280,486,77,51,52
258,489,261,484,268,487,23,4,5
261,484,258,489,259,482,37,7,10
268,487,261,484,272,478,8,2,1
261,484,259,482,272,478,8,2,0
260,507,247,506,255,498,35,14,13
260,507,265,503,266,504,111,55,56
262,511,264,512,259,517,20,1,2
267,514,264,512,266,504,107,41,46
264,512,262,511,266,504,116,49,52
282,524,274,526,282,521,69,13,15
274,526,272,525,282,521,67,11,13
276,530,274,526,282,524,66,10,13
272,525,274,526,276,530,27,2,1
274,535,272,525,276,530,21,1,2
274,535,276,530,277,538,13,2,2
274,535,277,538,267,547,4,2,1
255,539,274,535,267,547,3,2,1
381,541,378,553,371,538,84,82,77
381,540,381,541,371,538,85,86,81
381,541,381,554,378,553,82,79,74
381,554,381,541,394,544,89,87,81
381,541,386,537,394,544,90,90,85
381,541,381,540,386,537,95,96,91
359,545,356,549,355,546,48,40,37
359,550,356,549,359,545,43,36,33
356,549,359,550,355,553,13,5,2
345,550,337,543,346,548,11,4,2
345,550,355,553,343,555,8,2,0
355,503,349,505,353,498,159,157,151
356,499,355,503,353,498,159,157,152
355,503,356,499,360,501,178,176,172
355,503,360,501,364,506,164,163,157
285,80,273,82,282,67,18,14,8
289,83,285,80,293,79,14,11,5
283,97,289,83,304,88,24,14,7
289,83,293,79,304,88,14,12,6
226,92,222,99,218,95,15,14,10
226,92,218,95,224,76,10,8,4
235,86,226,92,224,76,13,11,7
222,99,226,92,231,100,15,13,9
226,92,235,86,236,87,15,13,9
231,100,226,92,236,87,13,12,8
240,92,231,100,236,87,14,13,9
240,92,242,96,231,100,15,13,9
240,92,236,87,243,86,14,12,8
242,96,240,92,243,86,15,12,9
207,111,200,113,193,102,12,10,5
201,117,200,113,207,111,17,15,9
297,130,298,121,303,120,28,21,14
303,132,297,130,303,120,28,22,14
313,128,316,130,305,137,22,19,11
303,132,313,128,305,137,21,18,10
313,128,303,132,311,124,21,18,11
317,125,313,128,311,124,16,15,8
313,128,317,125,316,130,13,13,5
345,112,356,114,353,123,19,17,10
356,114,356,120,353,123,14,13,5
356,114,347,108,352,106,50,27,13
356,114,345,112,347,108,37,22,11
356,120,356,114,361,115,38,25,17
336,132,334,129,340,124,24,22,16
334,129,336,132,331,133,18,16,10
334,129,329,113,340,124,18,16,11
334,129,323,118,329,113,18,17,11
334,129,331,133,321,126,22,21,15
323,118,334,129,321,126,19,18,12
334,147,330,138,344,142,25,23,16
330,138,336,132,344,142,20,18,12
336,132,330,138,331,133,17,15,9
330,138,334,147,326,147,24,21,13
330,138,316,130,331,133,21,20,13
316,130,330,138,316,146,24,22,14
316,146,330,138,326,147,27,24,15
464,322,469,333,465,334,105,106,97
455,332,454,323,457,330,62,63,56
459,339,455,332,457,330,62,63,56
455,332,459,339,454,338,66,67,61
441,335,454,338,444,342,52,52,48
442,329,441,335,437,333,32,33,29
441,335,455,332,454,338,49,50,44
455,332,441,335,442,329,54,55,49
433,344,441,335,444,342,25,25,23
441,335,433,344,437,333,22,22,21
446,355,441,353,446,351,43,15,17
441,353,446,355,438,359,78,4,9
422,347,424,340,428,341,81,5,5
422,341,424,340,422,347,96,5,4
390,314,390,313,396,316,10,9,3
377,311,390,314,386,321,32,5,4
365,304,369,312,358,318,39,1,2
378,300,365,304,372,295,39,24,15
333,303,352,299,333,305,42,1,2
333,299,333,303,330,296,53,1,2
333,303,315,309,330,296,67,1,1
315,309,333,303,333,305,70,1,2
353,290,340,292,341,286,26,22,17
352,299,340,292,353,290,26,9,7
340,292,333,299,330,296,42,2,3
340,292,333,303,333,299,43,2,3
333,303,340,292,352,299,36,4,4
340,292,334,283,341,286,16,11,6
334,283,340,292,328,289,18,9,3
78,57,79,64,49,78,2,2,2
79,64,74,87,49,78,2,2,2
74,87,79,64,84,71,2,2,2
345,220,350,220,344,225,14,11,5
342,219,345,220,344,225,18,15,9
340,217,342,219,336,220,39,35,30
340,217,340,210,341,211,40,36,31
343,226,342,228,336,220,25,23,17
343,226,342,219,344,225,18,16,10
342,219,343,226,336,220,30,27,21
338,236,339,230,347,235,23,22,15
337,238,338,236,347,235,28,27,21
339,230,338,236,330,233,17,18,12
338,236,337,238,330,233,17,18,12
369,191,363,184,373,182,20,18,12
362,203,367,198,369,201,20,18,12
369,191,362,190,363,184,19,18,12
362,190,369,191,367,195,25,24,18
376,204,381,199,384,206,20,18,14
381,199,376,204,380,197,15,13,9
376,204,372,202,380,197,19,17,13
384,233,373,232,374,228,24,26,21
372,237,384,233,382,242,25,26,22
384,233,372,237,373,232,28,29,24
351,218,354,214,353,223,14,11,8
354,214,360,215,353,223,18,16,14
380,220,375,210,382,216,20,19,15
382,216,375,210,384,206,26,24,20
375,210,365,212,373,209,20,19,15
375,210,376,204,384,206,25,24,20
376,204,375,210,373,209,12,11,7
360,215,375,226,374,228,26,25,21
365,212,375,226,360,215,26,24,20
375,226,375,210,380,220,18,18,13
375,210,375,226,365,212,26,24,20
383,219,380,220,382,216,16,17,12
393,211,383,219,382,216,18,18,14
383,219,393,211,387,222,17,17,13
383,219,387,222,381,224,11,13,8
307,180,315,189,313,192,54,45,28
307,180,317,177,315,189,60,50,35
317,177,307,180,311,171,74,62,48
307,180,303,173,311,171,95,80,59
300,256,293,252,302,248,31,28,23
292,242,293,252,283,253,33,27,20
346,255,347,257,336,260,19,17,11
347,257,350,262,340,268,29,27,23
336,260,347,257,340,268,28,27,21
274,240,272,251,267,248,19,9,5
283,253,272,251,274,240,36,31,23
272,251,261,254,267,248,49,5,2
261,254,272,251,264,261,97,6,4
264,261,272,251,276,267,111,11,10
272,251,283,253,276,267,62,19,15
302,246,305,247,302,248,48,44,39
305,247,302,246,303,245,41,37,31
293,252,302,246,302,248,29,26,20
302,246,293,252,292,242,28,24,18
303,245,302,246,298,237,28,23,17
302,246,292,242,298,237,28,23,16
301,269,288,277,285,273,74,6,7
288,277,277,285,285,273,199,5,12
288,277,294,281,277,285,187,5,10
302,275,288,277,301,269,58,6,7
288,277,302,275,294,281,110,3,7
274,140,267,147,271,139,35,31,21
258,138,254,137,265,126,29,24,15
265,146,258,138,271,139,29,24,17
258,138,252,146,254,137,30,27,18
259,150,258,138,265,146,31,26,18
252,146,258,138,259,150,29,26,17
259,150,267,159,258,152,55,45,34
267,147,267,159,259,150,53,44,33
238,156,238,155,250,151,29,26,16
238,155,238,156,235,154,39,36,25
238,155,252,146,250,151,29,26,16
252,146,238,155,235,154,31,28,17
239,160,238,156,250,151,29,25,15
237,130,223,125,231,119,15,13,8
223,125,237,130,231,135,16,15,9
221,151,224,167,219,169,31,27,18
240,173,224,167,237,163,34,28,17
224,167,240,173,231,181,41,34,22
303,216,310,222,300,220,53,45,33
303,216,312,213,310,222,49,42,30
312,213,303,216,302,210,55,45,31
298,218,303,216,300,220,59,53,36
303,216,297,214,302,210,88,77,56
297,214,303,216,298,218,58,51,32
307,180,298,193,301,180,108,92,67
298,193,313,192,303,198,77,63,47
298,193,307,180,313,192,86,72,50
235,206,238,212,232,210,77,60,41
232,199,235,206,232,210,73,58,39
257,220,264,218,260,222,114,67,50
249,216,247,221,244,220,92,76,52
249,220,247,221,249,216,113,97,72
244,220,247,221,243,228,58,41,22
259,239,258,226,263,229,99,27,26
247,221,258,226,243,228,83,57,38
258,226,247,221,249,220,96,65,45
257,220,258,226,249,220,101,67,48
258,226,257,220,260,222,104,48,37
263,224,258,226,260,222,102,37,29
189,184,195,195,188,192,29,23,14
198,194,195,195,189,184,28,23,14
195,195,190,200,188,192,36,29,21
197,231,193,240,189,228,47,35,20
195,222,197,231,189,228,65,26,11
211,224,211,220,221,216,49,37,24
141,214,142,221,132,220,68,24,8
142,221,141,214,147,222,75,26,11
132,220,142,221,133,227,51,21,11
142,221,137,233,133,227,45,22,14
142,221,147,222,149,225,45,19,9
124,219,132,213,132,220,36,11,6
141,214,151,218,147,222,79,30,15
147,180,140,185,142,173,34,19,11
140,185,147,180,146,186,27,19,10
146,186,147,180,158,181,24,22,13
147,180,157,177,158,181,21,18,9
146,186,154,198,145,204,24,21,13
159,195,154,198,146,186,39,33,23
155,204,159,213,156,211,82,66,47
145,204,155,204,156,211,32,24,16
154,198,155,204,145,204,28,23,13
150,130,147,138,144,135,69,28,17
147,138,150,130,151,130,65,30,18
147,150,139,162,138,153,62,27,18
161,159,139,162,147,150,33,18,10
132,167,139,162,132,169,28,9,4
139,162,142,173,132,169,48,20,12
131,152,139,162,132,167,18,6,2
138,153,139,162,131,152,16,6,2
135,103,145,109,127,119,10,8,4
137,101,145,109,135,103,11,9,5
172,123,171,127,152,124,17,9,5
152,124,171,127,151,130,17,10,5
181,128,171,127,172,123,14,13,7
171,127,181,128,170,134,17,15,9
198,145,218,148,203,164,21,18,10
218,148,198,145,201,141,19,16,8
184,157,198,145,203,164,20,17,9
196,143,198,145,184,157,19,16,9
198,129,196,143,184,139,17,14,9
198,129,203,131,201,141,19,15,9
198,129,201,117,203,131,13,12,5
166,165,172,174,169,175,27,24,14
166,165,175,166,172,174,29,26,15
157,177,166,165,169,175,27,23,14
161,159,166,165,157,177,27,23,15
166,149,161,159,148,149,14,11,5
161,159,166,149,171,158,23,20,12
166,149,173,147,171,158,25,22,13
201,307,207,298,215,300,20,6,2
205,292,207,298,204,293,29,18,13
207,298,205,292,215,300,19,6,3
270,377,270,380,267,382,82,75,64
275,372,270,377,273,371,106,97,86
270,380,270,377,281,383,107,98,88
270,377,275,372,281,383,106,97,87
263,376,270,377,267,382,67,50,42
255,338,272,348,255,360,39,5,4
221,347,210,354,218,344,35,0,2
208,357,210,354,213,368,16,0,2
210,354,231,355,213,368,29,1,1
231,355,210,354,221,347,34,1,2
217,378,234,378,232,394,32,3,2
234,378,217,378,235,375,33,3,2
237,389,234,378,247,388,45,4,5
234,378,242,373,247,388,43,4,4
237,374,234,378,235,375,76,12,12
234,378,237,374,242,373,50,6,5
242,373,249,388,247,388,27,1,1
262,397,249,388,260,385,42,10,10
213,185,208,196,209,185,26,20,11
208,196,204,185,209,185,32,27,17
208,196,198,194,204,185,34,29,20
198,194,208,196,202,198,33,28,18
207,205,208,196,220,201,41,35,23
208,196,207,205,202,198,24,22,11
245,236,244,240,241,237,78,47,30
258,226,245,236,243,228,94,60,46
245,236,258,226,259,239,88,46,36
245,236,259,239,249,245,79,24,21
244,240,245,236,249,245,51,14,10
216,239,214,237,226,229,85,47,28
214,237,212,233,226,229,88,47,28
214,237,216,239,214,239,59,48,32
239,228,240,225,243,228,108,89,71
239,228,232,231,240,225,72,54,36
137,309,138,315,121,316,5,3,1
138,315,126,322,121,316,5,3,3
146,318,153,312,156,325,29,20,14
145,328,146,318,156,325,44,30,22
146,318,145,328,140,320,71,30,22
139,306,137,309,138,302,48,9,5
159,335,150,334,156,325,16,13,6
150,334,145,328,156,325,45,29,19
150,334,159,335,158,337,22,16,10
145,328,140,326,140,320,62,22,14
114,268,120,276,105,283,4,4,1
120,276,122,274,125,278,12,11,6
120,276,114,268,121,271,9,8,4
122,274,120,276,121,271,12,10,6
89,257,92,250,97,259,19,15,10
92,250,106,250,97,259,9,7,3
92,250,88,257,80,249,18,14,7
88,257,92,250,89,257,25,21,15
88,227,82,237,70,229,12,4,2
88,227,96,224,94,229,23,6,2
96,224,88,227,99,216,10,5,1
88,227,70,229,69,198,2,2,1
99,216,88,227,69,198,3,2,1
129,242,125,248,115,244,9,7,3
119,254,125,248,125,251,12,10,6
134,243,137,233,142,238,38,23,15
144,252,134,243,142,238,35,22,13
134,243,144,252,137,255,38,24,15
134,243,125,248,129,242,37,19,14
125,251,134,243,137,255,43,22,16
125,248,134,243,125,251,36,18,13
126,258,125,251,137,255,46,23,17
137,257,126,258,137,255,49,24,18
126,258,119,254,125,251,14,11,8
119,254,126,258,123,260,17,13,10
123,260,126,258,124,263,23,19,16
126,258,138,264,124,263,50,27,21
126,258,137,257,138,264,54,28,21
113,245,113,243,115,244,5,6,1
113,243,113,245,106,250,9,10,5
107,252,119,254,112,261,10,9,5
107,252,112,261,97,259,5,5,2
106,250,107,252,97,259,4,4,0
113,245,107,252,106,250,9,11,6
103,217,96,224,99,216,10,6,2
104,216,103,217,99,216,5,6,4
131,208,118,210,121,203,15,10,6
132,213,118,210,131,208,19,10,7
118,210,132,213,124,219,26,9,5
124,226,132,220,133,227,43,14,5
124,226,124,219,132,220,43,12,3
137,257,145,262,138,264,36,22,15
144,252,145,262,137,257,31,20,12
145,262,147,270,138,264,25,16,7
137,233,149,229,142,238,21,14,7
149,229,142,221,149,225,35,18,8
142,221,149,229,137,233,32,18,9
147,239,144,252,142,238,19,15,6
144,252,147,239,150,253,26,21,12
149,229,147,239,142,238,19,15,6
187,227,195,222,189,228,80,34,17
187,227,185,224,195,222,89,40,22
203,289,205,292,204,293,35,26,19
188,263,187,265,186,258,75,63,48
145,262,159,269,147,270,22,19,11
153,304,156,299,161,308,9,8,3
140,272,138,276,136,273,94,55,43
247,262,246,270,240,267,138,38,37
246,270,244,271,240,267,153,34,35
244,271,246,270,249,272,138,0,0
236,279,234,276,239,277,177,43,42
261,254,262,261,255,257,109,1,2
262,261,261,254,264,261,138,3,3
265,244,252,247,259,239,82,22,22
261,254,265,244,267,248,73,7,7
252,247,265,244,261,254,66,7,7
265,244,274,240,267,248,42,21,17
274,240,265,244,272,238,51,29,25
265,244,267,233,272,238,58,31,29
267,233,265,244,259,239,86,28,28
250,258,255,264,247,262,83,1,4
255,264,257,266,249,272,151,2,3
246,270,255,264,249,272,136,1,2
255,264,246,270,247,262,119,1,3
247,260,250,258,247,262,65,1,0
247,260,247,262,240,267,129,41,39
183,208,177,206,184,203,62,49,34
177,206,176,199,184,203,50,38,25
184,203,176,199,188,192,43,35,23
176,199,177,206,170,202,75,63,42
170,191,176,199,170,202,63,53,36
176,199,170,191,177,189,59,50,35
179,188,177,189,176,179,32,27,16
184,183,179,188,176,179,31,26,16
179,188,184,183,188,192,36,30,21
176,199,179,188,188,192,43,35,25
179,188,176,199,177,189,63,56,43
187,176,184,182,176,179,27,22,12
184,182,184,183,176,179,28,23,14
189,184,184,182,187,176,31,25,16
184,183,184,182,189,184,39,33,24
224,251,217,247,225,246,61,48,35
215,284,203,289,202,280,27,19,11
203,289,215,284,205,292,26,17,10
205,292,215,284,215,300,23,11,6
224,299,215,284,228,286,42,1,1
215,284,224,299,215,300,31,1,0
223,269,230,259,240,267,41,11,8
234,276,223,269,240,267,64,13,13
223,269,222,255,230,259,50,31,24
223,269,209,264,222,255,53,42,30
235,49,235,32,241,40,14,13,8
235,49,223,43,235,32,17,13,8
223,43,235,49,228,51,17,11,6
242,48,235,49,241,40,13,11,6
235,49,229,52,228,51,31,12,6
229,52,235,49,234,54,43,16,8
243,51,235,49,242,48,23,12,9
235,49,237,56,234,54,52,19,10
235,49,243,51,237,56,54,21,12
222,30,221,32,219,33,51,28,19
221,32,223,43,219,33,23,15,8
221,32,222,30,227,28,45,29,17
235,32,221,32,227,28,32,23,15
223,43,221,32,235,32,19,14,9
230,26,235,32,227,28,25,18,15
230,26,235,26,235,32,20,15,14
235,26,230,26,235,22,48,25,22
230,26,227,28,225,21,67,36,31
227,18,230,26,225,21,64,31,27
230,26,227,18,231,17,62,29,26
235,22,230,26,231,17,58,29,25
140,94,149,95,137,101,14,10,4
149,95,140,94,140,87,18,13,7
140,94,137,101,134,90,18,14,8
140,87,140,94,134,90,17,13,7
163,83,165,91,150,84,37,13,6
153,81,163,83,150,84,25,9,2
163,83,153,81,163,82,26,9,1
153,76,165,80,163,82,31,9,4
166,69,165,80,153,76,35,10,6
165,80,163,83,163,82,69,21,12
158,62,166,69,153,76,29,9,4
151,74,158,62,153,76,19,6,5
168,64,158,62,156,59,15,4,1
166,69,158,62,168,64,33,11,2
158,62,148,71,156,59,8,2,2
158,62,151,74,148,71,14,4,4
172,123,165,108,177,109,11,10,5
165,108,167,104,177,109,10,9,4
165,108,172,123,154,116,18,10,5
159,106,165,108,154,116,30,13,7
184,61,182,65,179,58,53,24,13
187,53,184,61,179,58,75,31,18
188,59,184,61,187,53,75,33,19
184,61,188,59,188,63,41,17,7
182,65,184,61,188,63,26,12,5
182,65,189,81,176,70,13,9,4
189,81,182,65,188,63,11,8,5
189,81,188,63,194,62,13,10,5
193,84,189,81,194,62,13,10,6
176,60,172,67,168,64,67,20,9
172,67,176,60,176,70,79,26,14
172,67,166,69,168,64,60,17,5
192,42,190,45,192,37,20,7,2
192,42,194,44,190,45,45,19,12
196,42,192,42,192,37,24,6,4
194,44,192,42,196,42,58,27,22
309,122,318,119,311,124,20,20,13
309,122,312,114,318,119,20,21,13
312,114,309,122,305,116,18,18,11
305,116,309,122,303,120,19,17,12
309,122,303,132,303,120,23,20,13
303,132,309,122,311,124,21,18,11
312,114,319,109,321,117,16,17,10
321,117,319,109,329,113,19,17,11
319,109,315,107,318,107,11,10,4
319,109,312,114,315,107,12,12,5
319,105,319,109,318,107,13,11,5
319,109,329,104,329,113,18,16,11
329,104,319,109,319,105,18,15,11
333,92,333,93,330,91,51,21,9
335,83,337,89,333,85,96,41,25
337,89,333,92,333,85,108,49,31
339,90,337,89,342,88,93,45,29
337,89,340,81,342,88,44,23,13
337,89,335,83,340,81,61,29,16
80,55,71,28,91,29,2,2,2
71,28,80,55,78,57,2,2,2
100,33,80,55,91,29,2,2,2
80,55,100,33,107,52,2,2,2
80,55,79,64,78,57,2,2,2
106,67,80,55,107,52,2,2,2
80,55,106,67,84,71,2,2,2
79,64,80,55,84,71,2,2,2
420,116,416,120,418,113,8,9,5
429,105,420,116,418,113,10,10,7
426,118,420,116,429,105,9,9,6
416,120,423,125,417,126,16,16,11
423,125,420,116,426,118,10,9,5
420,116,423,125,416,120,13,13,8
423,102,429,105,418,113,11,11,8
415,106,423,102,418,113,14,13,10
429,105,423,102,432,100,16,16,14
423,102,415,106,408,94,11,11,8
423,102,427,88,432,100,11,11,9
415,106,410,104,408,94,10,11,6
410,104,412,112,403,109,14,14,10
410,104,415,106,412,112,16,15,11
426,86,426,79,430,78,13,11,7
437,85,426,86,430,78,16,14,10
427,88,426,86,437,85,12,10,6
401,85,398,90,396,81,11,9,5
407,83,401,85,396,81,8,7,3
401,85,408,94,398,90,13,12,8
401,85,407,83,408,94,11,10,6
418,82,417,80,426,79,10,9,7
426,86,418,82,426,79,14,12,10
418,82,426,86,420,87,17,16,13
417,80,418,82,407,83,8,7,3
416,69,418,73,407,71,10,9,5
418,73,417,80,407,71,9,8,4
417,80,418,73,426,79,7,6,5
418,73,430,64,426,79,9,8,7
430,64,418,73,417,66,11,9,8
418,73,416,69,417,66,12,10,9
435,136,439,132,440,134,6,6,4
439,132,439,128,440,134,13,13,11
444,108,444,107,450,111,10,11,6
444,107,444,106,450,111,10,11,6
448,98,443,105,442,99,8,8,3
444,106,443,105,448,98,7,7,3
444,107,443,105,444,106,5,7,2
432,117,431,115,435,119,12,12,8
431,115,432,117,426,118,18,17,13
369,131,366,125,374,130,46,26,18
369,131,362,134,366,125,19,17,8
369,131,368,134,362,134,18,17,10
379,159,384,164,380,167,18,16,12
377,160,379,159,380,167,20,18,14
467,47,483,49,470,55,57,18,8
470,55,483,49,484,57,62,19,9
483,49,484,50,484,57,85,23,13
484,50,483,49,484,45,19,9,2
484,45,483,49,481,39,21,11,7
483,49,467,47,481,39,59,19,10
343,62,344,60,354,65,21,17,10
344,60,352,51,354,65,58,37,28
352,51,344,60,343,58,83,47,38
344,60,340,61,343,58,106,67,54
344,60,343,62,340,61,73,48,30
369,74,365,77,362,73,15,14,10
374,76,369,74,380,69,13,12,8
381,107,376,99,377,98,19,17,13
375,101,376,99,381,107,18,17,12
376,99,375,101,373,101,15,14,10
368,89,376,99,373,101,13,11,7
376,99,368,89,377,91,13,11,7
377,98,376,99,377,91,14,12,8
459,24,463,27,459,28,32,14,4
463,27,461,29,459,28,44,14,4
463,27,459,24,465,22,36,17,7
461,29,463,27,463,30,35,13,2
470,31,463,27,465,22,31,17,9
463,30,463,27,470,31,22,10,3
504,73,505,74,505,75,42,5,3
505,74,511,79,505,75,37,10,5
511,79,505,74,523,69,17,11,8
523,69,505,74,503,70,15,11,8
505,74,504,73,503,70,31,8,4
522,78,511,79,523,69,12,11,9
511,79,522,78,513,85,17,11,7
513,85,522,78,520,91,21,11,7
557,46,558,47,553,53,48,23,19
558,47,559,50,553,53,51,25,19
559,50,558,47,567,52,19,7,7
558,47,565,37,567,52,9,4,4
565,37,558,47,557,46,3,2,2
494,58,505,60,496,63,10,6,2
487,52,494,58,484,57,45,14,5
505,60,494,58,499,40,9,9,4
494,58,487,52,499,40,15,9,5
651,200,653,199,655,201,52,30,19
670,195,653,199,652,188,56,29,25
653,199,670,195,655,201,53,31,25
680,82,658,79,695,67,2,2,2
680,82,671,97,658,79,2,2,1
706,101,680,82,695,67,2,2,2
686,111,680,82,706,101,2,2,2
671,97,680,82,686,111,2,2,2
302,880,302,883,301,882,39,13,5
302,883,302,880,308,875,26,11,7
308,875,302,880,295,870,55,15,8
302,880,289,874,295,870,58,17,7
289,874,302,880,301,882,63,17,8
330,916,334,919,324,923,80,32,22
334,919,333,926,324,923,77,31,21
334,919,330,916,333,915,64,28,20
340,932,341,936,335,935,31,13,5
341,936,340,932,354,928,55,16,8
260,861,255,859,264,854,16,10,2
263,861,260,861,264,854,9,8,2
260,861,257,868,255,859,45,20,11
276,744,279,748,263,750,30,16,7
278,740,276,744,265,735,12,9,2
276,744,263,750,265,735,22,12,5
282,743,276,744,278,740,11,7,1
279,748,276,744,282,743,15,11,3
337,868,335,862,339,867,15,13,7
332,876,337,868,340,872,42,21,11
335,862,337,868,321,864,29,11,6
337,868,332,876,321,864,39,15,8
341,871,337,868,339,867,27,14,7
337,868,341,871,340,872,32,17,9
466,929,457,925,459,921,71,72,66
457,925,466,929,455,931,77,78,73
457,925,455,931,453,926,101,102,96
622,805,621,807,616,803,20,10,6
621,807,615,812,616,803,24,9,7
625,808,621,807,622,805,25,10,6
615,812,621,807,623,815,28,10,7
621,807,625,808,623,815,20,6,4
615,812,609,811,616,803,10,5,3
630,801,647,800,631,813,3,3,1
625,808,630,801,631,813,8,5,1
630,801,623,804,626,799,16,8,4
630,801,625,808,623,804,14,6,3
442,885,439,880,446,876,66,68,64
442,885,446,876,450,884,75,76,72
443,886,442,885,450,884,62,63,58
442,885,443,886,439,889,49,50,44
439,880,442,885,439,889,60,61,55
432,881,439,889,433,890,63,64,59
432,881,439,880,439,889,67,67,62
446,876,457,870,460,874,59,60,54
457,870,469,864,460,874,39,39,31
457,870,451,866,463,856,26,22,16
469,864,457,870,463,856,25,24,17
451,866,449,855,463,856,26,20,14
449,855,463,840,463,856,34,10,5
501,918,500,916,505,916,29,24,18
500,916,501,918,493,914,23,22,16
492,905,500,916,493,914,13,13,8
500,916,492,905,504,902,14,12,8
425,919,419,920,423,913,19,9,5
429,919,425,919,423,913,25,13,10
419,920,425,919,420,927,7,5,3
420,927,425,919,431,924,9,7,4
425,919,429,919,431,924,6,4,1
499,947,488,948,486,946,16,8,4
488,948,488,949,486,946,29,10,8
488,949,488,948,499,947,11,8,2
528,943,521,947,516,946,13,14,10
525,828,520,820,533,818,7,7,7
529,832,525,828,533,818,8,8,8
559,868,550,875,548,864,18,10,8
561,856,547,858,561,845,18,8,4
571,854,561,856,561,845,17,8,4
537,850,547,858,539,856,25,10,4
546,834,537,850,535,841,7,7,7
547,858,537,850,546,834,14,9,6
572,861,585,863,567,867,11,4,2
572,861,561,856,571,854,59,19,8
575,843,561,845,575,842,7,8,5
575,843,571,854,561,845,12,7,4
584,841,575,843,575,842,6,7,5
582,847,575,843,584,841,7,6,5
585,863,568,877,567,867,4,3,2
572,883,568,877,585,863,4,3,2
594,891,586,916,575,890,4,4,3
586,916,562,901,575,890,6,7,5
586,916,594,891,600,911,2,2,1
587,917,586,916,600,911,2,3,1
586,916,577,925,574,924,8,9,6
586,916,587,917,580,925,7,8,5
577,925,586,916,580,925,8,9,6
547,886,562,901,544,898,10,9,4
562,901,560,914,542,907,7,7,4
549,935,560,914,559,932,8,8,6
560,914,549,935,542,907,7,8,5
158,905,160,898,171,906,7,6,4
166,910,158,905,171,906,16,12,7
158,905,166,910,153,912,26,20,14
155,917,166,910,165,923,33,27,19
155,917,165,923,150,921,26,21,14
153,915,155,917,150,921,24,20,12
155,917,153,915,153,912,34,29,21
166,910,155,917,153,912,36,29,22
153,915,151,912,153,912,33,27,18
188,909,194,911,192,925,12,9,4
194,911,197,913,192,925,9,7,2
197,913,194,911,195,908,11,7,2
231,568,238,567,239,574,45,16,8
238,565,238,567,231,568,41,19,10
238,567,238,565,243,566,6,7,0
208,521,223,518,227,531,12,10,6
223,518,228,528,227,531,10,10,8
223,518,208,521,207,515,12,9,5
223,509,237,518,224,516,4,5,2
228,528,237,518,231,531,7,8,6
237,518,223,518,224,516,6,6,4
223,518,237,518,228,528,7,8,5
237,518,223,509,224,505,4,4,1
258,516,237,518,247,506,5,2,0
237,518,224,505,245,502,3,3,1
247,506,237,518,245,502,3,2,1
237,518,258,516,251,540,3,3,2
237,540,237,518,251,540,3,3,2
237,518,237,540,231,531,7,7,5
230,472,230,471,231,474,11,4,4
230,473,230,472,231,474,11,4,4
230,471,230,472,227,470,7,1,1
230,472,230,473,227,470,7,1,1
237,459,229,451,238,452,21,0,2
244,457,237,459,238,452,99,55,54
237,459,244,457,243,469,79,42,41
209,468,222,456,227,470,3,2,0
222,456,209,468,209,462,2,2,0
209,468,202,464,209,462,3,3,1
209,462,202,464,202,456,3,4,1
202,464,191,460,202,456,12,12,7
191,460,202,464,195,466,12,12,7
232,414,229,418,221,407,24,1,2
234,406,232,414,221,407,35,3,4
229,418,232,414,236,423,64,14,17
232,414,240,416,236,423,71,16,18
237,442,244,450,238,452,87,41,40
237,442,242,441,244,450,87,39,39
237,442,232,436,241,437,77,25,28
221,443,220,447,216,433,8,2,1
232,436,221,443,216,433,13,1,1
221,443,229,451,220,447,12,2,1
232,428,236,424,241,437,69,18,20
232,436,232,428,241,437,71,19,21
232,428,229,418,236,423,54,10,11
236,424,232,428,236,423,66,12,14
232,428,232,436,216,433,14,1,1
232,428,216,433,215,423,16,1,1
229,418,232,428,215,423,18,1,2
234,402,239,399,234,406,87,26,24
234,402,234,406,221,407,40,5,7
239,399,242,409,234,406,66,17,17
242,409,232,414,234,406,65,14,15
232,414,242,409,240,416,64,14,16
235,587,230,583,237,585,26,10,3
230,583,235,587,228,585,18,10,4
230,583,228,585,227,582,9,6,2
230,583,227,582,227,577,11,3,1
237,585,230,583,240,579,39,13,5
239,574,230,583,227,577,36,11,5
240,579,230,583,239,574,43,14,7
281,581,285,590,284,591,6,6,4
286,588,285,590,281,581,5,5,4
285,590,286,588,289,588,6,6,6
133,454,136,462,126,470,23,5,3
134,472,137,463,143,473,19,5,2
134,472,135,476,126,470,14,1,1
136,462,134,472,126,470,21,4,3
134,472,136,462,137,463,28,8,4
140,495,138,490,144,481,22,5,3
138,490,137,480,144,481,23,6,4
137,480,138,490,120,485,16,3,2
201,496,202,487,213,494,10,9,5
189,448,185,450,183,449,34,20,12
185,450,189,448,185,455,26,15,9
185,450,180,451,183,449,74,40,30
180,451,185,450,185,455,78,40,32
202,453,191,446,192,445,4,5,2
189,448,191,446,202,453,4,4,2
191,460,202,454,202,456,10,11,6
180,457,187,465,176,468,38,17,14
180,457,180,451,185,455,79,38,32
180,457,176,468,152,465,2,2,2
187,465,189,458,191,460,48,31,24
189,448,189,458,185,455,33,19,13
189,458,180,457,185,455,62,29,24
180,457,189,458,187,465,59,28,24
189,458,189,448,202,453,7,7,4
202,454,189,458,202,453,9,9,5
189,458,202,454,191,460,11,10,6
190,373,183,366,194,371,22,13,9
118,457,116,452,133,454,30,4,3
116,452,118,457,117,459,25,1,1
118,457,133,454,126,470,26,4,3
117,459,118,457,126,470,28,3,3
118,475,96,462,117,459,4,1,1
118,475,126,470,120,485,25,4,3
118,475,117,459,126,470,27,3,3
82,485,118,475,120,485,3,1,1
96,462,118,475,82,485,3,1,1
120,524,134,521,127,543,1,1,0
147,522,134,521,148,510,4,2,1
134,521,147,522,148,524,2,2,1
134,521,151,538,127,543,1,1,1
151,538,134,521,148,524,2,2,1
115,425,116,430,112,427,31,2,0
106,387,101,386,103,384,23,6,3
172,541,174,536,175,544,7,1,0
166,543,178,549,173,559,12,4,2
178,549,166,543,175,544,12,4,3
161,571,166,543,173,559,7,4,1
166,543,172,541,175,544,16,4,4
172,541,166,543,166,541,20,5,5
140,556,166,543,161,571,2,2,1
166,541,166,543,151,538,5,3,1
166,543,140,550,151,538,2,2,0
140,550,166,543,140,556,1,1,0
219,736,215,743,207,740,15,4,1
215,743,215,744,207,740,19,3,1
215,743,219,736,219,741,10,5,1
215,744,215,743,219,741,7,3,0
202,709,199,713,195,702,23,7,5
202,709,205,708,199,713,17,8,4
185,734,187,746,177,734,10,1,1
187,746,185,734,207,740,19,4,1
202,751,198,752,207,740,29,7,3
198,752,187,746,207,740,21,5,2
198,752,202,751,198,756,28,6,4
198,752,198,756,195,758,13,3,1
187,746,198,752,195,758,11,4,1
158,768,137,755,154,747,1,1,1
137,755,143,779,113,774,1,1,1
116,754,137,755,113,774,1,1,1
120,749,137,755,116,754,1,1,1
137,755,120,749,126,747,1,1,1
137,755,157,771,143,779,2,1,1
137,755,158,768,157,771,1,1,1
165,753,158,768,154,747,7,2,1
170,753,165,753,169,749,10,3,1
165,753,154,747,169,749,5,3,1
165,753,170,753,173,770,17,3,2
158,768,165,753,173,770,15,2,2
253,722,259,720,256,726,27,17,8
259,720,260,721,256,726,24,16,8
259,720,253,722,257,715,16,12,5
260,721,261,725,256,726,26,17,9
261,725,256,728,256,726,40,23,13
256,728,261,725,259,730,42,22,13
261,725,260,721,266,727,15,8,3
261,725,262,731,259,730,39,22,13
262,731,261,725,266,727,24,14,7
262,731,267,729,265,735,22,12,5
267,729,262,731,266,727,20,12,5
267,729,276,729,265,735,6,5,1
267,729,266,727,276,729,3,3,0
221,776,219,775,220,769,32,18,13
221,776,224,766,226,779,25,14,9
224,766,221,776,220,769,29,16,11
215,780,221,776,226,779,21,11,6
219,775,221,776,215,780,21,10,5
217,751,222,761,213,753,12,4,1
212,750,217,751,213,753,15,2,3
217,751,215,744,223,745,5,3,0
217,751,212,750,212,748,14,1,2
215,744,217,751,212,748,12,2,1
222,761,233,754,226,764,3,4,0
233,754,217,751,223,745,9,7,3
217,751,233,754,222,761,5,4,0
243,746,233,754,237,738,31,24,15
237,738,233,754,233,737,29,22,13
233,754,223,745,233,737,19,15,9
279,690,287,683,281,693,45,14,8
271,691,274,690,276,699,20,7,6
276,699,274,690,281,693,17,4,2
274,690,279,690,281,693,14,2,0
278,681,278,678,279,679,48,11,3
278,681,276,681,278,678,36,6,0
287,683,278,681,279,679,50,20,15
251,603,245,609,247,597,43,15,11
245,609,251,603,251,607,47,15,12
251,603,247,597,250,593,29,12,7
274,587,251,603,250,593,4,4,2
277,611,251,603,274,587,5,5,2
255,613,251,603,277,611,8,5,2
251,607,251,603,255,613,28,10,7
245,609,249,610,245,614,29,2,2
249,610,250,611,245,614,31,4,3
249,610,245,609,251,607,42,9,8
250,611,249,610,251,607,53,14,14
242,684,246,673,257,676,16,5,3
242,684,257,676,261,693,12,4,2
246,673,242,684,238,672,10,3,0
238,695,242,684,261,693,8,4,1
242,684,238,695,238,688,16,6,3
242,684,238,688,230,677,20,6,2
238,672,242,684,230,677,21,6,2
269,641,273,651,271,649,20,10,4
273,651,269,641,286,655,10,6,3
274,654,273,651,286,655,5,5,3
273,651,274,654,268,656,43,17,7
266,652,273,651,268,656,47,16,7
271,649,273,651,266,652,45,18,7
321,637,317,629,326,631,65,19,8
321,637,316,634,317,629,44,8,3
331,636,321,637,326,631,60,20,8
321,637,331,636,324,650,59,18,9
313,644,321,637,324,650,12,4,1
316,634,321,637,313,644,12,3,1
236,703,240,711,227,710,55,37,26
240,711,239,716,227,710,33,21,11
239,716,240,711,248,723,48,27,17
240,711,249,707,248,723,47,27,17
230,727,241,721,241,724,19,8,1
239,716,241,721,230,727,21,10,2
241,721,248,723,241,724,38,18,10
241,721,239,716,248,723,44,24,14
222,689,220,685,224,683,23,15,6
214,682,209,681,213,680,33,26,15
214,682,220,685,218,686,30,21,11
209,681,214,682,209,698,27,17,8
214,682,218,686,209,698,29,20,10
224,683,214,682,213,680,24,16,6
220,685,214,682,224,683,26,18,8
212,678,220,671,213,680,21,13,4
212,678,211,671,220,671,20,13,4
211,671,212,678,209,681,27,21,11
8,634,22,636,23,643,1,1,1
22,628,22,636,8,634,2,2,2
22,636,22,628,30,626,2,2,2
22,636,37,638,23,643,1,1,1
37,638,22,636,30,626,2,2,2
155,788,149,789,157,778,6,1,1
155,788,155,789,149,789,4,1,1
155,789,155,788,168,786,22,4,2
165,803,162,797,176,791,22,7,2
162,797,165,803,164,804,22,5,2
165,803,176,791,179,802,25,11,5
166,810,165,803,179,802,35,13,6
164,807,165,803,166,810,20,6,2
165,803,164,807,164,804,19,5,0
328,818,326,816,335,818,44,24,17
328,818,326,820,326,816,55,33,25
334,826,328,818,335,818,59,39,33
332,827,328,818,334,826,58,39,33
326,820,328,818,332,827,60,39,32
302,839,297,840,293,837,10,5,1
297,841,297,840,302,839,8,4,1
297,840,292,838,293,837,16,7,2
305,834,316,824,322,834,38,8,3
318,817,316,824,311,819,35,5,1
322,834,316,824,327,829,47,13,8
316,824,326,820,327,829,57,18,13
326,820,316,824,318,817,57,18,14
299,777,296,775,298,764,19,11,2
311,769,299,777,298,764,18,8,2
309,794,319,793,316,800,13,11,3
319,793,321,795,316,800,16,12,3
319,793,327,789,321,795,32,10,4
327,789,319,793,327,787,34,10,6
312,776,318,766,327,786,28,8,4
312,776,311,769,318,766,37,9,5
312,776,299,777,311,769,20,9,2
358,756,362,764,360,765,60,21,13
362,764,366,768,360,765,69,23,9
375,754,362,764,358,756,23,8,5
366,768,362,764,375,754,26,10,5
308,753,307,746,313,749,45,9,5
308,753,313,759,306,758,46,8,6
303,747,290,751,304,741,7,2,1
290,751,303,747,292,753,4,2,0
308,753,303,747,307,746,33,5,3
303,747,308,753,306,758,30,3,2
306,743,304,741,314,736,40,11,4
306,743,303,747,304,741,35,6,2
303,747,306,743,307,746,35,6,2
338,739,336,727,341,726,7,5,3
335,720,336,727,330,724,9,7,5
336,727,341,725,341,726,7,8,5
336,727,335,720,341,725,8,8,5
317,742,306,743,314,736,31,9,2
313,749,317,742,319,752,12,5,0
307,746,317,742,313,749,30,7,1
306,743,317,742,307,746,30,7,1
331,747,322,737,338,739,48,16,9
331,747,330,756,319,752,6,5,2
317,742,331,747,319,752,12,6,2
254,763,265,770,256,768,36,14,8
273,762,265,770,259,752,51,24,12
265,770,254,763,259,752,49,21,11
272,782,269,773,279,776,36,17,7
274,784,272,782,279,776,31,13,6
269,773,272,782,269,783,28,9,2
272,782,274,784,269,783,16,5,1
363,696,371,689,373,693,76,30,24
368,687,371,689,363,696,76,31,24
371,689,373,684,373,693,15,6,3
371,689,368,687,373,684,6,4,0
362,852,368,860,365,862,85,84,78
362,852,369,853,368,860,91,90,84
350,856,362,852,365,862,84,85,78
359,848,362,852,350,856,95,95,87
374,852,369,846,375,842,51,37,33
369,853,369,846,374,852,59,53,47
362,852,369,846,369,853,71,66,60
353,828,352,819,370,824,30,9,4
341,830,353,828,350,839,34,16,11
352,819,353,828,341,830,32,17,11
391,867,383,868,383,866,49,51,46
386,862,391,867,383,866,71,74,67
391,867,388,858,398,861,70,69,63
388,858,391,867,386,862,73,76,68
386,874,385,881,383,873,50,50,46
383,868,386,874,383,873,39,40,35
391,867,386,874,383,868,36,37,32
405,869,398,872,398,861,66,65,57
385,881,394,884,391,889,30,30,25
391,889,394,884,402,887,36,35,30
423,803,413,794,423,770,11,6,3
408,772,398,771,396,757,3,4,2
398,771,379,770,396,757,3,3,1
398,771,386,779,379,770,22,11,8
373,817,374,825,370,824,28,7,4
372,807,370,775,384,785,17,7,4
372,807,364,808,370,775,5,4,1
352,819,366,813,370,824,32,10,5
364,808,366,813,352,819,32,10,5
372,807,366,813,364,808,10,6,3
419,892,426,897,422,902,36,25,19
419,892,423,888,426,897,29,22,17
423,888,419,892,415,886,62,37,31
415,886,419,892,409,891,85,38,29
407,899,419,892,422,902,64,22,14
419,892,407,899,407,894,65,18,9
409,891,419,892,407,894,68,20,12
422,863,422,868,413,864,83,55,47
413,794,402,801,405,792,73,30,21
402,801,394,827,384,823,3,4,0
366,701,363,696,373,693,65,19,15
335,720,366,701,341,725,3,3,2
366,701,335,720,363,696,3,3,1
341,725,366,701,364,728,3,3,2
366,701,369,704,364,728,4,4,2
424,748,408,772,396,757,4,4,2
408,772,424,748,423,770,4,4,2
368,772,375,773,370,775,64,19,4
375,773,368,772,366,768,66,21,6
366,768,368,772,360,765,56,18,6
368,772,345,797,360,765,9,5,1
368,772,370,775,345,797,4,4,1
447,787,423,803,423,770,4,4,3
402,539,404,548,394,544,90,90,84
402,535,402,539,394,544,96,97,92
402,539,411,538,404,548,94,94,88
396,554,398,553,396,555,126,120,115
396,555,398,553,403,564,46,39,36
398,553,409,556,403,564,46,38,35
398,553,396,554,394,552,96,90,85
404,548,398,553,394,544,87,84,78
398,553,394,552,394,544,86,83,77
391,564,394,557,392,565,11,4,2
383,565,391,564,392,565,7,1,2
391,564,383,565,386,561,9,2,2
388,556,391,564,386,561,13,5,4
394,557,391,564,388,556,14,6,5
336,662,339,671,335,663,35,7,2
363,653,354,659,349,658,25,7,4
354,659,353,660,349,658,14,3,1
366,666,365,661,382,662,7,5,3
365,661,354,659,363,653,50,11,5
354,659,365,661,353,660,72,14,5
364,670,373,684,364,681,4,3,3
364,670,366,666,373,684,4,3,4
365,661,364,670,353,660,56,13,2
364,670,365,661,366,666,20,5,3
336,662,347,664,339,671,68,20,9
347,664,336,662,338,657,61,23,12
347,664,338,657,349,658,51,20,11
672,250,667,241,672,239,23,21,13
667,241,672,250,665,243,21,21,14
672,239,667,241,671,233,41,28,19
667,241,665,243,660,241,16,17,12
667,241,669,230,671,233,41,28,19
669,230,667,241,660,241,22,19,15
673,657,679,646,690,648,3,4,1
679,646,673,657,672,654,4,3,2
673,657,660,664,672,654,13,6,3
666,647,659,642,664,642,44,16,8
666,647,679,646,672,654,5,3,3
672,634,666,647,664,642,16,6,3
679,646,666,647,672,634,7,4,2
666,647,649,653,659,642,50,17,7
666,647,653,659,649,653,50,17,7
660,664,666,647,672,654,16,7,4
634,774,636,762,648,761,6,4,2
608,763,607,769,601,766,15,15,13
607,769,606,775,601,766,9,9,7
607,769,608,763,618,773,11,9,7
616,749,621,750,612,755,6,6,6
609,759,608,763,601,766,13,13,11
608,753,609,759,601,766,10,10,8
609,759,608,753,612,755,5,5,5
626,764,609,759,612,755,11,9,6
608,763,609,759,626,764,12,10,6
620,686,625,687,626,688,6,6,6
624,684,619,671,627,678,8,8,6
624,684,620,686,619,671,9,9,6
624,684,625,687,620,686,5,5,6
625,687,624,684,626,688,6,5,7
622,705,624,713,616,707,8,7,5
624,713,612,714,616,707,9,7,5
612,714,624,713,616,721,38,16,11
648,723,653,724,643,728,35,14,9
631,737,634,734,645,738,40,19,14
619,729,609,725,616,721,75,22,9
619,729,618,732,609,725,69,18,6
626,688,635,682,638,699,9,8,5
635,682,648,691,638,699,40,17,8
635,682,624,684,627,678,5,5,5
624,684,635,682,626,688,6,6,6
631,673,635,682,627,678,7,7,7
656,679,658,683,652,690,50,15,9
658,683,656,679,660,672,29,10,3
660,550,661,561,654,557,32,19,13
617,633,622,637,616,644,10,10,8
611,635,617,633,616,644,11,11,9
622,637,617,633,626,634,5,5,4
617,633,616,625,626,634,13,14,12
624,616,616,625,615,615,10,12,9
616,625,624,616,626,634,12,13,11
591,632,589,638,587,630,17,18,13
603,629,611,635,609,642,13,13,11
574,601,563,612,565,598,76,23,15
574,601,568,615,563,612,76,22,13
568,615,574,601,579,607,107,25,13
661,579,662,582,659,581,29,18,15
654,587,662,582,666,586,40,19,13
662,582,654,587,659,581,25,15,10
662,582,675,585,666,586,57,23,12
675,585,662,582,661,579,56,23,13
638,592,645,603,632,602,31,19,12
650,573,656,580,643,588,63,24,12
656,580,654,587,643,588,60,23,11
656,580,650,573,658,577,22,16,9
659,581,656,580,658,577,13,12,7
654,587,656,580,659,581,17,13,10
666,593,674,596,664,599,47,17,9
675,589,666,593,666,586,48,20,10
674,596,666,593,675,589,46,19,9
592,547,596,546,595,549,133,109,100
627,662,625,657,632,652,73,25,15
639,658,627,662,632,652,67,22,13
627,662,639,658,628,664,51,17,10
649,630,658,622,654,631,68,23,12
649,630,646,624,658,622,61,22,12
654,632,649,630,654,631,89,29,15
649,630,654,632,654,634,89,29,14
645,636,649,630,654,634,77,25,11
646,624,644,619,645,616,10,6,3
644,619,646,624,642,624,8,5,2
658,622,661,615,666,614,43,16,9
644,607,647,612,645,616,25,15,13
654,601,647,600,648,593,67,26,15
638,592,647,600,645,603,26,17,11
654,601,661,596,664,599,53,23,11
654,587,661,596,648,593,46,21,11
661,596,654,601,648,593,57,25,14
667,452,675,470,665,454,170,171,165
667,452,661,449,669,447,95,82,76
692,446,667,452,669,447,180,180,170
675,470,667,452,692,446,177,178,169
698,444,699,439,706,443,84,82,78
699,439,698,444,692,446,173,170,159
701,393,692,400,696,392,168,169,157
696,392,692,400,681,394,133,132,120
692,400,682,401,681,394,127,125,114
692,400,705,407,701,410,156,156,145
705,407,692,400,701,393,155,155,144
707,411,701,414,701,410,95,93,87
707,415,701,414,707,411,95,93,87
701,414,705,427,699,429,121,120,112
701,414,707,415,705,427,85,83,78
673,413,685,418,673,421,120,117,107
685,418,701,414,699,429,180,178,166
682,401,685,418,680,403,143,142,131
692,400,685,418,682,401,161,161,148
685,418,692,400,701,410,171,170,158
701,414,685,418,701,410,176,174,163
650,420,666,431,651,440,207,31,48
650,420,643,424,641,417,151,69,70
643,424,650,420,643,428,208,104,105
643,424,634,422,641,417,83,26,16
634,422,643,424,643,428,66,20,15
640,415,645,412,641,417,22,8,1
650,420,645,412,652,406,175,77,81
645,412,650,420,641,417,119,60,58
645,412,640,415,639,412,24,12,2
640,409,645,412,639,412,20,8,2
645,412,640,409,641,407,14,7,1
652,406,645,412,641,407,101,47,46
650,402,652,406,641,407,82,41,43
663,459,663,457,665,454,125,125,117
647,461,663,457,663,459,148,38,45
631,418,634,422,631,423,150,77,64
634,422,631,418,640,415,121,47,29
640,415,631,418,639,412,119,41,18
631,418,636,410,639,412,126,46,22
631,418,630,416,636,410,132,45,20
495,629,495,625,503,623,29,25,17
495,629,509,628,495,632,54,41,33
509,628,495,629,503,623,23,21,15
495,625,495,629,484,630,133,81,71
490,620,486,619,490,618,20,17,12
495,625,490,620,490,618,16,14,8
490,620,495,625,484,630,92,59,50
487,665,495,674,483,675,8,9,6
476,679,479,666,483,675,9,9,7
479,666,487,665,483,675,8,9,6
487,665,479,666,484,662,10,10,8
479,666,466,670,471,663,6,6,4
458,646,463,638,467,649,7,7,5
472,644,467,627,484,630,17,12,8
485,639,472,644,484,630,15,12,8
472,644,463,638,467,627,9,9,7
463,638,472,644,467,649,8,8,6
515,642,510,637,518,638,138,118,106
510,641,510,637,515,642,169,144,131
510,637,510,641,508,640,190,149,131
510,720,511,726,502,722,67,22,12
514,734,514,730,517,738,94,22,10
501,716,510,720,502,722,124,63,52
510,720,501,716,509,715,144,85,74
493,718,501,716,502,722,42,13,6
498,708,498,707,508,702,14,14,11
437,590,437,605,421,590,4,2,0
437,605,437,590,441,604,3,3,0
433,574,426,578,427,570,24,6,5
433,574,427,570,429,560,13,2,1
464,569,467,580,462,572,38,4,5
516,596,515,591,523,595,21,21,18
515,591,520,584,523,585,29,30,25
523,595,515,591,523,585,27,27,23
515,591,515,576,520,584,19,21,16
515,591,516,596,508,599,15,16,13
450,643,457,647,456,650,8,9,6
454,652,450,643,456,650,9,9,7
467,627,464,626,463,622,19,18,15
464,626,455,625,463,622,10,10,9
435,627,440,632,439,634,12,13,10
443,631,438,626,449,620,8,10,7
438,626,435,627,433,623,5,6,4
438,626,440,632,435,627,12,12,10
440,632,438,626,443,631,17,18,15
443,631,451,628,452,632,10,11,8
451,628,443,631,449,620,7,8,5
451,628,455,625,452,632,8,9,6
455,625,451,628,449,620,5,7,3
441,636,441,641,439,634,6,7,5
440,632,441,636,439,634,13,14,11
441,636,440,632,443,631,11,11,9
441,636,450,643,441,641,6,6,4
441,636,443,631,452,632,10,11,8
489,607,493,606,495,610,12,13,10
549,644,539,650,541,635,11,12,9
539,650,531,646,541,635,19,16,10
523,636,527,645,518,638,50,36,30
531,646,527,645,523,636,25,17,13
537,721,545,716,547,724,13,12,9
509,650,510,641,514,647,88,44,33
516,669,535,666,524,675,10,11,6
525,688,519,701,512,692,11,11,6
520,681,525,688,512,692,11,12,8
535,666,537,673,524,675,12,12,7
525,574,529,575,523,585,50,26,22
519,577,525,574,523,585,39,29,25
525,574,533,569,529,575,130,68,53
568,515,575,518,572,521,50,36,31
573,512,575,518,568,515,75,31,28
575,518,577,523,572,521,53,44,38
577,523,575,518,585,516,88,59,49
576,508,574,507,578,506,83,51,26
576,508,573,512,574,507,158,65,44
558,490,560,493,556,491,70,19,12
557,487,558,490,556,491,75,9,10
560,493,558,490,566,494,135,58,42
549,480,553,481,556,491,61,15,11
553,481,557,487,556,491,81,20,15
542,546,541,551,539,548,53,46,42
548,547,541,551,542,546,93,94,87
530,562,541,557,536,566,51,53,45
541,557,541,551,543,555,52,54,47
536,566,541,557,544,570,70,71,64
541,557,548,559,544,570,68,69,61
541,557,543,555,546,556,55,57,50
548,559,541,557,546,556,45,46,39
541,557,530,562,539,548,56,52,46
541,551,541,557,539,548,77,76,70
543,555,547,553,546,556,75,77,70
547,553,550,558,546,556,112,113,106
541,551,547,553,543,555,83,86,78
547,553,541,551,548,547,98,100,92
547,553,548,547,555,547,78,82,74
550,558,547,553,555,547,92,95,87
533,518,542,512,536,521,147,77,75
542,512,533,518,529,508,101,29,29
506,510,497,508,502,503,142,143,136
497,508,495,500,502,503,151,152,144
497,508,492,503,495,500,150,153,144
492,503,497,508,496,510,145,148,138
516,499,506,495,507,487,88,51,50
530,488,520,496,520,486,99,7,11
524,518,521,506,529,508,79,11,12
516,499,521,506,516,507,39,13,8
521,506,516,499,520,496,59,9,4
516,507,518,519,512,511,102,96,89
521,506,518,519,516,507,54,36,31
518,519,521,506,524,518,55,21,19
518,519,522,528,511,526,104,21,23
518,519,524,518,522,528,105,16,16
530,590,535,596,532,600,28,29,26
535,594,535,596,530,590,37,37,34
535,596,536,599,532,600,17,18,14
535,596,535,594,546,597,26,27,21
535,596,537,600,536,599,17,18,13
537,600,535,596,546,597,20,21,16
530,627,525,631,525,630,10,12,8
520,626,530,627,525,630,14,16,11
533,625,530,627,520,626,17,19,15
525,631,530,627,525,632,10,11,7
558,618,550,608,563,612,24,24,21
540,617,536,622,532,605,21,21,19
532,605,536,622,515,614,18,19,16
536,622,533,625,515,614,11,12,9
544,616,558,618,559,626,12,13,11
546,633,544,616,559,626,15,15,12
544,616,550,608,558,618,25,26,22
544,616,536,622,540,617,12,12,10
536,622,544,616,546,633,14,15,11
554,586,553,573,568,577,57,48,39
554,586,546,589,550,585,122,55,48
554,586,556,592,546,589,94,42,34
553,573,554,586,549,579,78,52,43
554,586,550,585,549,579,114,69,58
592,599,594,594,594,602,136,81,62
594,594,592,599,580,599,145,84,64
572,589,576,584,577,590,72,46,35
576,584,572,589,571,588,69,54,47
572,589,565,591,571,588,96,65,56
571,588,565,591,568,577,58,49,41
565,591,554,586,568,577,76,47,37
550,585,546,582,549,579,140,81,68
545,583,546,582,550,585,160,87,76
546,582,540,581,549,579,137,73,58
546,582,545,583,540,581,133,59,44
570,563,562,564,565,554,124,128,117
572,560,570,563,565,554,138,142,132
562,564,570,563,566,571,75,79,69
570,563,572,560,576,561,148,152,143
592,547,581,551,584,543,136,94,81
581,551,579,545,584,543,87,85,75
581,551,576,553,579,545,84,85,75
709,435,711,423,719,434,2,3,0
709,435,705,427,711,423,15,15,11
688,379,687,375,693,373,88,84,76
687,375,688,371,693,373,72,66,59
676,359,678,363,668,364,65,1,2
688,371,678,363,692,362,38,10,8
693,352,699,347,703,354,67,66,61
696,357,693,352,703,354,82,81,77
662,366,660,358,668,364,72,6,7
660,358,676,359,668,364,66,3,4
606,390,610,386,611,394,30,31,28
606,391,606,390,611,394,29,29,27
610,386,606,390,600,385,31,32,29
606,390,606,391,600,385,33,34,32
601,400,606,391,611,394,22,22,19
614,426,617,431,616,433,35,38,32
624,430,617,431,622,429,29,31,26
617,431,624,430,616,433,27,29,23
630,432,624,430,632,427,84,55,44
631,432,630,432,632,427,163,110,95
608,311,606,304,613,307,21,22,19
616,315,608,311,613,307,12,12,10
606,304,608,311,597,305,29,29,27
616,315,612,324,607,321,30,31,26
612,324,616,315,619,322,31,32,28
590,309,588,303,597,305,38,35,33
590,309,585,313,588,303,44,24,23
585,313,579,314,578,312,133,64,52
579,314,585,313,579,317,140,65,54
613,307,614,301,614,306,34,33,31
606,304,614,301,613,307,35,35,33
613,290,610,295,610,287,58,36,23
619,283,613,290,610,287,109,36,12
623,258,631,273,618,265,20,21,18
631,273,623,258,638,263,20,20,18
665,275,662,272,672,268,22,22,20
674,280,665,275,672,268,20,20,17
682,300,673,302,673,293,18,6,5
688,283,682,300,673,293,16,5,4
688,283,674,280,688,280,12,5,3
674,280,688,283,673,293,14,5,4
718,268,688,283,688,280,3,1,1
682,312,698,316,700,324,22,5,6
682,300,698,316,682,312,19,4,4
688,283,698,316,682,300,16,3,3
700,324,698,316,718,268,2,2,1
698,316,688,283,718,268,5,2,1
666,295,663,290,673,293,14,14,11
549,386,546,393,538,392,63,65,57
546,400,560,398,550,408,49,51,46
545,378,551,380,549,386,61,65,57
545,378,537,382,544,375,55,58,50
537,382,545,378,549,386,66,68,60
542,422,545,426,539,429,57,31,21
550,421,542,422,541,418,34,31,25
545,426,542,422,550,421,52,29,19
527,441,531,435,536,444,114,29,11
531,435,527,441,521,437,63,16,11
514,457,526,460,523,465,96,6,8
516,469,514,457,523,465,103,7,11
531,435,529,425,539,429,127,33,17
529,425,542,422,539,429,107,37,26
529,425,528,418,541,418,100,37,29
542,422,529,425,541,418,95,37,29
540,461,544,466,544,471,51,8,5
536,457,540,461,526,460,42,7,4
577,368,577,371,575,375,54,54,48
577,371,578,372,575,375,62,64,57
578,372,577,371,577,368,42,46,39
585,352,587,357,578,355,97,56,40
594,376,588,373,589,369,119,55,41
588,373,594,376,587,377,127,56,41
587,377,594,376,587,382,123,49,34
570,351,577,355,569,358,60,62,58
577,355,570,351,573,349,53,57,52
570,351,569,358,567,356,73,77,71
570,351,567,356,563,354,63,67,61
553,359,554,370,542,366,87,89,80
554,370,553,359,555,359,79,80,74
551,373,554,370,553,374,61,64,56
551,373,545,378,544,375,52,55,47
551,373,544,375,542,366,70,74,65
554,370,551,373,542,366,78,81,73
562,379,552,376,553,374,51,55,47
552,376,562,379,551,380,49,53,45
552,376,551,373,553,374,48,52,44
545,378,552,376,551,380,59,62,54
551,373,552,376,545,378,52,56,48
555,359,552,350,563,354,61,63,55
553,359,552,350,555,359,50,51,43
534,365,531,367,529,363,125,126,117
535,377,534,365,542,366,98,102,93
531,367,534,365,535,377,118,120,112
634,348,633,343,638,341,49,40,34
633,343,641,330,638,341,74,59,50
641,330,645,335,638,341,123,83,69
653,299,648,297,657,294,39,22,12
668,297,666,295,673,293,10,9,6
658,301,653,299,657,294,29,24,18
682,312,673,319,677,310,22,3,2
635,303,630,305,630,303,27,24,24
631,361,626,367,625,364,31,33,30
619,360,613,354,620,351,11,12,9
613,354,619,360,611,359,11,12,10
619,371,618,368,626,367,26,28,25
568,346,576,339,573,349,39,44,39
570,351,568,346,573,349,51,59,54
568,346,570,351,563,354,56,61,55
434,387,440,390,438,396,74,22,22
440,390,434,387,435,381,202,94,91
428,383,434,387,424,387,75,23,23
423,385,428,383,424,387,22,1,1
428,383,421,380,422,378,115,34,34
428,383,423,385,421,380,59,10,10
468,373,471,382,460,384,90,5,6
471,382,465,389,460,384,136,6,9
475,385,471,382,475,380,69,7,9
471,382,475,385,475,386,78,7,8
465,389,471,382,475,386,103,6,6
465,371,468,373,460,384,94,5,6
471,361,465,371,464,364,41,30,22
465,371,471,361,468,373,39,29,22
471,382,475,375,475,380,48,15,18
475,375,471,382,468,373,50,13,16
475,375,488,378,475,380,34,35,30
528,418,541,413,541,418,87,47,37
538,406,541,413,528,418,79,50,40
548,409,544,402,550,408,56,57,52
544,402,546,400,550,408,54,55,50
544,402,538,406,533,399,44,45,39
642,491,638,497,633,496,244,143,140
638,497,642,491,644,498,202,85,91
655,493,642,491,650,482,95,23,26
642,491,646,499,644,498,110,18,26
642,491,655,493,646,499,54,8,11
649,478,645,479,645,473,202,40,55
645,479,649,478,650,482,158,25,34
642,491,645,479,650,482,152,40,46
645,473,647,464,655,471,174,38,46
647,464,663,459,655,471,135,44,48
647,464,647,461,663,459,143,38,45
609,472,614,465,619,467,33,31,25
621,477,609,472,619,467,51,39,31
581,501,585,500,584,505,59,59,53
585,500,593,502,584,505,61,60,55
630,518,627,509,632,510,151,101,97
627,509,630,518,622,517,80,49,46
604,498,599,494,604,487,26,24,19
619,519,613,515,622,517,103,39,26
613,515,619,519,612,520,107,37,23
605,521,613,515,612,520,55,37,26
598,514,613,515,605,521,71,39,28
592,238,582,234,585,231,34,34,32
582,234,592,238,592,239,38,38,36
582,234,580,228,585,231,30,30,28
573,258,576,251,586,256,75,46,37
571,252,576,251,573,258,158,75,54
576,251,590,253,586,256,36,28,23
576,251,571,252,571,247,150,73,51
576,242,576,251,571,247,140,67,48
590,253,576,251,592,246,25,19,16
576,251,576,242,592,246,23,18,16
604,250,601,249,605,243,9,12,9
592,246,601,249,595,255,21,23,19
651,282,652,278,657,279,32,34,26
652,278,657,276,657,279,26,28,20
657,276,652,278,647,267,25,17,11
503,243,512,242,506,252,96,99,93
512,242,510,253,506,252,92,95,89
512,242,503,243,508,229,55,58,52
532,233,528,228,533,232,29,29,25
507,224,514,222,508,229,37,41,36
499,230,507,224,508,229,33,37,31
514,222,517,234,508,229,38,41,36
517,234,520,237,517,238,21,25,19
512,242,517,234,517,238,41,44,39
517,234,512,242,508,229,46,49,43
554,217,537,215,550,210,32,32,30
554,217,552,223,537,215,32,32,29
537,246,540,238,544,250,43,44,40
537,246,536,255,528,247,48,49,44
544,250,549,253,542,251,39,40,35
549,253,549,257,542,251,37,39,34
544,260,547,267,542,261,57,60,54
549,257,544,260,542,251,48,51,45
536,255,544,260,542,261,49,54,47
544,260,536,255,542,251,46,50,44
523,259,530,256,529,264,134,135,128
530,256,536,255,529,264,82,84,78
536,255,530,256,528,247,48,49,44
612,254,617,257,615,262,23,24,21
612,254,618,252,617,257,26,28,25
612,254,609,244,618,252,20,23,21
612,254,604,250,609,244,14,17,15
600,272,595,266,601,260,15,15,11
581,290,579,293,579,286,175,92,78
583,294,579,293,581,290,160,88,77
583,294,576,298,576,297,140,81,67
579,293,583,294,576,297,139,78,65
558,265,559,259,565,262,43,44,39
559,259,569,254,565,262,61,56,51
569,254,559,259,567,249,60,52,47
544,260,552,266,547,267,57,61,55
552,266,544,260,549,257,58,61,55
559,259,552,266,549,257,44,47,41
552,266,559,259,558,265,45,48,42
496,353,495,356,493,355,114,111,103
499,365,499,360,502,362,188,189,180
499,360,498,358,502,362,197,196,186
499,360,499,365,497,366,193,194,185
528,368,525,364,529,363,56,57,48
531,367,528,368,529,363,131,133,124
474,320,477,312,481,317,131,133,121
475,306,477,312,473,309,101,103,93
477,312,475,306,484,307,91,92,81
486,310,477,312,484,307,98,95,83
481,317,477,312,486,310,118,119,105
503,332,491,336,491,329,136,103,90
488,333,483,330,491,329,157,114,104
483,330,488,333,487,334,152,107,94
488,333,489,335,487,334,141,108,92
474,334,483,330,476,336,72,53,38
483,330,474,334,473,328,84,75,61
539,288,531,279,544,277,140,143,134
509,277,514,283,506,282,131,134,124
514,283,516,274,519,278,166,170,160
514,283,509,277,516,274,111,115,104
522,287,525,280,526,285,194,200,189
525,280,522,287,519,278,184,189,179
523,291,522,287,526,285,165,169,159
522,287,523,291,519,289,98,102,91
522,287,514,283,519,278,189,193,183
514,283,522,287,519,289,186,189,179
542,328,534,333,537,319,168,171,159
556,344,552,350,551,348,57,58,49
552,350,556,344,563,354,53,55,46
556,344,568,346,563,354,51,54,47
571,326,565,331,560,325,61,63,57
561,332,553,331,556,329,70,72,63
561,332,556,344,553,331,67,69,61
503,405,496,402,497,397,34,23,19
508,401,503,405,497,397,33,28,22
503,405,508,401,504,408,28,25,19
503,405,494,410,496,402,47,10,9
508,401,507,392,514,393,75,76,70
505,389,507,392,497,397,41,42,34
507,392,508,401,497,397,39,40,32
514,409,510,414,504,408,37,24,19
508,401,514,409,504,408,35,34,28
514,409,513,420,510,414,35,24,19
528,418,514,409,525,407,73,38,30
513,420,514,409,528,418,63,34,28
533,390,537,382,538,392,80,81,74
533,399,533,390,538,392,87,88,80
528,397,533,390,533,399,71,71,62
395,607,391,617,388,618,3,4,1
397,617,391,617,395,607,3,4,2
391,617,393,623,388,618,21,17,15
391,617,397,617,393,623,7,6,6
513,745,511,752,503,741,75,16,7
514,743,513,745,503,741,84,16,7
511,752,513,745,516,748,18,11,8
513,745,514,743,516,748,15,9,6
424,748,440,759,423,770,10,6,3
470,678,465,690,461,682,19,14,10
479,736,471,720,484,732,8,9,6
477,705,484,710,471,720,27,15,8
477,705,482,703,484,710,90,44,34
625,657,617,663,615,661,55,23,13
627,662,617,663,625,657,68,25,14
619,671,617,663,628,664,62,20,11
617,663,627,662,628,664,103,35,20
606,696,609,689,615,688,5,6,5
609,689,608,681,615,688,8,7,8
608,681,609,689,601,681,10,11,8
609,689,606,696,596,693,6,7,5
608,681,602,680,603,679,14,14,12
602,680,608,681,601,681,13,14,12
620,686,610,673,619,671,14,8,5
608,681,610,673,620,686,11,9,7
610,673,617,663,619,671,85,23,10
610,673,604,664,615,661,84,26,13
617,663,610,673,615,661,79,22,10
519,749,537,743,520,753,10,11,9
519,749,525,738,537,743,11,10,8
516,748,519,749,520,753,16,14,13
525,738,519,749,517,738,11,10,7
519,749,514,743,517,738,17,10,6
514,743,519,749,516,748,12,9,8
525,738,531,735,537,743,16,10,9
531,735,539,733,537,743,24,11,8
539,733,531,735,531,728,106,54,45
534,725,539,733,531,728,133,82,73
534,725,529,717,537,721,38,34,27
534,725,545,730,539,733,136,92,82
534,725,531,728,525,723,149,105,90
529,717,534,725,525,723,58,44,31
522,767,516,785,517,770,11,10,7
517,770,516,785,511,784,16,11,8
516,785,518,791,511,784,108,61,48
530,789,516,785,536,773,19,15,11
516,785,522,767,536,773,10,11,8
537,788,531,795,530,789,107,73,66
513,808,496,806,513,799,8,8,6
486,800,493,806,491,811,8,7,5
493,806,496,806,491,811,4,6,3
511,812,513,809,520,820,7,7,6
511,812,513,808,513,809,7,7,5
513,808,511,812,496,806,6,7,4
496,806,511,812,491,811,6,6,4
511,812,509,826,491,811,6,6,5
546,834,565,834,565,835,8,8,8
566,831,565,834,546,834,9,9,9
609,832,612,829,615,833,29,8,5
580,832,584,841,575,842,8,8,8
589,858,584,855,590,853,29,6,3
587,848,591,840,602,847,42,12,8
531,712,527,711,534,706,65,18,6
531,712,529,717,527,711,43,13,4
529,717,531,712,537,721,15,13,9
573,725,576,729,574,731,48,41,32
576,729,573,725,581,728,31,27,20
584,743,597,739,599,740,12,7,7
597,739,584,743,591,738,16,7,7
597,739,599,736,599,740,23,4,1
597,739,591,738,599,736,33,8,2
578,735,584,743,578,742,53,20,15
584,743,578,735,591,738,46,17,11
578,735,578,742,572,738,63,27,19
591,738,578,735,590,730,111,54,38
551,764,551,774,545,768,11,11,10
551,774,551,764,558,759,12,12,11
571,767,551,774,558,759,13,13,11
551,774,547,779,544,778,11,11,9
547,779,551,774,560,783,12,13,10
522,767,534,765,536,773,11,12,9
534,765,522,767,536,760,11,11,9
563,794,568,792,570,800,136,96,84
562,803,563,794,570,800,122,77,67
563,794,562,803,559,795,112,66,57
577,796,581,802,570,800,105,48,31
568,792,577,796,570,800,108,66,50
577,796,568,792,575,790,69,49,38
581,802,582,806,570,800,43,16,9
554,800,562,803,552,802,62,20,16
562,803,554,800,559,795,111,62,53
582,806,576,815,570,800,24,12,8
576,815,582,806,579,818,9,9,7
482,684,486,680,485,685,9,10,7
482,684,480,686,479,685,5,5,3
480,686,482,684,485,685,6,6,4
476,679,482,684,479,685,7,7,5
486,680,482,684,483,675,13,13,11
482,684,476,679,483,675,9,9,7
479,689,485,685,487,694,6,6,4
479,689,480,686,485,685,5,5,3
480,686,479,689,479,685,4,4,1
457,888,460,874,468,887,42,36,29
460,874,457,888,450,884,64,65,58
462,906,456,897,465,903,56,19,10
456,897,458,893,465,903,55,18,10
456,897,462,906,457,910,53,17,8
456,897,457,910,446,907,51,20,10
439,889,456,897,446,907,35,21,13
443,886,456,897,439,889,19,19,13
456,897,443,886,450,884,24,24,18
457,888,456,897,450,884,24,21,13
456,897,457,888,458,893,28,14,3
467,858,469,864,463,856,18,16,12
509,915,510,912,521,921,64,24,13
510,912,509,915,505,916,40,25,15
476,892,471,898,468,887,46,15,6
477,891,476,892,468,887,53,17,8
487,877,470,879,477,872,52,20,12
487,877,477,891,470,879,54,16,8
500,863,499,864,489,852,24,10,4
436,828,409,824,435,819,10,5,2
402,801,409,824,394,827,5,3,1
409,824,401,830,394,827,5,4,0
439,826,447,822,440,829,65,18,11
447,822,439,826,446,818,70,25,17
455,820,447,822,446,818,14,4,4
447,822,448,837,440,829,42,12,7
447,822,455,820,459,825,34,10,5
448,837,447,822,459,825,65,14,6
447,787,456,793,447,788,4,4,3
435,815,435,816,427,808,50,15,4
435,816,446,818,435,819,50,23,15
439,812,458,799,446,818,6,5,5
435,816,439,812,446,818,27,13,8
439,812,435,816,435,815,34,15,7
439,812,435,815,427,808,38,12,4
485,763,484,749,493,761,15,10,6
485,763,487,771,480,766,37,29,23
485,763,476,753,484,749,8,8,5
493,761,503,757,505,758,74,17,8
498,756,503,757,493,761,81,18,8
495,801,493,806,486,800,9,7,6
493,806,495,801,496,806,9,7,5
496,806,495,801,513,799,8,8,6
497,779,493,761,505,758,50,16,7
507,792,504,787,511,784,90,39,28
507,792,518,791,513,799,39,15,9
518,791,507,792,511,784,101,51,39
495,801,507,792,513,799,15,12,6
465,810,474,807,475,814,87,13,4
472,798,474,807,465,810,59,9,3
474,807,483,813,475,814,36,12,4
483,813,474,807,486,800,47,12,5
474,807,472,798,486,800,67,13,6
472,798,460,799,469,791,9,6,4
460,799,472,798,465,810,33,8,3
485,797,472,798,480,786,73,11,5
472,798,485,797,486,800,75,12,5
485,797,495,801,486,800,10,8,4
441,845,437,843,443,842,7,6,1
445,844,441,845,443,842,14,3,0
441,845,445,844,444,846,19,3,0
482,862,485,853,489,852,11,9,4
499,864,482,862,489,852,19,10,5
485,853,482,862,478,859,8,9,5
484,869,482,862,487,871,34,19,16
482,862,499,864,487,871,23,16,11
482,862,477,872,478,859,31,19,15
482,862,484,869,477,872,37,21,17
478,828,490,827,487,840,8,5,2
490,827,493,843,487,840,8,7,5
506,829,490,827,491,811,5,6,5
474,817,465,810,475,814,85,14,6
474,817,472,823,465,810,78,13,5
475,838,478,828,479,840,18,8,2
473,839,475,838,479,840,57,20,8
467,832,463,840,459,825,74,17,6
467,832,468,835,463,840,66,24,11
472,823,467,832,459,825,55,10,3
467,832,472,823,470,831,22,7,2
506,830,508,837,493,843,6,6,6
506,830,490,827,506,829,5,6,6
490,827,506,830,493,843,6,7,6
508,837,506,830,516,836,6,6,4
506,830,509,826,516,836,6,6,4
509,826,506,830,506,829,5,5,3
491,847,490,845,493,843,63,36,34
493,843,490,845,487,840,30,16,13
490,845,486,842,487,840,37,17,11
486,842,490,845,485,853,60,21,13
485,853,490,845,489,852,66,22,14
490,845,491,847,489,852,83,30,26
482,407,484,411,475,418,213,44,52
484,411,490,416,487,417,142,9,16
490,416,484,411,494,410,118,7,11
479,404,469,413,467,403,227,68,71
479,404,482,407,469,413,217,52,58
448,412,452,416,440,418,70,7,10
448,412,451,408,455,412,31,1,2
452,416,448,412,455,412,64,6,9
422,399,419,386,424,387,35,6,6
426,400,422,399,424,387,38,8,7
419,403,422,399,425,406,54,7,13
422,399,426,400,425,406,59,10,15
419,386,412,401,404,398,32,2,3
422,399,412,401,419,386,34,3,4
433,416,431,410,441,406,57,4,8
430,414,431,410,433,416,34,4,4
431,410,430,414,428,411,29,3,2
426,407,431,410,428,411,46,3,7
431,410,428,400,441,406,49,5,7
431,410,427,401,428,400,53,6,9
427,401,431,410,426,407,53,6,9
428,431,424,440,423,432,128,129,124
428,431,437,435,424,440,133,133,127
430,421,428,431,425,420,112,115,107
428,431,420,429,425,420,115,116,109
420,429,428,431,423,432,130,131,125
443,438,437,435,445,437,130,129,123
437,435,443,438,438,443,128,128,122
447,439,443,438,445,437,114,115,108
443,438,447,439,438,443,130,132,125
452,416,444,427,440,418,49,11,10
444,427,452,416,453,424,55,8,9
444,427,439,422,440,418,33,17,13
444,427,441,426,439,422,31,25,19
437,435,444,427,445,437,121,120,113
444,427,437,435,441,426,112,111,104
450,442,454,441,450,444,132,136,128
447,439,450,442,450,444,143,147,139
450,442,447,439,454,441,141,144,137
450,457,445,455,450,444,144,146,139
455,446,450,457,450,444,141,143,136
445,455,450,457,442,458,149,151,142
450,457,441,460,442,458,150,152,143
437,451,434,448,439,450,139,139,135
437,451,436,452,434,448,155,156,151
442,458,437,451,439,450,149,150,144
436,452,437,451,442,458,158,159,153
496,482,498,489,493,483,146,147,141
496,482,493,483,490,478,151,152,146
498,489,496,482,507,487,104,103,97
508,480,496,482,500,476,101,55,53
496,482,508,480,507,487,95,83,78
495,500,491,499,491,497,151,154,148
492,503,491,499,495,500,142,145,139
491,499,484,501,491,497,147,150,144
477,488,476,495,472,496,157,158,153
477,488,467,489,469,486,160,160,156
467,489,477,488,472,496,160,160,156
479,486,477,488,469,486,157,158,153
488,485,490,481,493,483,140,141,136
488,485,495,491,489,492,147,148,143
495,491,488,485,493,483,149,149,144
470,473,475,468,479,471,147,148,141
475,468,470,473,467,472,145,146,139
479,486,470,473,479,471,155,156,150
468,482,470,473,479,486,161,162,156
482,464,479,459,483,461,115,118,108
482,464,475,468,473,462,139,141,132
479,459,482,464,473,462,139,141,132
430,470,432,469,430,474,179,180,175
427,467,430,470,430,474,186,187,182
430,470,427,467,432,469,189,189,184
433,464,427,467,428,456,155,156,151
436,459,433,464,428,456,165,166,161
435,464,433,464,436,459,165,166,161
427,467,433,464,432,469,189,190,184
468,460,470,458,473,462,153,154,146
470,458,479,459,473,462,137,139,131
470,449,466,447,472,445,66,59,55
477,452,470,449,472,445,62,34,34
479,444,472,445,480,440,76,7,14
479,444,477,452,472,445,61,16,19
485,444,479,444,480,440,63,2,9
468,421,470,425,466,420,32,5,2
470,425,468,421,475,418,50,9,8
469,413,468,421,466,420,55,13,11
468,421,469,413,475,418,139,61,59
482,438,485,444,480,440,55,3,8
481,435,482,438,480,440,46,2,7
491,431,483,421,494,426,198,57,62
491,431,481,435,483,421,163,58,60
491,431,482,438,481,435,67,20,21
486,478,492,475,490,478,143,144,137
490,470,492,475,486,478,138,139,131
492,475,496,482,490,478,140,139,134
502,456,499,467,494,455,112,15,21
527,441,524,448,521,437,48,4,2
524,448,527,441,536,444,72,14,5
494,446,494,443,497,442,50,1,3
494,443,494,446,485,444,38,4,2
483,461,491,451,494,455,103,19,21
516,479,523,483,520,486,97,10,10
523,483,523,473,533,478,78,7,11
498,414,490,416,494,410,87,5,6
498,414,498,415,490,416,93,5,6
337,488,336,481,341,483,171,167,162
336,481,342,478,341,483,170,166,160
336,481,334,479,342,478,167,164,158
334,479,336,481,330,482,160,156,151
341,487,343,486,347,492,157,153,148
343,486,354,476,347,492,170,166,161
343,486,352,475,354,476,164,161,156
337,466,335,468,336,463,182,178,173
337,466,341,470,335,468,164,160,154
345,462,337,466,336,463,176,171,166
341,470,337,466,345,462,172,166,161
439,554,442,546,444,547,72,68,62
436,550,442,546,439,554,78,74,69
442,546,436,550,436,539,89,88,83
451,538,442,546,436,539,95,95,89
442,546,451,538,444,547,93,93,87
470,542,473,543,470,546,46,35,28
473,543,475,536,477,544,75,69,60
473,543,470,542,475,536,94,92,82
429,530,429,528,437,527,124,125,120
429,528,430,526,437,527,128,129,124
430,526,429,528,426,525,135,136,131
429,528,429,530,426,532,134,135,130
426,525,429,528,426,532,130,131,126
417,518,420,515,423,523,154,155,150
414,521,417,518,423,523,143,144,139
417,518,414,521,409,516,154,155,150
418,510,417,518,409,516,164,164,160
417,518,418,510,420,515,164,164,160
414,521,409,519,409,516,144,145,140
409,519,414,521,408,524,140,141,136
409,519,404,517,409,516,151,152,147
404,517,409,519,408,524,147,148,143
448,498,447,500,444,494,167,168,163
444,494,447,500,439,495,165,166,161
439,514,441,513,443,515,151,151,147
441,513,444,510,443,515,175,176,171
441,513,439,514,437,512,137,138,133
444,510,441,513,437,512,165,166,161
481,541,482,547,477,544,56,11,13
481,541,482,540,482,547,57,10,11
480,537,481,541,477,544,52,35,29
482,540,481,541,480,537,33,24,14
456,487,458,485,461,489,175,176,171
458,485,456,487,457,484,204,205,200
458,485,468,482,461,489,171,172,167
454,468,458,463,460,465,145,146,142
459,470,454,468,460,465,162,163,159
441,460,454,468,441,471,162,163,157
450,457,454,468,441,460,160,161,154
463,474,461,467,467,472,168,169,163
463,474,459,470,461,467,163,164,158
460,477,458,477,459,470,166,167,160
454,468,458,477,451,478,162,163,159
458,477,454,468,459,470,161,161,156
470,512,468,516,468,510,122,123,118
468,516,463,511,468,510,131,131,127
468,516,474,514,469,523,123,124,119
468,516,470,512,474,514,132,134,129
463,511,468,516,457,518,137,138,133
467,525,468,516,469,523,137,137,133
457,518,468,516,467,525,126,126,122
425,485,421,484,420,478,190,191,188
409,482,417,483,420,491,179,180,177
417,483,421,489,420,491,169,169,167
417,483,421,484,421,489,169,170,167
421,484,417,483,420,478,164,164,161
417,483,419,475,420,478,174,174,171
417,483,409,482,419,475,171,171,167
404,508,405,499,409,506,163,163,161
390,500,405,499,404,508,171,172,168
391,498,405,499,390,500,168,167,164
408,497,409,482,420,491,175,175,173
408,497,402,493,409,482,176,176,173
408,497,420,491,416,503,170,170,169
408,497,416,503,409,506,168,169,166
405,499,408,497,409,506,177,177,175
396,523,396,525,393,523,109,110,105
396,525,395,528,393,523,127,128,123
396,525,396,523,399,528,133,134,129
395,528,396,525,399,528,133,134,129
382,510,381,506,384,502,169,168,164
381,506,382,510,378,508,163,161,157
381,506,381,501,384,502,177,176,172
374,505,370,512,368,507,160,159,155
372,503,374,505,368,507,168,167,163
374,505,376,512,370,512,155,153,149
376,512,374,505,378,508,158,157,153
433,608,434,610,424,612,68,20,12
434,610,426,616,424,612,51,16,6
436,609,434,610,433,608,37,13,16
438,626,438,618,449,620,6,8,5
438,618,438,626,433,623,4,6,2
438,618,434,610,436,609,15,11,8
426,616,438,618,433,623,7,6,3
434,610,438,618,426,616,29,12,6
416,626,413,616,422,621,69,16,7
410,619,413,616,416,626,81,18,8
422,621,413,616,424,612,74,14,7
404,614,397,617,404,613,7,7,5
397,617,404,614,399,627,17,9,4
404,614,410,619,399,627,35,10,4
303,585,305,587,305,589,35,11,4
305,587,303,585,314,583,7,2,1
305,587,307,591,305,589,66,44,39
307,591,305,587,314,583,18,11,11
341,519,346,520,345,522,100,99,93
344,517,346,520,341,519,106,105,98
346,520,344,517,356,516,121,120,113
346,520,355,527,345,522,102,101,94
355,527,346,520,356,516,110,109,103
362,528,361,526,365,524,112,116,108
361,526,362,528,355,527,110,111,104
361,526,356,516,365,524,122,123,116
361,526,355,527,356,516,120,121,114
346,544,347,533,355,546,72,69,63
337,543,346,544,346,548,12,5,3
347,533,346,544,337,543,51,46,41
355,527,343,528,345,522,94,93,87
347,533,343,528,355,527,87,86,79
343,528,341,519,345,522,93,92,85
343,528,333,531,330,523,82,81,75
343,528,330,523,335,518,88,88,81
341,519,343,528,335,518,92,91,85
489,270,491,275,479,272,152,148,136
491,275,489,270,492,273,175,175,166
488,139,493,135,497,140,20,18,14
493,135,485,130,491,128,11,11,8
493,135,488,139,485,130,13,13,10
495,217,494,224,492,225,25,26,23
494,224,495,217,502,217,34,35,32
494,224,495,231,492,225,41,42,36
494,224,499,230,495,231,46,48,43
499,239,503,243,499,244,52,55,49
499,239,499,244,492,241,64,66,58
494,233,499,239,492,241,64,66,58
499,239,494,233,499,230,59,62,54
503,243,499,239,508,229,47,50,44
499,239,499,230,508,229,42,45,39
498,157,492,160,490,152,91,39,30
498,157,494,148,502,153,104,33,21
494,148,498,157,490,152,117,39,26
511,161,498,157,502,153,27,20,15
490,152,485,162,482,154,110,45,25
492,160,485,162,490,152,101,42,24
476,156,485,162,472,164,111,47,29
485,162,476,156,482,154,116,46,26
516,198,518,187,522,194,21,21,19
515,184,518,187,516,198,17,17,16
518,187,515,184,519,176,15,16,13
527,191,518,187,519,176,18,19,16
475,183,472,182,472,164,42,32,26
490,185,475,183,490,172,21,22,19
475,183,490,185,486,189,26,26,23
476,190,475,183,486,189,25,26,22
472,182,475,183,476,190,29,30,26
482,218,480,212,487,214,20,21,18
479,211,480,212,482,218,25,26,21
480,212,479,211,493,205,25,26,23
473,197,465,205,462,199,26,27,24
465,205,473,197,474,206,26,27,24
465,205,474,206,463,210,29,29,26
465,205,457,199,462,199,23,23,21
457,199,465,205,453,205,26,27,24
465,205,463,210,453,205,23,24,20
418,336,424,340,422,341,56,8,3
394,324,391,343,380,330,69,1,1
391,323,394,324,380,330,63,1,2
411,281,413,278,412,283,17,17,14
412,283,413,278,422,280,36,37,32
413,278,411,281,400,273,23,23,21
454,284,449,285,449,275,103,104,97
445,293,448,292,448,296,70,71,65
448,292,449,291,448,296,55,56,49
441,302,445,293,448,299,63,64,59
446,303,441,302,448,299,61,62,57
445,293,441,302,433,300,57,58,54
429,260,447,255,432,268,38,39,34
447,255,435,272,432,268,40,40,36
426,270,424,262,432,268,29,29,26
424,262,429,260,432,268,36,37,34
424,262,421,258,423,257,45,45,43
429,260,424,262,423,257,47,48,45
480,266,474,261,479,258,63,53,42
474,261,474,260,479,258,60,54,45
474,261,467,268,467,266,152,82,73
467,268,474,261,480,266,112,67,56
459,257,456,259,456,248,80,57,49
465,254,459,257,456,248,110,56,40
474,260,467,253,473,252,141,105,89
467,253,464,242,473,252,102,79,65
467,253,465,254,464,242,120,69,56
468,262,474,261,467,266,151,83,72
474,261,468,262,474,260,157,104,90
468,262,459,257,465,254,120,68,55
468,262,467,253,474,260,146,105,89
467,253,468,262,465,254,161,83,70
519,373,519,383,507,380,118,80,68
519,383,513,388,507,380,97,61,53
504,382,505,377,507,380,118,119,112
491,381,495,383,490,387,58,59,55
495,383,504,382,505,389,79,80,73
495,383,494,396,490,387,35,30,26
496,303,488,305,495,302,169,143,132
496,303,493,314,488,305,153,119,111
495,292,496,299,492,298,186,185,174
492,298,496,299,495,302,169,162,150
496,299,496,303,495,302,161,160,149
496,303,496,299,503,297,65,66,57
494,291,496,290,495,292,167,170,159
502,290,496,290,498,286,185,189,178
496,290,497,284,498,286,191,194,184
496,290,494,291,497,284,193,196,185
465,287,469,279,475,285,86,76,67
465,287,475,285,476,289,74,71,62
472,294,465,287,476,289,86,86,77
465,287,471,297,458,301,100,101,91
471,297,465,287,472,294,73,74,66
459,267,468,262,467,266,90,63,52
470,153,469,150,476,151,13,15,12
467,149,470,153,464,158,11,10,5
469,150,470,153,467,149,13,12,8
269,193,267,209,253,192,127,91,66
291,212,287,206,294,207,90,76,55
251,176,257,184,247,180,85,70,52
252,175,257,184,251,176,88,72,53
252,172,256,173,252,175,66,53,35
256,173,257,184,252,175,87,72,53
256,173,252,172,255,162,56,45,30
326,178,317,174,318,170,38,32,21
331,164,337,154,340,163,41,34,26
332,167,331,164,340,163,47,39,30
331,164,332,167,330,165,42,32,22
331,164,329,153,337,154,45,38,30
316,146,319,151,308,150,41,36,25
319,151,313,159,308,150,49,41,29
319,151,316,146,326,147,44,38,27
313,159,314,168,311,171,60,50,38
314,168,317,174,311,171,61,50,38
317,174,314,168,318,170,56,46,35
314,168,320,162,318,170,53,44,33
320,162,314,168,313,159,52,43,32
327,166,326,178,318,170,40,34,22
320,162,327,166,318,170,48,39,28
326,178,327,166,331,176,36,30,20
327,166,332,167,331,176,32,25,15
332,167,327,166,330,165,43,33,23
340,210,336,204,350,207,24,21,16
336,204,340,210,335,206,20,18,12
336,204,354,191,350,207,23,21,15
324,203,318,196,324,197,29,26,15
324,190,315,189,320,182,40,34,25
324,190,318,196,315,189,29,24,14
358,165,363,169,359,173,15,14,7
356,172,358,165,359,173,14,12,6
358,165,362,157,363,169,14,13,7
362,157,358,165,360,157,15,14,8
348,161,358,165,356,172,17,15,9
341,158,348,161,340,163,34,29,21
358,165,348,161,360,157,22,20,14
360,157,348,161,354,145,22,20,13
348,161,341,158,354,145,26,23,15
334,190,337,186,334,191,35,29,20
337,186,334,190,332,185,38,32,22
337,186,344,179,346,183,26,21,14
332,167,344,179,331,176,33,28,20
344,179,332,167,340,163,35,29,21
346,183,344,179,353,179,28,25,18
344,179,355,175,353,179,21,17,10
348,161,344,179,340,163,27,23,16
344,179,356,172,355,175,20,17,11
344,179,348,161,356,172,22,19,13
367,176,363,171,372,175,25,23,18
367,176,372,175,373,182,21,19,13
363,184,367,176,373,182,18,17,11
367,176,363,184,359,173,22,21,15
363,171,367,176,359,173,23,21,15
393,174,377,180,385,168,19,17,12
377,180,393,174,397,178,19,18,13
393,174,385,168,394,166,12,10,5
393,174,394,166,400,165,14,12,8
397,178,393,174,400,165,15,14,9
378,170,377,180,372,175,16,15,9
378,170,377,160,380,167,24,22,17
385,168,378,170,380,167,26,24,18
377,180,378,170,385,168,20,18,11
377,160,378,170,363,169,18,17,12
378,170,372,175,363,169,22,21,15
420,171,411,169,413,161,89,30,15
411,169,397,178,400,165,37,23,15
397,178,411,169,399,181,28,21,14
411,169,414,179,399,181,40,24,17
422,173,420,171,430,172,41,21,13
386,163,396,162,394,166,19,17,13
386,163,385,168,384,164,14,12,8
385,168,386,163,394,166,17,15,11
379,159,386,163,384,164,15,14,10
386,163,379,159,383,155,15,13,9
434,208,434,204,441,201,128,36,14
429,202,434,204,434,208,61,25,19
423,209,429,202,434,208,56,32,25
440,225,442,221,443,226,47,35,23
440,225,438,222,442,221,43,36,28
435,213,422,219,422,212,30,28,25
423,209,435,213,422,212,42,36,34
435,213,423,209,434,208,42,36,34
435,213,434,208,439,215,90,47,36
422,219,435,213,426,224,25,24,21
438,222,435,213,439,215,41,29,25
435,213,438,222,426,224,28,25,22
396,211,399,212,393,221,13,12,7
399,212,402,217,393,221,15,12,8
399,212,396,211,397,208,20,19,12
416,246,419,239,419,243,39,38,34
408,230,407,225,409,223,126,85,67
407,225,408,230,401,235,125,71,50
369,239,365,236,371,238,26,28,23
369,239,366,243,365,236,14,14,10
362,247,369,251,360,253,31,29,25
362,247,366,243,369,251,24,23,19
350,244,362,247,360,253,27,25,21
352,240,362,247,350,244,23,21,17
362,247,352,240,356,234,23,21,17
365,236,362,247,356,234,20,18,14
366,243,362,247,365,236,20,19,15
357,232,365,236,356,234,15,14,10
357,229,357,232,356,234,13,11,8
357,232,357,229,365,236,20,19,15
376,252,365,256,369,251,16,16,13
369,251,365,256,360,253,30,29,25
358,259,365,256,364,266,13,12,8
365,256,358,259,360,253,22,20,16
376,252,378,249,385,250,21,12,6
385,250,378,249,382,242,11,10,4
378,249,376,245,382,242,11,12,7
437,176,435,181,433,181,43,17,12
435,181,437,187,433,181,124,46,22
435,181,439,185,437,187,135,57,34
416,149,415,147,418,141,13,11,5
415,147,410,140,418,141,15,12,7
410,140,415,147,408,144,16,13,10
415,147,414,150,408,144,28,24,21
415,147,416,149,414,150,25,21,17
411,154,405,156,401,153,85,28,10
405,156,411,154,411,155,71,26,10
412,158,405,156,411,155,80,30,9
396,162,405,156,400,165,66,33,22
405,156,396,162,401,153,88,39,24
398,287,401,296,394,292,27,28,24
398,287,394,292,389,288,16,17,13
397,284,398,287,389,288,17,17,14
401,296,398,287,404,295,25,25,23
390,274,389,264,395,270,21,21,18
390,274,395,270,400,273,36,36,34
397,284,390,274,400,273,25,25,24
394,293,389,291,394,292,11,13,8
394,293,401,296,389,298,29,31,26
401,296,394,293,394,292,41,42,38
388,297,378,300,376,294,20,20,15
388,297,394,293,389,298,11,13,8
394,293,388,297,389,291,12,13,8
370,283,376,294,372,295,73,40,23
365,282,370,283,372,295,101,39,21
371,280,370,283,365,282,68,34,15
383,307,377,311,378,300,21,20,16
390,314,383,307,390,313,21,19,16
383,307,390,314,377,311,26,20,17
380,260,385,250,392,254,99,45,29
380,260,376,252,385,250,54,23,15
380,260,365,256,376,252,17,14,12
365,256,380,260,364,266,33,23,16
380,260,374,271,364,266,52,29,21
389,264,393,257,398,267,22,21,17
398,267,393,257,403,265,16,17,15
393,257,380,260,392,254,97,46,29
380,260,393,257,389,264,88,42,28
393,257,411,248,403,265,31,29,25
405,244,393,257,392,254,58,42,36
393,257,405,244,411,248,46,38,33
353,263,358,259,364,266,17,16,12
355,270,353,263,364,266,19,17,13
353,263,355,270,350,262,19,17,15
328,293,325,291,328,289,46,3,4
328,293,340,292,330,296,41,2,3
340,292,328,293,328,289,28,5,3
319,292,328,293,330,296,58,1,2
325,291,328,293,319,292,56,1,2
328,289,323,290,325,284,35,9,6
325,291,323,290,328,289,47,4,4
323,290,325,291,319,292,58,2,2
321,281,317,285,318,280,28,6,4
317,285,307,278,318,280,40,4,2
300,288,317,285,319,292,86,1,0
309,263,306,261,317,251,18,16,10
309,263,313,265,310,268,31,29,23
307,278,319,274,318,280,22,13,8
318,272,319,274,307,278,23,19,14
319,274,321,281,318,280,17,14,9
319,274,318,272,327,271,12,11,5
318,272,317,264,325,267,22,20,14
325,267,317,264,324,259,33,29,23
317,264,317,251,324,259,33,30,24
317,264,309,263,317,251,21,19,13
309,263,317,264,313,265,34,31,25
290,262,301,269,285,273,37,17,14
278,268,290,262,285,273,94,17,19
288,260,290,262,278,268,57,24,20
534,98,539,99,536,102,16,16,12
539,99,534,98,536,93,12,13,9
534,98,528,95,536,93,12,13,8
529,107,534,98,536,102,10,11,5
528,95,534,98,529,107,10,11,6
524,90,519,97,520,91,16,6,5
524,90,528,95,519,97,13,8,6
524,90,526,80,528,82,11,10,8
536,93,524,90,528,82,9,9,6
528,95,524,90,536,93,8,10,6
555,128,553,133,538,124,33,17,12
555,106,556,114,549,110,8,9,6
556,114,560,108,559,118,13,13,11
560,108,556,114,555,106,10,10,8
543,119,555,128,538,124,13,14,11
555,128,543,119,551,118,14,14,11
543,112,543,119,538,115,15,16,14
548,113,543,112,549,110,10,11,8
556,114,548,113,549,110,11,12,9
543,119,548,113,551,118,15,15,13
548,113,543,119,543,112,12,13,10
595,94,582,92,588,87,25,12,7
582,100,582,92,595,94,13,7,3
582,92,577,84,588,87,11,7,4
577,84,582,92,572,88,7,5,4
587,119,584,114,590,111,9,10,7
564,81,537,67,558,59,8,8,5
537,67,564,81,544,89,8,8,5
564,81,564,83,544,89,7,7,5
564,83,564,81,572,88,6,6,4
564,81,577,84,572,88,7,6,4
585,79,591,77,589,82,72,38,32
585,79,589,82,588,87,47,25,14
577,84,585,79,588,87,25,13,7
583,65,585,67,583,70,20,9,4
585,67,583,65,583,61,7,3,0
583,65,578,62,583,61,9,4,1
607,125,600,121,601,116,8,5,4
600,121,595,123,601,116,5,6,4
600,121,607,125,600,133,7,8,5
595,123,600,121,600,133,7,8,5
591,137,591,141,585,136,20,12,5
591,141,591,144,580,145,85,32,15
585,136,591,141,580,145,53,21,10
591,141,591,137,600,135,14,14,10
591,141,605,145,591,144,20,11,7
605,145,591,141,600,135,16,12,9
604,107,597,97,612,95,47,20,12
611,109,604,107,612,95,49,23,14
617,152,622,158,619,163,63,25,10
622,158,621,164,619,163,81,33,15
621,164,622,158,624,157,82,31,14
625,155,623,154,629,150,62,23,12
623,154,622,158,617,152,46,16,5
623,154,625,155,624,157,41,7,0
622,158,623,154,624,157,44,11,2
606,111,611,109,611,110,58,23,13
606,111,604,107,611,109,55,22,11
606,111,607,113,601,116,21,10,7
604,107,606,111,601,116,26,12,6
569,120,565,127,559,118,8,8,6
555,128,565,127,566,129,12,9,6
578,118,587,122,587,126,8,9,6
578,118,587,119,587,122,10,11,8
584,114,578,118,575,115,13,13,11
578,118,584,114,587,119,10,11,8
539,157,529,162,531,155,17,18,15
542,173,539,157,544,160,40,22,14
539,157,542,173,529,162,20,18,15
532,141,538,148,535,149,65,20,9
538,148,532,141,540,140,99,28,11
549,145,553,133,554,143,86,30,14
553,153,549,145,554,143,17,12,8
547,147,549,145,553,153,27,15,7
579,139,585,136,580,145,65,23,11
576,138,579,139,580,145,91,31,18
585,136,582,134,587,126,9,8,6
579,139,582,134,585,136,20,10,7
582,134,579,139,576,138,27,10,7
608,166,607,165,619,163,13,7,4
616,171,608,166,619,163,11,9,6
572,240,576,242,571,247,126,55,39
572,240,566,241,573,229,136,47,26
561,214,560,213,567,207,131,40,17
560,213,557,205,567,207,111,37,17
554,217,560,213,561,214,47,36,23
576,222,580,228,573,229,15,12,9
580,228,576,222,582,219,14,14,12
576,222,576,219,582,219,19,19,16
576,219,576,212,582,215,22,23,20
569,204,576,212,567,207,25,17,14
576,212,569,204,583,203,20,19,16
582,215,576,212,587,207,23,23,20
576,212,583,203,587,207,18,18,16
605,208,601,210,604,205,16,17,15
609,205,605,208,604,205,15,17,17
606,209,605,208,609,205,17,19,18
605,208,606,211,601,210,19,19,17
605,208,606,209,606,211,11,11,9
623,207,628,208,628,216,19,19,16
623,207,612,210,622,206,13,14,12
625,204,632,195,631,209,14,14,11
628,208,625,204,631,209,6,6,4
618,200,625,204,622,206,7,8,5
625,204,623,207,622,206,5,5,3
623,207,625,204,628,208,6,6,4
625,204,618,200,628,191,13,14,11
632,195,625,204,628,191,16,16,13
627,218,628,219,627,220,12,13,10
628,219,627,218,628,216,12,13,10
608,217,627,218,627,220,19,20,19
612,210,627,218,608,217,25,26,24
627,218,623,207,628,216,19,20,17
623,207,627,218,612,210,20,21,19
642,213,633,210,643,209,58,24,12
633,210,642,213,641,215,59,26,14
634,222,631,214,641,215,48,30,22
634,222,641,221,638,223,41,19,10
641,221,634,222,641,215,51,28,18
631,214,634,222,628,219,24,24,22
628,219,634,222,628,225,13,14,11
632,228,634,222,638,223,10,7,3
634,222,632,228,628,225,6,8,5
651,200,652,210,643,209,30,21,15
652,210,651,200,655,201,29,23,14
652,210,655,201,662,203,55,34,28
500,137,508,138,505,144,38,17,12
500,137,498,143,497,140,12,8,3
498,143,500,137,505,144,26,13,10
508,138,500,137,505,132,19,18,15
493,135,500,137,497,140,16,14,9
506,123,501,125,500,121,18,19,16
505,129,501,125,506,123,13,14,11
500,121,501,125,491,128,12,13,10
501,125,493,135,491,128,12,12,9
501,125,500,137,493,135,12,12,9
501,125,505,129,505,132,10,11,8
500,137,501,125,505,132,14,14,11
506,108,502,104,509,99,14,13,10
515,105,506,108,509,99,30,16,9
505,117,506,108,517,111,14,13,10
506,108,515,105,517,111,20,12,8
502,104,498,103,495,96,16,16,15
498,103,497,103,495,96,18,18,17
541,199,535,212,538,199,22,23,20
538,199,535,212,531,201,25,26,23
537,215,535,212,550,210,29,30,27
535,212,541,199,550,210,24,24,22
535,212,537,215,529,213,44,45,41
526,206,535,212,529,213,25,25,23
535,212,526,206,531,201,22,22,20
551,158,559,165,558,166,24,11,6
559,165,551,158,558,154,18,11,6
559,165,558,154,563,164,12,12,11
550,184,545,181,549,175,47,20,12
545,181,550,184,538,183,21,13,7
549,175,558,178,558,179,124,34,18
557,170,558,178,549,175,114,31,14
558,178,562,177,558,179,14,7,3
558,178,557,170,562,177,21,16,11
558,168,557,170,558,166,13,8,11
557,170,558,168,564,171,27,25,26
559,165,558,168,558,166,14,14,17
564,171,558,168,563,164,23,21,22
558,168,559,165,563,164,21,20,22
315,469,310,463,315,464,155,152,146
310,463,315,469,315,470,150,147,141
316,460,310,463,312,455,167,165,159
310,463,316,460,315,464,158,156,150
310,463,298,466,300,454,153,148,142
312,455,310,463,304,452,157,151,146
310,463,300,454,304,452,154,148,142
305,476,306,483,295,472,108,104,97
298,466,305,476,295,472,119,116,109
305,476,311,484,306,483,124,121,115
305,476,310,463,315,470,148,145,139
310,463,305,476,298,466,133,129,123
280,486,277,481,283,479,85,67,64
277,481,281,477,283,479,88,74,70
277,481,272,488,272,478,18,8,6
272,488,277,481,280,486,31,18,17
279,473,277,481,272,478,64,49,46
281,477,277,481,279,473,83,70,65
336,481,332,489,330,482,165,162,156
332,489,336,481,337,488,171,167,161
332,489,330,495,314,490,136,132,127
332,489,319,480,330,482,157,153,147
319,480,332,489,314,490,150,146,141
314,491,325,500,312,499,116,112,107
330,495,325,500,314,491,129,125,119
325,500,330,495,331,499,148,144,138
325,500,331,499,327,510,119,115,109
312,507,325,500,327,510,97,93,87
325,500,312,507,312,499,97,93,88
288,475,285,483,283,479,89,86,78
286,485,285,483,288,475,89,85,78
285,483,280,486,283,479,91,76,71
285,483,286,485,280,486,101,81,78
301,508,299,505,312,499,82,76,71
299,505,301,508,297,506,73,51,52
302,494,286,485,306,483,85,81,74
299,505,302,494,312,499,85,80,74
302,494,314,491,312,499,92,88,82
319,478,324,474,319,480,168,164,158
311,484,319,478,319,480,144,140,135
305,476,319,478,311,484,136,132,126
316,471,315,469,326,467,164,160,155
324,474,316,471,326,467,164,160,155
315,469,316,471,315,470,113,109,104
319,478,316,471,324,474,157,153,148
316,471,305,476,315,470,143,139,134
316,471,319,478,305,476,144,140,135
310,487,311,484,314,490,122,118,112
311,484,310,487,306,483,117,113,107
310,487,302,494,306,483,99,95,89
314,491,310,487,314,490,112,109,103
302,494,310,487,314,491,99,96,90
276,407,271,401,278,399,109,104,92
271,401,276,407,268,406,102,96,85
278,399,271,401,269,395,114,107,96
271,401,262,397,269,395,83,72,64
262,397,271,401,268,406,79,68,60
286,410,277,408,278,399,129,124,113
277,408,276,407,278,399,120,115,103
277,408,286,410,281,412,124,118,108
279,415,277,408,281,412,118,113,103
277,408,279,415,270,411,100,94,85
276,407,277,408,270,411,104,98,89
284,442,285,440,286,446,116,111,103
285,440,297,443,286,446,137,131,124
285,440,295,437,297,443,138,132,125
285,440,285,434,295,437,140,135,127
285,434,285,440,282,433,118,112,105
288,423,289,420,293,424,140,134,127
288,423,281,417,289,420,136,131,123
288,423,283,429,281,417,132,126,119
276,435,269,439,269,432,82,77,69
276,435,269,432,276,420,87,82,75
285,440,276,435,282,433,109,103,96
276,435,285,440,284,442,108,103,94
286,446,286,447,282,448,106,100,92
286,447,287,449,282,448,114,109,101
287,449,286,447,286,446,138,132,125
287,449,289,461,283,456,104,98,91
283,456,289,461,285,468,94,89,82
289,461,293,462,285,468,102,98,90
293,462,289,461,297,453,126,120,113
289,461,287,449,297,453,122,117,109
296,467,294,471,293,462,113,109,101
296,467,298,466,295,472,111,108,100
294,471,296,467,295,472,102,99,91
263,425,260,424,264,422,64,42,37
263,425,262,427,260,424,77,53,47
269,439,271,445,254,443,47,34,30
305,421,300,427,298,419,164,158,152
300,427,300,428,297,428,139,134,128
300,428,300,427,305,426,140,134,128
300,427,305,421,305,426,147,141,135
300,427,297,428,293,424,159,153,146
298,419,300,427,293,424,161,155,148
334,385,325,386,326,382,90,84,79
334,383,334,385,326,382,91,85,80
334,385,335,396,325,386,115,111,104
335,396,334,385,339,390,104,100,92
334,385,334,383,339,390,92,88,82
302,278,302,275,307,278,41,12,11
302,275,302,278,294,281,87,2,6
237,293,232,294,228,286,172,37,36
232,294,224,299,228,286,105,11,12
224,299,232,294,233,304,126,23,22
308,306,299,317,294,307,173,5,8
299,317,308,306,314,315,151,3,4
299,362,310,369,295,378,75,70,62
315,327,327,319,326,334,70,1,3
327,319,315,327,323,318,99,1,3
328,341,315,334,326,334,12,1,0
315,334,315,327,326,334,38,2,3
315,327,315,334,314,328,23,0,1
306,402,305,406,302,404,168,164,156
305,406,298,408,302,404,157,152,143
305,406,314,409,311,411,160,157,150
304,418,305,406,311,411,162,158,152
298,408,305,406,304,418,165,160,151
314,409,305,406,315,405,168,164,158
305,406,306,402,315,405,164,160,153
268,393,262,397,268,390,68,54,47
268,393,279,392,269,395,117,110,100
279,392,268,393,268,390,112,104,95
401,360,400,363,396,358,146,5,6
401,360,402,360,400,363,164,5,2
326,437,335,440,332,444,174,168,164
326,437,332,444,328,445,172,166,161
326,432,326,437,323,434,170,164,159
326,437,319,439,323,434,175,169,164
322,446,326,437,328,445,167,161,156
319,439,326,437,322,446,172,166,161
338,442,346,452,340,454,177,173,168
340,454,346,452,345,455,182,178,172
346,452,354,448,355,453,170,166,161
354,448,346,452,351,446,177,174,168
346,452,351,458,345,455,178,174,169
351,458,346,452,355,453,169,165,160
385,431,390,429,392,430,126,127,120
390,429,385,431,388,427,145,145,138
390,429,394,425,392,430,146,146,139
394,425,390,429,388,427,156,155,149
352,436,359,439,351,446,176,173,167
348,435,352,436,351,446,177,174,168
351,429,343,426,344,422,177,174,168
349,418,351,429,344,422,171,168,162
357,423,351,429,349,418,165,161,156
374,397,364,402,364,395,108,106,100
364,402,374,397,376,405,122,121,115
364,404,364,402,376,405,131,130,124
360,402,357,409,355,401,148,145,139
360,402,364,404,357,409,126,124,118
360,402,364,402,364,404,100,100,94
360,402,355,401,360,394,115,111,106
360,402,360,394,364,395,119,116,111
364,402,360,402,364,395,122,120,114
323,447,316,458,312,455,168,164,159
324,448,316,458,323,447,175,171,166
316,458,316,460,312,455,156,154,148
316,458,324,448,325,449,173,169,164
276,490,272,488,280,486,12,2,1
281,492,276,490,280,486,18,6,5
272,488,276,490,271,493,8,2,0
276,490,281,492,271,493,8,2,0
259,500,260,507,255,498,66,30,30
260,496,259,500,255,498,124,72,74
259,500,260,496,262,499,110,67,66
265,503,259,500,262,499,104,62,61
260,507,259,500,265,503,109,58,58
260,508,258,516,247,506,10,1,0
260,507,260,508,247,506,13,2,1
272,525,266,523,267,514,62,11,15
266,523,264,522,267,514,27,0,1
274,535,266,523,272,525,13,1,1
264,522,266,523,255,539,3,2,1
266,523,274,535,255,539,7,2,1
261,519,264,512,267,514,34,3,5
343,554,345,550,343,555,6,2,0
345,550,343,554,337,543,8,4,1
337,543,343,554,330,543,7,2,1
343,554,326,561,330,543,8,3,1
343,554,343,555,326,561,8,3,1
349,505,352,506,350,508,155,157,147
355,503,352,506,349,505,160,160,152
352,506,356,516,350,508,143,143,135
356,516,352,506,364,506,152,151,143
352,506,355,503,364,506,161,160,154
268,78,264,76,265,75,13,11,5
268,78,268,84,264,76,16,14,9
282,67,268,78,265,75,18,16,9
273,82,268,78,282,67,18,15,9
289,83,280,89,285,80,15,12,6
273,82,268,85,268,84,12,10,5
268,86,268,85,273,82,12,10,5
268,84,268,85,267,88,13,11,6
268,85,268,86,267,88,13,11,5
276,87,268,86,273,82,13,10,5
271,91,276,87,279,95,19,16,10
276,87,280,89,279,95,18,16,10
276,87,273,82,285,80,14,11,5
280,89,276,87,285,80,14,11,5
200,113,194,110,193,102,11,9,5
274,140,279,143,267,147,52,34,21
305,139,295,131,305,137,29,23,15
295,131,303,132,305,137,28,22,14
295,131,297,130,303,132,29,22,13
298,121,295,131,288,118,65,32,20
297,130,295,131,298,121,30,21,12
358,111,366,110,361,115,113,44,27
356,114,358,111,361,115,84,39,21
358,111,356,114,352,106,76,35,19
354,102,358,111,352,106,101,44,27
366,110,358,111,367,103,73,33,21
358,111,354,102,367,103,77,34,22
429,334,426,337,425,332,23,22,19
426,337,418,336,425,332,36,24,19
418,336,426,337,424,340,45,11,6
426,337,429,334,428,341,21,14,11
424,340,426,337,428,341,28,13,6
352,299,361,301,358,318,38,2,2
361,301,365,304,358,318,44,4,3
365,304,361,301,372,295,67,27,14
377,311,372,309,378,300,20,15,12
372,309,365,304,378,300,28,15,10
372,309,377,311,369,312,29,6,6
365,304,372,309,369,312,30,3,3
350,220,345,219,351,218,16,12,8
345,220,345,219,350,220,15,11,6
345,219,345,220,342,219,20,17,11
340,217,345,219,342,219,31,28,22
343,227,344,225,347,235,19,18,12
343,227,343,226,344,225,12,11,5
342,228,343,227,347,235,20,18,12
343,226,343,227,342,228,13,12,6
375,185,369,191,373,182,17,16,11
375,185,377,180,380,197,19,17,14
377,180,375,185,373,182,15,14,9
372,202,370,194,380,197,21,19,15
370,194,375,185,380,197,21,19,15
375,185,370,194,369,191,20,19,14
369,191,370,194,367,195,27,26,21
370,194,367,198,367,195,33,32,27
370,194,372,202,369,201,32,30,26
367,198,370,194,369,201,29,28,23
361,200,367,198,362,203,20,19,13
361,200,362,203,350,207,24,22,17
363,184,361,187,358,186,21,19,13
362,190,361,187,363,184,11,10,4
387,223,387,222,393,221,20,22,18
387,222,387,223,381,224,9,12,6
384,233,391,240,382,242,34,27,24
391,240,385,250,382,242,54,21,12
365,212,370,205,373,209,17,15,12
372,202,370,205,369,204,12,11,7
370,205,376,204,373,209,12,10,6
376,204,370,205,372,202,13,11,8
354,214,362,208,360,215,14,12,9
362,208,365,212,360,215,14,13,10
362,203,362,208,350,207,24,23,18
362,208,354,214,350,207,19,17,13
362,208,362,203,369,204,16,15,11
370,205,362,208,369,204,15,14,10
362,208,370,205,365,212,16,14,11
375,226,380,221,381,224,17,18,13
380,221,375,226,380,220,17,18,14
380,221,383,219,381,224,11,13,7
383,219,380,221,380,220,11,13,8
303,173,301,159,311,171,63,51,34
301,159,313,159,311,171,61,50,34
313,159,301,159,302,155,55,46,31
302,178,307,180,301,180,113,95,68
302,178,303,173,307,180,99,82,58
291,255,293,252,292,257,38,32,26
293,252,291,255,283,253,26,22,15
288,260,291,255,292,257,28,24,18
291,255,288,260,283,253,23,22,14
358,259,357,258,360,253,15,13,9
357,258,346,255,360,253,26,24,19
357,258,347,257,346,255,30,29,24
250,174,252,175,251,176,52,39,22
250,174,252,172,252,175,58,45,28
250,174,251,176,247,180,62,48,32
240,173,250,174,247,180,57,44,29
272,134,273,136,271,139,28,28,22
273,136,274,140,271,139,28,29,21
270,133,258,138,265,126,29,24,16
270,133,265,126,270,125,26,24,15
272,134,270,133,270,125,28,25,17
270,133,272,134,271,139,28,26,20
258,138,270,133,271,139,28,24,16
255,161,239,160,250,151,33,28,18
239,160,255,161,255,162,48,41,31
258,152,255,161,250,151,46,38,28
267,159,255,161,258,152,57,47,35
240,127,247,122,242,129,23,21,14
240,127,232,118,247,122,15,14,9
232,118,240,127,231,119,14,13,9
240,127,237,130,231,119,15,13,8
254,137,241,130,242,129,25,21,11
252,146,241,130,254,137,26,23,13
231,135,241,130,252,146,24,21,13
237,130,241,130,231,135,20,18,11
222,126,231,135,217,129,16,14,8
222,126,223,125,231,135,15,14,8
214,116,222,126,217,129,15,13,7
223,168,220,174,219,169,41,34,23
224,167,223,168,219,169,43,37,27
220,174,223,168,231,181,37,30,20
223,168,224,167,231,181,35,29,19
233,157,221,151,235,154,25,22,14
233,157,224,167,221,151,32,28,19
224,167,233,157,237,163,35,31,21
238,156,233,157,235,154,33,30,19
233,157,239,160,237,163,32,27,17
239,160,233,157,238,156,33,30,19
235,202,235,206,232,199,85,70,51
235,206,243,204,238,212,88,70,50
238,212,243,204,249,216,107,88,65
242,197,243,204,236,200,76,61,41
243,204,235,202,236,200,76,61,42
235,202,243,204,235,206,77,62,42
254,215,257,220,249,220,84,56,33
254,215,249,216,254,214,61,42,18
254,215,249,220,249,216,66,47,24
264,218,254,215,254,214,124,81,59
257,220,254,215,264,218,118,75,54
264,218,263,223,260,222,101,54,41
263,223,263,224,260,222,84,28,18
263,223,264,218,271,216,117,60,48
274,228,263,223,271,216,99,51,39
263,224,263,223,274,228,96,42,35
264,227,267,232,263,229,130,48,44
258,226,264,227,263,229,122,34,31
264,227,258,226,263,224,119,36,32
267,232,264,227,274,228,72,33,27
264,227,263,224,274,228,94,41,34
195,197,198,194,202,198,41,36,27
195,197,195,195,198,194,50,45,35
195,195,195,197,190,200,38,32,23
197,231,205,234,193,240,41,32,19
194,245,205,234,214,239,42,33,21
205,234,194,245,193,240,43,35,22
207,223,211,220,211,224,52,29,14
211,220,207,223,208,217,42,28,15
196,218,201,221,195,222,65,31,14
201,221,197,231,195,222,67,25,9
201,221,203,222,197,231,70,27,11
137,212,132,213,131,208,56,30,19
137,212,131,208,138,201,57,32,21
137,212,141,214,132,220,62,23,8
132,213,137,212,132,220,60,23,9
145,204,137,212,138,201,27,19,10
141,214,137,212,145,204,32,20,10
154,215,145,204,156,211,40,24,15
159,213,154,215,156,211,71,48,27
154,215,141,214,145,204,35,19,11
154,215,151,218,141,214,85,36,18
147,222,152,223,149,225,47,24,13
151,218,152,223,147,222,82,37,22
156,202,159,195,170,202,116,96,72
159,213,156,202,170,202,104,83,58
155,204,156,202,159,213,85,69,50
156,202,154,198,159,195,73,59,43
156,202,155,204,154,198,44,34,20
159,195,165,193,170,202,115,96,72
165,193,170,191,170,202,100,84,62
165,193,159,195,164,182,69,56,42
139,162,145,172,142,173,70,34,24
145,172,139,162,161,159,36,21,14
145,172,161,159,157,177,20,16,9
145,172,147,180,142,173,25,14,7
147,180,145,172,157,177,20,17,9
152,124,148,122,154,116,69,29,18
148,122,145,109,154,116,50,19,10
127,121,148,122,127,125,15,7,2
148,122,127,121,127,119,14,6,2
145,109,148,122,127,119,12,7,3
178,120,172,123,177,109,14,12,6
178,120,181,128,172,123,14,13,7
198,145,198,142,201,141,16,13,7
198,142,198,145,196,143,16,13,7
198,142,198,129,201,141,19,16,9
198,129,198,142,196,143,18,15,8
181,128,183,133,170,134,17,15,9
175,166,168,163,171,158,28,24,14
166,165,168,163,175,166,29,25,15
168,163,161,159,171,158,31,27,18
168,163,166,165,161,159,37,32,24
173,147,163,139,170,134,17,16,9
166,149,163,139,173,147,18,16,10
163,139,171,127,170,134,13,11,6
171,127,163,139,151,130,14,10,5
187,327,202,334,188,341,8,6,2
187,327,188,341,184,338,10,9,5
154,312,160,311,160,324,21,19,13
154,312,160,324,156,325,21,18,13
153,312,154,312,156,325,22,19,13
160,311,167,313,160,324,17,16,11
167,313,170,315,160,324,16,15,9
172,323,170,315,180,314,15,13,8
172,323,176,329,165,330,18,17,11
160,324,172,323,165,330,14,13,8
170,315,172,323,160,324,14,13,7
182,308,192,313,180,314,21,18,11
152,292,160,294,156,299,19,16,9
174,260,168,259,174,251,39,34,22
124,343,118,338,129,333,44,38,30
118,338,124,343,121,349,20,15,9
109,345,105,342,107,340,13,5,4
118,338,109,345,107,340,10,4,2
113,348,118,338,121,349,10,5,2
81,397,99,390,98,406,2,1,1
106,387,99,390,101,386,23,5,3
272,365,284,361,278,370,87,78,68
262,367,242,373,255,360,35,1,0
262,367,263,376,242,373,35,2,2
263,376,262,379,242,373,36,4,4
249,388,262,379,260,385,39,5,5
262,379,249,388,242,373,34,3,3
260,385,262,379,267,382,53,24,20
262,379,263,376,267,382,57,30,25
270,377,272,369,273,371,98,90,79
263,376,272,369,270,377,70,51,44
262,367,272,369,263,376,67,44,39
272,369,278,370,273,371,100,91,79
272,369,272,365,278,370,91,82,71
274,313,272,320,263,311,20,1,0
272,320,271,321,263,311,17,1,0
270,356,262,362,255,360,46,12,11
272,348,270,356,255,360,39,8,7
271,321,274,325,255,338,34,2,1
274,325,272,348,255,338,36,1,1
272,320,274,325,271,321,17,1,1
255,338,240,331,245,318,68,3,6
221,316,224,299,233,304,86,10,11
221,316,215,317,215,300,34,0,0
224,299,221,316,215,300,46,1,2
210,354,206,351,218,344,23,1,1
206,351,210,354,208,357,10,2,1
193,353,206,351,195,358,5,3,1
206,351,208,357,195,358,6,2,0
234,378,235,391,232,394,82,13,14
235,391,234,378,237,389,86,14,15
232,394,235,391,234,398,102,23,23
235,391,239,399,234,398,77,16,17
239,399,235,391,237,389,65,10,12
242,373,240,359,255,360,33,1,0
240,359,238,369,231,355,46,3,5
238,369,240,359,242,373,40,2,1
253,404,242,409,239,399,23,0,0
253,404,262,397,258,405,49,17,17
253,404,249,388,262,397,43,12,12
253,404,239,399,247,388,26,1,1
249,388,253,404,247,388,26,1,0
260,424,253,404,258,405,27,4,4
240,416,253,404,260,424,21,2,1
242,409,253,404,240,416,19,0,0
208,196,217,193,220,201,45,38,27
220,201,217,193,233,193,56,46,34
233,193,217,193,229,182,53,44,31
211,220,216,215,221,216,44,35,22
216,215,211,220,208,217,38,28,17
219,211,220,201,222,208,39,32,19
219,211,207,205,220,201,39,34,22
219,211,222,208,221,216,49,40,26
216,215,219,211,221,216,40,30,18
208,213,201,221,196,218,49,36,23
208,213,216,215,208,217,36,27,17
219,211,208,213,207,205,40,33,22
208,213,219,211,216,215,35,26,16
190,200,189,209,184,203,50,42,31
189,209,183,208,184,203,51,44,32
241,234,239,228,243,228,92,70,55
245,236,241,234,243,228,120,96,79
241,234,245,236,241,237,108,80,60
110,300,119,302,114,308,12,9,5
114,308,119,302,121,316,11,9,5
114,295,110,300,109,298,11,9,5
114,295,119,302,110,300,8,6,3
119,302,114,295,121,300,5,4,2
114,295,125,278,132,289,11,8,5
121,300,114,295,132,289,5,4,1
135,291,135,297,132,289,24,9,1
126,322,119,321,121,316,9,8,3
119,321,126,322,116,327,24,20,15
126,322,128,328,116,327,23,19,14
128,328,130,331,129,333,10,9,3
128,328,140,326,130,331,7,2,1
128,328,115,332,116,327,28,24,19
138,315,143,317,140,320,55,14,8
143,317,146,318,140,320,84,40,31
88,227,87,238,82,237,27,8,4
87,238,92,250,80,249,28,14,8
78,241,87,238,80,249,30,10,6
82,237,87,238,78,241,35,7,5
125,248,115,246,115,244,10,9,5
115,246,125,248,119,254,10,9,5
115,246,113,245,115,244,6,6,2
107,252,115,246,119,254,9,9,5
115,246,107,252,113,245,9,10,5
117,205,117,206,112,207,6,6,4
117,206,118,210,112,207,8,7,3
117,206,117,205,121,203,5,5,3
118,210,117,206,121,203,6,6,3
115,219,118,210,124,219,15,5,1
118,210,115,219,112,207,10,5,1
129,234,124,226,133,227,38,20,10
137,233,129,234,133,227,54,28,18
134,243,129,234,137,233,61,34,25
129,234,134,243,129,242,67,37,28
148,254,144,252,150,253,18,15,9
145,262,148,254,150,253,11,10,5
148,254,145,262,144,252,12,10,6
193,248,180,244,190,242,83,70,52
179,250,180,244,193,248,83,70,52
161,219,162,230,155,224,96,64,46
147,239,156,247,150,253,40,35,25
167,216,160,217,159,213,103,69,41
161,219,160,217,167,216,132,83,57
160,217,154,215,159,213,90,54,28
188,263,192,255,203,270,53,43,29
209,264,192,255,195,252,43,35,23
192,255,188,263,186,258,57,46,31
192,255,193,248,195,252,60,49,34
179,250,192,255,186,258,77,64,48
192,255,179,250,193,248,83,70,52
159,269,156,277,147,270,35,29,21
156,277,146,281,147,270,29,24,15
156,277,164,276,156,280,46,39,31
156,277,159,269,164,276,47,41,33
159,269,165,270,164,276,42,37,30
165,270,172,266,173,267,22,18,9
142,301,139,306,138,302,88,40,34
135,297,142,301,138,302,69,33,26
142,301,135,297,135,291,75,38,28
152,283,152,292,146,281,12,9,4
152,283,156,277,156,280,34,29,20
156,277,152,283,146,281,26,21,14
160,294,152,283,156,280,28,25,17
152,283,160,294,152,292,25,22,14
152,292,140,284,146,281,28,18,10
153,304,153,303,156,299,9,8,2
153,303,152,292,156,299,17,15,9
153,303,142,301,152,292,30,22,15
141,275,138,276,140,272,75,49,36
147,270,141,275,140,272,24,19,8
146,281,141,275,147,270,23,18,9
140,284,141,275,146,281,36,25,15
141,275,140,284,138,276,93,56,44
137,282,125,278,136,273,51,30,21
138,276,137,282,136,273,105,55,42
140,284,137,282,138,276,107,61,48
236,279,230,283,234,276,101,10,9
230,283,223,269,234,276,40,1,0
230,283,237,293,228,286,160,33,31
230,283,236,279,237,293,167,36,34
215,284,230,283,228,286,36,1,1
223,269,230,283,215,284,33,9,6
271,321,255,311,263,311,15,1,1
255,311,255,338,245,318,54,2,4
255,311,271,321,255,338,28,1,1
244,288,245,300,237,293,211,44,38
244,288,236,279,239,277,221,33,32
236,279,244,288,237,293,231,41,38
260,264,262,261,264,261,172,2,1
260,264,264,261,276,267,171,7,9
256,263,250,258,255,257,86,1,5
256,263,255,264,250,258,94,1,6
262,261,256,263,255,257,131,1,3
260,264,256,263,262,261,154,1,2
255,264,256,263,257,266,153,2,7
247,250,247,260,237,249,65,18,16
247,260,247,250,250,258,110,40,39
247,250,243,241,249,245,54,7,5
250,258,247,250,253,252,91,30,27
238,243,247,250,237,249,40,5,2
247,250,238,243,243,241,47,11,8
252,247,247,250,249,245,123,48,48
247,250,252,247,253,252,114,44,43
186,214,183,208,188,212,45,38,28
196,218,186,214,188,212,30,18,8
222,255,231,256,230,259,66,50,40
224,251,231,256,222,255,73,58,47
247,260,231,256,237,249,55,18,14
231,256,225,246,237,249,57,40,30
231,256,224,251,225,246,68,53,41
230,259,231,256,240,267,34,3,2
231,256,247,260,240,267,73,20,18
224,251,222,253,217,247,59,46,34
222,253,224,251,222,255,76,62,50
217,247,222,253,214,254,57,45,31
222,253,222,255,214,254,57,45,30
206,268,202,280,203,270,33,28,17
206,268,215,284,202,280,35,28,17
192,255,206,268,203,270,48,39,27
206,268,192,255,209,264,45,37,25
223,269,206,268,209,264,47,36,24
206,268,223,269,215,284,36,23,14
163,83,166,89,165,91,70,26,18
166,89,163,83,167,88,68,26,17
149,95,151,103,137,101,14,9,3
151,103,145,109,137,101,13,8,3
145,109,151,103,154,116,38,13,6
151,103,159,106,154,116,57,20,12
165,91,160,97,150,84,41,14,8
160,97,149,95,150,84,27,10,4
159,106,160,97,167,104,29,12,5
164,107,159,106,167,104,12,7,3
165,108,164,107,167,104,5,3,1
164,107,165,108,159,106,12,7,3
335,94,339,90,339,96,91,41,22
335,94,333,93,333,92,62,29,13
337,89,335,94,333,92,95,45,26
335,94,337,89,339,90,105,46,27
423,125,421,130,417,126,16,15,11
421,130,423,125,426,131,13,11,7
421,130,426,131,423,139,9,8,5
418,141,421,130,423,139,13,11,8
421,130,410,135,417,126,11,11,6
410,135,421,130,418,141,11,10,7
429,123,423,125,426,118,12,11,7
429,123,432,117,435,119,16,16,12
432,117,429,123,426,118,17,16,12
423,125,429,123,426,131,10,8,4
419,88,423,102,408,94,10,11,7
407,83,419,88,408,94,11,12,8
419,88,418,82,420,87,14,14,12
418,82,419,88,407,83,12,11,8
405,97,407,98,403,109,11,12,7
407,98,410,104,403,109,10,10,6
407,98,405,97,408,94,5,6,1
410,104,407,98,408,94,7,8,3
438,129,439,132,435,136,6,6,4
439,132,438,129,439,128,10,10,8
426,131,438,129,435,136,10,10,7
429,123,438,129,426,131,8,8,4
439,128,438,129,435,119,5,7,4
438,129,429,123,435,119,10,11,7
442,99,440,104,432,100,13,12,8
443,105,440,104,442,99,12,11,7
431,115,440,104,444,108,10,10,6
371,133,372,134,368,134,10,10,3
369,131,371,133,368,134,10,10,3
372,134,371,133,374,130,34,24,20
371,133,369,131,374,130,30,21,17
379,159,377,152,383,155,12,10,6
377,152,385,147,383,155,14,12,9
377,152,377,160,374,151,12,11,7
377,152,379,159,377,160,13,12,8
381,144,377,152,374,151,19,17,14
385,147,377,152,381,144,16,14,10
387,145,381,144,388,141,53,33,23
387,145,385,147,381,144,29,23,14
396,147,394,137,408,144,45,20,12
401,153,396,147,408,144,76,28,17
394,137,396,147,388,141,99,40,19
396,147,387,145,388,141,101,42,22
369,75,369,74,374,76,17,16,12
369,74,369,75,365,77,13,12,8
375,82,369,75,374,76,12,11,7
365,77,369,75,375,82,12,11,7
367,69,367,68,380,69,14,13,9
369,74,367,69,380,69,14,13,9
367,69,369,74,362,73,15,13,9
367,69,360,67,367,68,11,9,5
367,69,362,73,360,67,13,11,7
491,62,485,64,484,57,98,27,13
494,58,491,62,484,57,83,25,11
491,62,494,58,496,63,44,14,5
485,64,491,62,485,65,93,25,11
491,62,490,71,485,65,67,21,8
491,62,496,63,490,71,102,29,14
653,199,649,194,652,188,71,35,28
649,194,646,190,652,188,76,40,34
646,190,649,194,646,197,41,23,15
649,194,651,200,646,197,26,13,6
649,194,653,199,651,200,52,24,16
332,930,336,931,335,935,32,14,2
336,931,340,932,335,935,36,13,4
333,926,336,931,332,930,57,18,8
352,922,343,926,350,920,43,17,12
343,926,352,922,354,928,51,18,12
340,932,343,926,354,928,65,19,11
343,926,336,931,333,926,66,19,10
336,931,343,926,340,932,66,19,10
261,862,263,861,265,867,23,13,6
261,862,260,861,263,861,19,10,3
263,869,261,862,265,867,29,16,9
257,868,261,862,263,869,43,19,13
260,861,261,862,257,868,44,19,12
457,924,457,925,453,926,105,107,100
457,925,457,924,459,921,87,88,81
459,921,457,924,459,919,68,70,63
450,914,457,924,453,926,53,52,46
457,924,450,914,459,919,43,42,36
611,818,615,812,617,823,29,12,8
611,818,609,811,615,812,16,8,3
632,795,630,800,626,799,10,6,3
630,800,630,801,626,799,11,6,2
427,883,423,888,425,879,60,58,56
423,888,427,883,433,890,59,59,55
427,883,432,881,433,890,63,63,59
430,878,427,883,425,879,60,59,56
427,883,430,878,432,881,62,62,58
432,881,430,878,439,880,61,63,58
448,868,457,870,446,876,49,50,44
556,952,521,950,533,945,32,33,28
514,953,521,950,556,952,34,35,29
521,950,528,943,533,945,22,23,18
521,950,521,947,528,943,20,21,16
527,844,528,849,522,847,5,5,5
527,844,529,832,535,841,8,8,7
527,844,522,847,516,836,6,6,4
534,858,537,850,539,856,30,12,6
537,850,534,858,528,849,34,17,10
520,833,525,828,529,832,8,8,7
520,833,527,844,516,836,6,7,4
527,844,520,833,529,832,7,7,5
544,874,536,870,548,864,29,16,12
550,875,544,874,548,864,29,15,13
559,868,560,864,567,867,19,7,3
560,864,572,861,567,867,30,10,3
572,861,560,864,561,856,57,18,7
560,864,559,868,548,864,26,10,7
547,858,560,864,548,864,71,20,10
561,856,560,864,547,858,66,19,9
566,872,559,868,567,867,9,6,4
568,877,566,872,567,867,5,4,2
566,872,550,875,559,868,10,8,6
566,872,568,877,550,875,9,7,5
550,875,550,881,549,881,15,9,6
568,877,550,881,550,875,8,7,4
550,881,568,877,572,883,7,7,4
562,901,550,881,572,883,7,8,4
550,881,547,886,549,881,15,8,6
547,886,550,881,562,901,8,8,4
586,916,569,918,562,901,7,7,5
569,918,560,914,562,901,7,8,5
569,918,586,916,574,924,8,9,6
572,926,569,918,574,924,10,10,8
569,918,572,926,559,932,11,11,9
560,914,569,918,559,932,9,9,7
155,904,157,897,160,898,10,8,4
158,905,155,904,160,898,11,9,5
155,904,158,905,153,912,29,24,17
151,912,155,904,153,912,27,22,15
155,904,151,912,146,907,23,19,12
151,901,155,904,146,907,13,10,5
146,907,146,916,142,920,9,7,5
151,912,146,916,146,907,23,19,12
146,916,150,921,142,920,12,11,6
146,916,153,915,150,921,20,16,9
146,916,151,912,153,915,26,21,14
157,897,151,900,145,886,5,5,2
151,900,146,907,145,886,6,6,2
151,900,151,901,146,907,10,8,3
155,904,151,900,157,897,9,8,3
151,900,155,904,151,901,10,8,3
238,567,240,569,239,574,15,5,2
240,569,238,567,243,566,7,6,1
221,510,223,509,224,516,7,7,3
223,518,221,510,224,516,7,8,4
221,510,223,518,207,515,11,9,5
213,501,221,510,207,515,17,16,11
224,505,221,510,213,501,17,17,13
223,509,221,510,224,505,7,7,2
215,454,222,456,209,462,2,2,0
215,454,202,453,220,447,2,3,0
215,454,202,454,202,453,2,3,0
215,454,209,462,202,456,2,3,0
202,454,215,454,202,456,2,3,1
229,451,221,454,220,447,11,1,1
222,456,221,454,229,451,11,1,1
221,454,215,454,220,447,2,2,0
215,454,221,454,222,456,2,3,0
222,456,228,461,227,470,7,0,0
237,459,228,461,229,451,17,1,2
228,461,222,456,229,451,10,0,1
242,441,241,438,241,437,29,0,0
241,438,237,442,241,437,120,51,55
237,442,241,438,242,441,105,43,46
221,443,233,444,229,451,14,1,1
233,444,221,443,232,436,15,1,0
237,442,233,444,232,436,45,4,5
229,451,233,444,238,452,27,3,3
233,444,237,442,238,452,39,6,6
234,400,234,402,221,407,40,5,7
234,400,232,394,234,398,92,17,17
234,400,221,407,232,394,40,5,6
239,399,234,400,234,398,81,19,19
234,402,234,400,239,399,84,23,22
285,596,285,592,289,588,6,6,5
285,592,285,590,289,588,5,5,5
285,592,285,596,284,591,6,6,4
285,590,285,592,284,591,6,6,5
139,458,146,456,137,463,4,3,1
136,462,139,458,137,463,13,3,0
146,456,139,458,133,454,7,4,2
139,458,136,462,133,454,15,5,2
135,476,135,474,143,473,25,6,3
135,474,134,472,143,473,24,5,3
134,472,135,474,135,476,24,3,2
195,479,189,482,187,470,57,30,22
177,492,189,482,189,491,5,3,1
189,482,197,488,189,491,57,28,22
189,482,177,492,176,468,13,5,4
187,470,189,482,176,468,18,7,5
198,468,202,464,209,468,4,4,2
198,468,209,468,210,478,7,7,5
195,479,198,468,210,478,8,7,5
198,468,187,470,195,466,41,27,21
198,468,195,479,187,470,45,25,18
189,491,198,492,198,493,43,20,15
198,492,201,496,198,493,42,30,24
198,492,202,487,201,496,27,21,15
189,482,198,483,197,488,58,30,23
198,483,189,482,195,479,56,28,21
191,446,191,440,192,445,9,9,6
191,440,206,431,192,445,5,5,3
191,440,192,435,206,431,5,6,4
180,451,175,441,183,449,59,27,18
175,441,156,440,173,438,8,3,2
146,456,156,440,152,465,2,2,2
156,440,175,441,180,451,16,7,5
156,440,180,457,152,465,8,4,3
180,457,156,440,180,451,13,5,4
194,431,189,420,206,431,3,3,2
192,435,194,431,206,431,5,6,4
121,494,123,502,121,507,21,2,1
127,496,138,490,140,495,9,2,1
127,496,121,494,120,485,25,4,4
138,490,127,496,120,485,15,3,2
121,508,128,511,120,524,4,2,0
128,511,134,521,120,524,3,2,0
134,521,128,511,148,510,4,2,1
128,511,140,495,148,510,9,3,1
112,423,115,425,112,427,41,6,3
115,425,112,423,112,413,65,27,19
112,423,101,408,112,413,30,13,8
101,408,112,423,112,427,25,11,6
101,408,71,418,98,406,1,1,1
71,418,101,408,112,427,8,4,2
172,537,166,541,170,534,16,4,4
172,537,172,541,166,541,19,4,4
174,536,172,537,170,534,6,2,0
172,541,172,537,174,536,6,0,0
207,740,186,732,190,727,16,3,1
185,734,186,732,207,740,17,3,1
186,732,185,734,177,734,9,1,1
186,732,168,726,190,727,7,2,0
168,726,186,732,177,734,7,2,0
133,745,137,755,126,747,1,1,1
137,755,133,745,154,747,1,1,1
133,745,126,747,115,719,1,1,1
128,704,133,745,115,719,1,1,1
133,745,128,704,167,726,1,1,1
154,747,133,745,167,726,2,1,1
259,720,263,714,260,721,3,3,0
263,714,267,710,276,715,2,4,0
263,714,259,720,257,715,3,4,0
266,727,263,714,276,715,3,3,0
260,721,263,714,266,727,8,5,1
263,714,257,715,256,714,3,4,0
267,710,263,714,256,714,2,3,0
226,764,236,757,239,759,4,4,1
233,754,236,757,226,764,4,4,1
239,759,236,757,244,747,33,26,18
276,681,270,687,267,682,5,4,0
270,687,266,685,267,682,10,5,0
270,687,271,691,266,685,19,6,3
270,687,274,690,271,691,10,4,2
274,690,278,686,279,690,9,2,0
278,681,278,686,276,681,23,4,0
278,686,270,687,276,681,9,4,0
270,687,278,686,274,690,8,3,1
279,690,278,686,287,683,44,14,9
278,686,278,681,287,683,49,18,14
243,705,240,711,236,703,59,37,24
240,711,243,705,249,707,40,23,15
249,707,243,705,238,695,27,14,8
243,705,236,703,236,697,44,25,15
238,695,243,705,236,697,40,22,13
219,687,220,685,222,689,28,19,10
220,685,219,687,218,686,29,19,11
219,687,222,689,216,699,38,28,18
219,687,216,699,209,698,27,18,9
218,686,219,687,209,698,29,19,10
209,681,212,679,213,680,33,26,15
212,679,212,678,213,680,31,24,13
212,678,212,679,209,681,33,26,15
103,377,106,387,103,384,19,3,1
159,780,159,781,157,778,18,3,0
159,781,155,788,157,778,15,2,0
159,781,159,780,168,786,25,6,2
155,788,159,781,168,786,22,4,2
308,824,316,824,305,834,30,6,1
308,824,305,834,286,828,5,3,0
299,777,298,778,296,775,27,17,7
298,778,288,779,296,775,46,35,24
311,780,312,776,327,786,32,10,4
311,780,309,794,298,782,22,16,8
312,776,311,780,299,777,25,15,5
312,752,308,753,313,749,47,11,6
308,753,312,752,313,759,49,11,7
312,752,317,757,313,759,27,11,5
312,752,313,749,319,752,18,6,2
317,757,312,752,319,752,22,8,3
303,747,294,756,292,753,4,3,0
294,756,287,761,292,753,16,8,4
297,760,294,756,306,758,9,3,1
294,756,303,747,306,758,9,3,1
287,761,294,756,292,764,18,10,5
294,756,297,760,292,764,13,8,3
336,727,326,730,330,724,7,5,4
322,737,326,730,338,739,34,13,8
326,730,336,727,338,739,22,10,7
322,723,326,730,314,736,40,13,6
326,730,322,737,314,736,52,14,6
322,737,320,738,314,736,29,6,2
320,738,317,742,314,736,14,5,0
331,747,320,738,322,737,35,11,5
320,738,331,747,317,742,27,9,3
330,756,337,750,340,752,16,5,1
331,747,337,750,330,756,20,5,2
337,750,338,739,340,752,57,19,9
337,750,331,747,338,739,60,20,11
266,771,259,788,256,768,26,5,2
265,770,266,771,256,768,27,8,4
356,845,361,844,359,848,51,46,39
361,844,362,852,359,848,63,58,51
361,844,369,846,362,852,61,53,47
395,870,386,874,391,867,35,36,31
398,872,395,870,398,861,60,58,52
395,870,391,867,398,861,66,64,59
394,884,396,877,402,887,52,53,46
396,877,395,870,398,872,32,34,27
395,870,396,877,386,874,35,36,31
386,874,396,877,385,881,47,48,43
396,877,394,884,385,881,48,48,43
426,804,439,812,427,808,21,7,2
426,804,447,787,447,788,4,4,4
447,787,426,804,423,803,4,4,3
396,784,408,772,405,792,19,9,5
396,784,398,771,408,772,4,3,1
374,825,382,824,377,831,28,12,8
382,835,377,837,377,831,28,16,10
382,832,382,835,377,831,30,17,11
382,824,382,832,377,831,30,15,11
368,814,373,817,370,824,26,8,3
366,813,368,814,370,824,26,9,3
368,814,372,807,373,817,14,7,3
368,814,366,813,372,807,10,6,3
423,888,415,882,425,879,70,51,46
415,882,423,888,415,886,75,52,45
415,882,415,886,402,887,93,60,55
415,882,420,875,425,879,55,39,32
388,858,391,849,398,861,55,41,35
416,802,402,801,413,794,71,28,20
402,801,399,798,405,792,68,20,10
399,798,396,784,405,792,59,20,11
396,784,399,798,390,790,57,20,13
387,700,391,709,388,715,52,14,6
391,709,387,700,391,705,30,9,4
395,685,387,699,384,697,4,4,2
387,699,387,700,384,697,7,7,4
391,705,387,699,395,685,5,4,2
387,700,387,699,391,705,8,3,0
419,692,391,705,401,684,4,5,2
413,680,419,692,401,684,4,4,2
419,692,420,677,425,678,6,6,4
419,692,413,680,420,677,4,5,2
430,679,419,692,425,678,5,5,3
419,692,430,679,440,683,9,5,3
371,702,366,701,373,693,71,23,17
366,701,371,702,369,704,15,4,2
371,702,373,693,384,697,55,25,17
387,700,371,702,384,697,60,26,18
369,704,371,702,388,715,41,13,8
371,702,387,700,388,715,47,16,10
402,539,404,536,411,538,105,106,101
404,536,402,539,402,535,109,110,105
411,538,404,536,413,531,120,120,116
404,536,403,527,413,531,127,127,123
404,536,402,535,403,527,116,117,112
404,549,398,553,404,548,85,80,75
398,553,404,549,409,556,96,91,86
410,554,404,549,404,548,99,95,89
409,556,404,549,410,554,97,92,87
366,655,365,661,363,653,75,15,9
365,661,366,655,382,662,32,10,5
366,655,363,653,372,643,37,8,3
377,644,366,655,372,643,54,11,5
321,687,328,703,317,697,50,11,5
337,690,329,684,339,671,43,9,6
337,690,335,720,328,703,8,6,3
335,720,337,690,363,696,5,3,2
353,660,349,665,349,658,34,8,1
349,665,347,664,349,658,25,8,2
347,664,349,665,339,671,82,24,11
656,663,660,664,660,672,45,18,7
656,663,652,660,653,659,85,29,15
681,671,690,648,689,672,3,4,1
681,671,673,657,690,648,3,4,1
681,671,689,672,688,676,2,3,0
681,671,658,683,660,672,4,3,1
666,647,658,663,653,659,47,16,7
658,663,666,647,660,664,34,12,6
658,663,656,663,653,659,81,28,14
656,663,658,663,660,664,60,26,12
628,768,636,762,634,774,30,14,6
636,762,628,768,628,761,44,18,8
628,768,629,783,618,773,49,15,8
628,768,634,774,629,783,15,9,4
630,756,629,751,632,754,40,22,12
632,754,629,751,628,745,25,17,11
629,758,636,762,628,761,56,21,13
621,750,629,758,628,761,18,12,6
637,760,630,756,632,754,59,22,16
636,762,637,760,648,761,9,4,2
637,760,629,758,630,756,58,21,15
629,758,637,760,636,762,53,20,12
637,760,645,738,648,761,32,10,6
637,760,632,754,645,738,44,16,12
612,789,609,775,618,773,55,17,11
609,775,612,789,606,775,55,18,12
609,775,607,769,618,773,15,9,6
607,769,609,775,606,775,9,10,7
629,783,618,792,618,773,30,11,6
618,792,612,789,618,773,49,15,9
623,797,618,792,629,783,12,7,5
618,792,623,797,616,803,13,5,4
581,770,580,763,601,766,10,10,8
608,753,608,752,612,755,3,3,3
608,752,616,749,612,755,4,4,4
608,752,608,753,599,740,8,9,6
631,737,618,738,618,732,9,9,7
627,712,624,713,622,705,17,9,4
648,723,647,711,651,716,48,20,13
652,706,647,711,644,704,51,24,13
647,711,652,706,651,716,53,22,13
647,711,641,703,644,704,36,18,8
653,724,650,722,651,716,19,5,2
650,722,648,723,651,716,39,16,10
648,723,650,722,653,724,24,9,4
652,706,654,702,662,702,17,7,3
654,702,658,700,662,702,13,5,2
654,702,652,706,644,704,49,19,10
648,691,654,702,644,704,58,22,11
654,702,648,691,652,690,61,22,12
658,700,654,702,652,690,33,10,4
658,700,660,694,662,702,7,4,1
662,702,660,694,688,676,2,3,1
660,694,681,671,688,676,2,3,1
681,671,660,694,658,683,4,3,1
630,741,631,737,645,738,42,19,14
630,741,632,754,628,745,22,17,11
632,754,630,741,645,738,44,18,13
630,741,618,738,631,737,10,10,7
605,735,600,733,609,725,82,27,13
618,732,605,735,609,725,63,17,6
600,733,605,735,599,736,63,16,8
618,738,605,735,618,732,20,6,3
605,735,618,738,607,740,8,5,4
599,736,605,735,599,740,22,6,3
605,735,607,740,599,740,20,5,2
635,682,647,679,648,691,29,13,6
648,691,647,679,652,690,80,25,16
647,679,656,679,652,690,71,22,14
635,533,632,538,631,532,25,16,11
617,541,614,534,631,532,69,35,25
632,538,617,541,631,532,73,35,23
617,541,632,538,629,543,68,32,22
654,557,645,553,657,544,58,23,14
616,583,623,575,625,585,30,31,27
610,564,596,561,604,554,62,64,56
667,564,668,560,672,559,64,27,18
661,561,668,560,667,564,27,17,12
672,559,668,560,672,554,65,28,19
668,560,660,550,672,554,36,22,15
668,560,661,561,660,550,24,18,13
653,569,667,564,658,577,25,15,9
653,569,661,561,667,564,22,13,9
650,573,653,569,658,577,23,14,8
661,561,653,569,654,557,22,14,10
612,627,617,633,611,635,16,16,14
612,627,616,625,617,633,16,16,14
616,625,612,627,615,615,9,11,8
636,613,644,607,645,616,11,11,9
610,593,603,600,603,592,118,64,52
610,593,612,596,603,600,124,61,47
609,582,610,593,603,592,53,53,47
594,636,603,629,609,642,13,14,11
594,636,589,638,591,632,9,10,6
603,629,594,636,591,632,15,15,13
593,625,603,629,591,632,16,16,14
593,625,591,632,587,630,22,22,19
566,596,572,595,565,598,127,41,24
572,595,574,601,565,598,115,39,23
565,591,572,595,566,596,154,78,59
572,595,565,591,572,589,139,78,62
572,595,572,589,577,590,116,47,30
580,599,572,595,577,590,150,44,21
574,601,572,595,580,599,167,43,17
584,605,588,608,579,607,51,35,25
579,607,591,619,575,621,31,20,17
588,608,591,619,579,607,23,21,19
591,619,588,608,592,609,18,18,18
595,604,598,606,592,609,47,32,25
588,608,595,604,592,609,46,30,23
603,600,595,604,594,602,144,74,58
598,606,595,604,603,600,118,64,50
600,607,598,606,603,600,114,68,54
636,592,638,592,632,602,44,22,14
638,592,636,592,634,590,102,29,15
596,538,604,537,604,544,56,53,49
593,535,596,538,593,540,126,100,90
604,537,596,538,599,529,39,37,31
596,546,600,550,595,549,79,77,71
580,572,585,566,583,574,118,50,38
646,628,645,636,642,624,22,12,7
646,628,649,630,645,636,60,21,11
644,619,641,623,640,621,5,4,2
641,623,644,619,642,624,5,4,2
641,623,638,639,626,634,8,8,7
638,639,641,623,642,624,9,9,6
661,615,662,611,666,614,39,16,8
662,611,671,606,666,614,41,18,11
671,606,662,611,664,599,42,18,10
644,607,650,609,647,612,46,22,16
647,600,640,591,648,593,37,20,12
640,591,647,600,638,592,32,20,12
640,591,643,588,648,593,55,27,13
640,591,638,592,634,590,91,31,16
662,594,666,593,664,599,66,18,10
661,596,662,594,664,599,75,23,13
666,593,662,594,666,586,70,27,18
662,594,654,587,666,586,45,20,12
662,594,661,596,654,587,37,19,10
698,445,697,448,692,446,172,170,159
698,444,698,445,692,446,174,172,160
698,445,706,443,697,448,83,81,76
698,445,698,444,706,443,78,75,71
684,422,676,433,673,421,155,156,145
685,418,684,422,673,421,134,132,122
676,433,684,422,689,431,173,173,162
684,422,699,429,689,431,185,182,171
684,422,685,418,699,429,184,182,170
685,418,675,408,680,403,109,104,95
675,408,685,418,673,413,107,100,91
668,404,675,408,673,413,97,3,9
675,390,671,397,668,390,118,1,8
671,397,675,390,681,394,70,2,5
671,397,663,401,668,390,149,1,11
663,401,668,404,652,406,198,17,27
650,402,663,401,652,406,207,35,45
663,401,650,402,650,399,195,31,40
676,433,668,425,673,421,84,71,64
668,425,666,431,650,420,204,31,47
668,434,676,433,669,447,147,147,137
638,370,631,361,642,365,90,66,56
631,361,638,370,626,367,52,44,39
661,450,663,457,647,461,156,36,44
661,450,647,461,646,441,193,46,57
663,457,661,450,665,454,65,55,48
651,440,661,450,646,441,217,53,67
661,450,651,440,661,449,202,21,42
667,452,661,450,661,449,79,66,59
661,450,667,452,665,454,86,76,70
494,633,490,636,484,630,76,27,19
495,629,494,633,484,630,117,54,44
494,633,495,629,495,632,185,121,104
499,643,494,633,495,632,83,38,29
494,633,499,643,490,636,61,25,18
490,620,484,621,486,619,31,23,16
482,624,484,621,484,630,123,65,54
484,621,490,620,484,630,105,64,54
487,665,494,664,495,674,8,8,6
469,676,476,679,470,678,12,13,10
469,676,479,666,476,679,11,11,9
479,666,469,676,466,670,10,10,8
466,670,469,676,463,674,9,10,7
495,646,483,653,486,643,10,11,7
490,636,495,646,486,643,20,14,11
499,643,495,646,490,636,32,14,10
469,656,484,658,471,663,10,11,8
483,653,484,658,469,656,10,11,8
484,658,479,666,471,663,9,9,7
479,666,484,658,484,662,11,11,9
483,653,477,645,486,643,6,7,4
477,645,485,639,486,643,13,14,11
477,645,472,644,485,639,12,13,10
477,645,483,653,469,656,6,7,4
477,645,469,656,467,649,6,6,4
472,644,477,645,467,649,5,6,3
509,628,510,635,495,632,85,64,53
510,635,508,640,495,632,128,86,72
510,635,510,637,508,640,197,169,154
510,635,509,628,518,634,18,18,13
510,720,517,719,511,726,134,41,27
514,730,517,719,525,723,128,33,17
517,719,514,730,511,726,131,33,19
517,719,510,720,509,715,107,57,44
514,730,510,729,511,726,95,15,5
511,726,510,729,502,722,42,14,7
499,714,498,708,509,715,116,94,85
501,716,499,714,509,715,162,114,104
499,714,501,716,493,718,84,32,21
490,700,489,700,487,694,9,11,6
512,692,490,700,487,694,10,10,7
492,709,498,707,498,708,173,149,140
492,709,484,710,489,700,128,97,86
490,700,492,709,489,700,120,100,90
499,714,492,709,498,708,161,118,105
499,602,506,601,499,611,19,19,17
506,601,508,599,512,612,19,19,17
499,611,506,601,512,612,18,18,16
433,574,430,581,426,578,39,9,11
430,581,437,590,421,590,23,1,2
420,586,430,581,421,590,24,1,2
430,581,420,586,426,578,39,6,8
494,577,503,576,501,578,12,8,5
494,577,495,564,503,576,15,2,3
493,582,494,577,501,578,17,14,11
503,576,502,563,505,575,13,3,3
495,564,502,563,503,576,15,2,3
502,563,512,569,505,575,14,4,3
512,569,502,563,508,556,24,2,4
502,559,493,551,501,553,76,9,10
502,559,495,564,493,551,64,7,7
502,559,502,563,495,564,46,3,4
502,559,501,553,508,556,70,5,11
502,563,502,559,508,556,37,3,5
471,548,462,549,470,546,44,15,14
482,547,471,548,477,544,58,10,13
471,548,473,543,477,544,49,14,14
473,543,471,548,470,546,44,18,15
477,608,489,607,486,619,15,13,10
505,593,515,591,508,599,14,15,12
505,593,499,602,495,600,14,15,13
506,601,505,593,508,599,14,14,12
505,593,506,601,499,602,13,13,11
504,586,503,576,505,575,25,24,20
503,576,504,586,501,578,32,30,26
515,576,504,586,505,575,21,21,16
515,591,504,586,515,576,23,23,19
455,625,462,635,452,632,8,8,6
464,626,462,635,455,625,8,8,6
463,638,462,635,467,627,7,7,5
462,635,464,626,467,627,7,7,5
453,639,441,636,452,632,8,9,7
441,636,453,639,450,643,6,7,4
437,655,454,652,438,659,7,7,6
437,655,450,643,454,652,8,9,7
450,643,437,655,441,641,8,8,7
433,653,437,655,438,659,6,6,4
441,641,437,655,433,653,8,7,7
493,606,495,604,495,610,18,20,17
495,604,499,611,495,610,24,25,23
495,604,499,602,499,611,26,26,24
499,602,495,604,495,600,31,32,30
493,592,505,593,495,600,12,12,10
488,598,493,592,495,600,9,9,7
493,592,488,598,487,597,9,8,6
548,638,546,633,552,636,12,12,9
550,640,548,638,552,636,12,13,9
546,633,548,638,541,635,12,13,10
548,638,549,644,541,635,10,11,8
548,638,550,640,549,644,10,11,8
544,653,539,650,549,644,25,22,15
519,648,515,642,518,638,121,79,67
527,645,519,648,518,638,86,58,50
515,642,519,648,514,647,145,84,70
524,649,527,645,531,646,116,88,78
524,649,519,648,527,645,155,94,83
587,630,578,640,571,631,17,17,15
589,638,578,640,587,630,17,18,15
594,656,595,650,600,650,11,11,9
603,653,594,656,600,650,11,11,9
539,713,531,712,534,706,18,10,9
539,713,545,716,537,721,12,11,11
531,712,539,713,537,721,14,14,12
558,725,559,720,563,726,11,11,9
561,730,558,725,563,726,31,27,18
554,729,558,725,561,730,46,40,32
559,720,570,719,563,726,10,11,8
570,719,573,725,563,726,10,11,8
573,725,570,719,571,718,13,13,11
545,716,550,722,547,724,14,14,10
558,725,550,722,559,720,11,12,8
547,724,550,722,549,727,19,20,11
550,722,554,729,549,727,32,27,21
550,722,558,725,554,729,30,26,21
510,641,505,643,508,640,118,55,40
509,650,505,643,510,641,56,20,11
505,643,499,643,508,640,73,23,14
505,643,509,650,499,643,28,12,9
521,678,516,669,524,675,9,10,7
516,669,521,678,520,681,10,11,8
516,669,508,667,516,658,12,12,9
508,667,520,681,504,668,9,10,7
508,667,516,669,520,681,9,10,7
522,655,516,669,516,658,12,12,9
516,669,522,655,535,666,22,14,9
522,655,538,660,535,666,38,19,12
538,660,522,655,531,646,94,52,42
522,655,524,649,531,646,129,72,62
525,688,528,693,519,701,22,13,7
537,673,525,680,524,675,12,9,4
525,680,521,678,524,675,8,9,5
521,678,525,680,520,681,10,11,6
533,569,523,571,526,565,83,48,35
525,574,523,571,533,569,126,63,46
523,571,525,574,519,577,82,36,25
579,509,575,518,573,512,128,58,44
576,508,579,509,573,512,157,71,49
579,509,584,511,585,516,170,123,109
575,518,579,509,585,516,149,92,77
579,509,576,508,578,506,88,60,35
579,509,578,506,584,505,81,73,58
584,511,579,509,584,505,99,83,69
551,475,554,467,556,470,136,51,30
550,520,545,517,551,519,152,75,79
545,517,548,502,551,519,90,21,24
545,517,542,512,548,502,97,30,33
539,523,545,517,543,525,232,153,150
545,517,550,520,543,525,141,71,72
545,517,539,523,536,521,230,152,148
542,512,545,517,536,521,168,102,99
541,504,542,512,529,508,76,7,10
501,513,497,508,506,510,136,137,129
509,529,504,527,511,526,116,30,33
510,503,506,495,516,499,98,95,89
510,503,516,499,516,507,103,103,98
510,503,516,507,512,511,124,126,120
506,510,510,503,512,511,132,133,126
503,494,496,498,497,493,149,151,142
498,489,503,494,497,493,147,150,140
503,494,498,489,507,487,134,136,128
506,495,503,494,507,487,122,123,116
530,488,530,495,520,496,107,7,12
540,489,549,480,556,491,48,8,6
530,495,540,489,537,498,64,7,12
540,489,530,495,530,488,72,7,12
550,608,551,606,563,612,30,29,25
537,600,542,608,536,604,22,23,19
542,608,537,600,546,597,21,21,17
536,622,535,629,533,625,14,14,12
535,629,530,627,533,625,20,21,18
535,629,546,633,541,635,16,16,13
535,629,536,622,546,633,14,15,12
530,627,535,629,525,632,15,16,13
531,646,535,629,541,635,13,12,9
535,629,531,646,525,632,15,13,9
561,593,565,591,566,596,123,44,33
561,593,566,596,565,598,93,27,21
554,586,561,593,556,592,123,53,40
565,591,561,593,554,586,120,54,41
570,563,572,569,566,571,77,81,71
566,571,572,569,568,577,67,70,60
572,569,580,572,568,577,84,80,69
572,569,570,563,576,561,124,128,118
588,557,592,547,595,549,155,112,100
588,557,581,551,592,547,134,89,76
708,442,708,443,706,443,6,5,3
708,443,708,442,719,434,2,3,0
704,430,699,439,699,429,111,109,103
705,427,704,430,699,429,110,108,101
709,435,704,430,705,427,24,24,20
678,363,681,376,668,364,72,1,2
681,376,681,380,667,384,83,1,3
668,364,681,376,667,384,78,1,3
681,376,688,379,681,380,31,11,7
681,376,687,375,688,379,29,8,5
687,375,681,376,688,371,29,3,2
681,376,678,363,688,371,37,2,2
693,351,693,350,699,347,55,51,45
693,352,693,351,699,347,57,53,47
693,356,696,357,692,362,70,64,59
659,367,657,360,662,366,32,8,4
657,360,660,358,662,366,26,8,4
608,403,601,400,611,394,29,21,14
601,400,608,403,600,406,84,35,20
606,391,596,397,600,385,34,34,31
601,400,596,397,606,391,31,27,23
617,431,615,426,622,429,31,34,29
615,426,617,431,614,426,35,39,32
624,408,617,414,618,406,111,42,23
636,410,624,408,634,405,105,58,43
630,416,624,408,636,410,123,47,24
619,419,631,423,622,429,47,35,29
615,426,619,419,622,429,24,26,22
619,419,624,408,630,416,91,36,20
624,408,619,419,617,414,83,34,22
619,419,631,418,631,423,42,29,23
631,418,619,419,630,416,56,25,18
617,414,619,419,614,426,25,22,17
619,419,615,426,614,426,17,19,15
626,469,621,477,619,467,102,59,47
621,477,626,469,629,473,89,46,37
645,479,634,474,645,473,252,155,145
634,474,645,479,633,476,251,155,145
634,474,633,476,629,473,146,85,74
614,465,618,459,619,467,24,21,15
623,460,621,455,629,453,90,55,44
623,460,618,459,621,455,30,23,11
618,459,623,460,619,467,55,39,27
623,460,626,469,619,467,92,57,45
626,469,623,460,629,462,98,49,40
640,440,643,428,646,441,197,126,119
640,440,631,432,643,428,96,54,46
640,440,634,443,631,432,72,35,26
627,436,634,443,628,442,115,70,56
634,443,627,436,631,432,116,71,57
600,272,605,278,600,274,41,31,25
533,300,525,307,529,297,138,91,75
576,298,569,296,576,297,41,36,28
566,300,569,296,576,298,44,41,33
571,308,576,298,577,307,74,66,57
571,308,566,300,576,298,53,51,44
571,308,577,307,578,312,70,62,51
558,318,560,325,553,324,76,77,68
607,316,616,315,607,321,27,27,23
607,316,608,311,616,315,11,12,9
608,311,607,316,597,305,22,22,20
607,316,590,309,597,305,22,23,20
614,325,612,324,619,322,39,40,35
590,350,587,357,585,352,144,63,47
630,305,626,302,630,303,28,25,21
600,296,602,296,604,300,39,39,37
602,296,610,295,604,300,31,30,29
610,295,602,296,610,287,44,32,22
610,295,612,297,604,300,28,27,25
612,297,606,304,604,300,34,32,31
612,297,614,301,606,304,39,37,35
612,297,610,295,613,290,34,32,23
619,283,620,291,613,290,103,36,12
612,297,620,291,621,292,43,37,27
620,291,612,297,613,290,44,36,24
630,275,623,279,618,265,22,22,20
631,273,630,275,618,265,19,19,17
639,270,631,273,638,263,17,15,13
624,286,620,291,619,283,103,34,15
624,286,627,289,621,292,109,33,15
620,291,624,286,621,292,107,34,14
657,276,663,275,657,279,13,13,11
678,309,673,302,682,300,19,5,4
678,309,682,312,677,310,24,2,2
678,309,682,300,682,312,23,3,3
546,393,543,394,538,392,43,45,37
544,402,543,394,546,400,53,56,49
543,394,533,399,538,392,72,73,66
543,394,544,402,533,399,61,62,55
560,388,562,379,563,381,40,43,37
562,379,560,388,551,380,54,58,51
516,453,524,452,526,460,64,3,3
514,457,516,453,526,460,77,4,5
516,453,524,448,524,452,57,3,3
509,449,516,453,514,457,132,7,21
529,425,526,422,528,418,79,16,10
513,420,526,422,517,424,29,18,17
526,422,513,420,528,418,40,22,18
505,433,520,428,521,437,63,2,5
526,422,520,428,517,424,23,16,13
559,443,552,434,560,431,49,48,40
564,435,559,443,560,431,35,36,30
578,372,584,370,587,377,67,34,25
584,370,588,373,587,377,119,38,25
584,370,578,372,577,368,43,32,25
584,364,584,370,577,368,37,26,19
588,373,584,370,589,369,129,42,27
589,367,584,370,584,364,138,53,36
584,370,589,367,589,369,135,49,33
618,368,602,373,611,359,30,31,27
594,376,602,373,600,385,26,25,22
610,386,602,373,616,381,21,21,18
602,373,610,386,600,385,22,23,20
633,343,632,345,623,337,32,33,31
632,345,633,343,634,348,40,41,38
652,339,655,349,650,346,28,27,25
616,315,627,324,619,322,27,28,25
634,318,627,324,616,315,26,28,24
627,324,634,318,641,330,45,38,32
643,300,648,297,653,299,105,34,18
635,303,643,300,641,310,78,56,41
648,297,643,300,640,295,123,37,20
643,300,635,303,640,295,96,48,31
673,302,670,298,673,293,15,14,11
670,298,668,297,673,293,11,10,7
670,298,673,302,671,303,18,17,14
668,297,662,296,666,295,11,12,8
662,296,658,301,657,294,20,21,15
663,290,662,296,657,294,12,12,9
662,296,663,290,666,295,12,12,9
662,296,667,304,658,301,29,29,24
693,350,694,334,698,338,33,23,20
682,345,694,334,693,350,29,7,7
698,338,694,334,699,329,21,9,8
694,334,673,319,682,312,26,6,6
694,334,700,324,699,329,17,5,5
694,334,682,312,700,324,23,6,7
673,319,668,333,667,326,27,6,3
694,334,668,333,673,319,27,6,6
668,333,694,334,682,345,32,5,6
632,307,635,303,641,310,35,26,19
632,307,630,305,635,303,21,18,18
634,318,632,307,641,310,37,27,21
629,359,631,361,625,364,27,28,27
631,361,629,359,631,358,39,39,40
619,360,629,359,625,364,21,24,21
629,359,619,360,620,351,10,10,10
622,380,619,371,626,367,16,17,14
571,336,568,346,566,337,42,47,41
568,346,571,336,576,339,39,44,38
576,339,571,336,578,333,35,40,34
565,331,571,336,566,337,37,41,34
571,336,571,326,578,333,45,48,42
571,326,571,336,565,331,41,45,38
440,390,442,395,438,396,71,18,17
442,395,440,390,447,394,164,77,74
438,396,442,395,441,406,29,2,2
442,395,447,394,441,406,42,6,6
440,390,448,388,447,394,206,107,101
452,391,448,388,451,384,239,77,80
448,388,452,391,447,394,249,122,116
448,388,435,381,451,384,238,87,88
448,388,440,390,435,381,230,96,94
434,387,433,381,435,381,208,100,96
428,383,433,381,434,387,143,58,55
433,381,428,383,422,378,173,68,65
433,381,422,378,439,368,225,40,49
435,381,433,381,439,368,226,30,40
455,365,457,362,464,364,87,17,12
465,371,455,365,464,364,67,11,9
457,362,455,365,453,364,64,5,3
485,347,481,354,478,340,101,85,72
487,341,485,347,478,340,110,87,72
485,347,487,341,489,345,138,138,127
481,354,487,363,476,359,100,102,94
479,369,471,361,476,359,61,64,58
471,361,479,369,468,373,45,46,41
479,369,475,375,468,373,26,23,20
544,411,541,413,538,406,67,68,61
544,411,544,402,548,409,52,52,48
544,402,544,411,538,406,57,59,52
544,411,551,417,541,418,35,37,33
541,413,544,411,541,418,45,47,42
551,417,557,419,550,421,47,33,24
647,464,635,463,647,461,246,154,144
635,463,634,474,629,473,121,71,61
635,463,647,464,645,473,249,151,142
634,474,635,463,645,473,248,162,150
626,469,635,463,629,473,103,55,47
635,463,626,469,629,462,94,49,41
608,475,621,477,608,478,78,47,34
621,477,608,475,609,472,57,42,32
605,468,591,460,602,454,86,34,23
591,460,605,468,591,466,83,31,22
625,479,621,477,629,473,87,46,35
608,478,609,483,604,487,106,36,17
627,509,631,505,632,510,191,133,121
631,505,641,503,632,510,176,101,96
631,505,638,497,641,503,224,132,129
638,497,631,505,633,496,249,163,156
604,498,601,498,599,494,28,26,22
614,507,627,509,622,517,82,30,20
613,515,614,507,622,517,112,41,26
576,242,580,235,592,239,35,34,32
580,235,582,234,592,239,35,36,33
582,234,580,235,580,228,26,26,24
597,243,601,249,592,246,11,11,9
592,239,597,243,592,246,25,25,23
597,243,600,240,605,243,18,18,16
601,249,597,243,605,243,10,11,9
597,243,592,239,596,237,35,35,33
600,240,597,243,596,237,19,20,17
602,258,601,249,604,250,27,31,27
612,254,602,258,604,250,27,31,27
601,249,602,258,595,255,27,29,25
601,260,602,258,615,262,29,31,27
602,258,612,254,615,262,28,30,27
510,253,527,248,519,258,87,89,82
512,242,527,248,510,253,64,67,61
527,248,523,259,519,258,93,96,89
530,256,527,248,528,247,55,56,51
527,248,530,256,523,259,74,76,69
527,248,522,240,528,247,54,57,52
520,237,522,240,517,238,61,64,58
522,240,512,242,517,238,56,59,54
522,240,527,248,512,242,66,69,64
514,222,507,220,513,216,50,55,51
507,224,507,220,514,222,43,47,43
517,234,522,235,520,237,23,26,20
532,233,522,235,528,228,32,33,28
522,235,522,240,520,237,66,69,64
522,240,522,235,532,233,47,49,43
521,221,517,234,514,222,42,44,39
528,228,521,221,529,213,41,42,38
522,235,521,221,528,228,40,40,36
521,221,522,235,517,234,40,41,37
521,221,514,222,513,216,41,44,41
521,221,522,208,529,213,31,33,29
522,208,521,221,513,216,28,31,28
551,226,537,223,552,223,24,25,23
552,223,537,223,537,215,32,32,30
536,225,537,223,547,234,30,30,28
537,215,537,223,529,213,43,44,39
537,223,528,228,529,213,40,40,36
537,223,536,225,528,228,36,37,33
551,227,562,230,547,234,25,25,23
537,223,551,227,547,234,25,26,24
551,227,537,223,551,226,24,24,22
557,226,551,226,552,223,16,17,12
554,217,557,226,552,223,29,30,23
551,227,557,226,562,230,19,17,14
557,226,551,227,551,226,14,15,10
536,255,540,250,542,251,40,43,37
537,246,540,250,536,255,45,47,42
540,250,544,250,542,251,36,37,32
540,250,537,246,544,250,43,44,39
537,246,535,239,540,238,43,44,39
535,239,537,246,528,247,42,43,38
522,240,535,239,528,247,51,53,48
551,252,549,253,544,250,35,36,31
551,252,544,250,553,242,40,41,36
554,243,551,252,553,242,29,32,26
551,252,554,243,567,249,38,35,29
559,259,551,252,567,249,49,50,45
549,253,551,252,549,257,38,40,35
551,252,559,259,549,257,44,47,42
590,253,590,261,586,256,25,26,23
590,261,590,253,595,255,43,43,39
587,264,584,274,583,263,26,21,20
587,264,583,263,586,256,45,46,43
590,261,587,264,586,256,26,26,23
583,294,580,302,576,298,137,80,66
580,302,583,294,588,303,102,63,56
576,298,580,302,577,307,111,65,47
580,302,585,313,577,307,132,74,60
585,313,580,302,588,303,111,61,53
588,288,600,296,588,303,38,37,33
583,294,588,288,588,303,57,32,29
588,288,581,290,584,285,85,44,36
588,288,583,294,581,290,67,29,24
571,271,566,278,558,275,38,32,27
566,278,566,281,558,275,58,50,45
579,283,569,280,579,282,171,41,11
566,278,569,280,566,281,111,56,40
569,280,566,278,571,271,53,29,21
569,280,575,270,579,282,136,51,31
569,280,571,271,575,270,103,39,23
552,266,551,268,547,267,66,69,63
548,272,551,268,558,275,67,71,64
551,268,558,265,558,275,54,58,52
551,268,552,266,558,265,52,55,49
498,358,497,357,496,353,96,94,85
497,357,495,356,496,353,73,70,62
494,352,499,349,496,353,50,48,40
499,349,498,358,496,353,78,75,67
499,349,494,352,492,342,95,92,84
472,316,477,312,474,320,165,166,156
477,312,472,316,473,309,138,140,130
472,319,471,325,464,322,129,131,121
473,328,471,325,473,326,126,127,117
471,325,474,320,473,326,131,132,123
471,325,472,319,474,320,136,137,128
464,322,471,325,469,333,123,124,114
487,338,489,335,491,336,102,85,71
487,341,487,338,492,338,164,157,147
487,338,491,336,492,338,118,105,92
489,335,487,338,487,334,96,72,57
487,338,478,338,487,334,133,84,65
487,338,487,341,478,340,130,84,66
478,338,487,338,478,340,132,84,65
491,336,499,339,492,338,135,119,108
503,332,499,339,491,336,137,108,96
499,339,503,332,505,343,152,106,96
499,339,492,342,492,338,151,139,129
499,339,499,349,492,342,115,109,100
474,334,471,331,473,328,148,149,139
471,331,471,325,473,328,147,148,139
471,325,471,331,469,333,144,146,136
465,334,473,337,466,343,107,103,93
469,333,473,337,465,334,107,106,97
473,337,474,334,476,336,94,87,79
466,343,473,337,478,340,115,90,79
473,337,478,338,478,340,128,89,81
478,338,473,337,476,336,112,88,80
514,283,506,288,506,282,191,193,183
506,288,498,286,506,282,150,152,142
506,288,502,290,498,286,185,188,178
525,307,521,305,529,297,123,86,72
521,305,523,291,529,297,107,87,75
536,317,523,327,534,314,147,148,137
523,327,536,317,537,319,162,164,152
534,333,523,327,537,319,175,178,165
523,327,534,333,526,334,185,188,175
486,310,492,314,490,316,108,67,60
492,314,493,314,490,316,132,78,73
488,305,492,314,486,310,125,81,73
493,314,492,314,488,305,152,106,100
521,354,519,361,512,359,162,155,141
519,361,519,372,512,359,136,100,88
548,353,552,350,553,359,82,84,74
548,353,553,359,542,366,85,86,78
552,350,548,353,551,348,90,92,82
548,353,544,347,551,348,110,111,102
563,335,565,331,566,337,78,80,74
563,335,561,332,565,331,71,72,66
561,332,563,335,556,344,64,66,59
560,325,561,330,556,329,57,59,50
561,330,561,332,556,329,57,58,49
565,331,561,330,560,325,77,78,71
561,332,561,330,565,331,86,87,80
513,388,511,390,505,389,64,64,59
511,390,507,392,505,389,55,56,49
507,392,511,390,514,393,53,54,49
519,398,514,409,508,401,54,52,45
440,759,445,771,423,770,5,5,3
445,771,447,787,423,770,4,4,3
456,687,465,690,456,694,122,70,57
455,686,456,687,447,688,117,58,47
456,687,456,694,447,688,57,19,13
465,690,456,687,461,682,78,54,45
467,691,470,678,479,685,10,10,7
467,691,465,690,470,678,15,13,8
479,689,467,691,479,685,13,12,9
484,749,486,739,489,742,7,7,5
608,676,608,681,603,679,14,14,13
608,676,610,673,608,681,15,12,8
604,664,608,676,603,679,74,27,15
610,673,608,676,604,664,85,28,15
546,727,547,724,549,727,23,23,13
545,730,546,727,549,727,106,86,72
546,727,537,721,547,724,47,40,33
546,727,534,725,537,721,53,44,37
534,725,546,727,545,730,139,106,97
554,729,549,735,549,727,130,87,76
549,735,545,730,549,727,124,78,65
531,735,528,732,531,728,77,28,19
528,732,531,735,525,738,23,9,6
531,728,528,732,525,723,128,76,60
528,732,514,730,525,723,121,39,24
528,732,525,738,517,738,22,10,6
514,730,528,732,517,738,48,14,6
523,790,516,785,530,789,67,44,34
516,785,523,790,518,791,90,50,38
534,805,540,802,533,818,11,10,8
540,802,534,805,537,801,21,10,6
513,808,534,805,513,809,8,9,6
520,820,534,805,533,818,9,9,8
513,809,534,805,520,820,8,9,7
537,775,538,785,530,789,13,12,9
538,785,537,788,530,789,17,13,10
538,785,537,775,544,778,13,13,10
547,779,538,785,544,778,14,14,11
540,802,542,799,552,802,71,25,18
515,824,511,812,520,820,7,7,6
511,812,515,824,509,826,7,7,6
525,828,515,824,520,820,6,6,5
520,833,515,824,525,828,6,7,5
509,826,515,824,516,836,6,7,4
515,824,520,833,516,836,6,7,4
598,839,610,837,602,847,24,8,4
590,822,598,839,594,838,7,6,4
609,832,598,839,590,822,20,9,6
598,839,591,840,594,838,26,7,7
591,840,598,839,602,847,46,12,9
610,835,615,833,615,834,12,5,0
610,835,609,832,615,833,16,5,1
610,837,610,835,615,834,7,5,0
598,839,610,835,610,837,40,12,9
610,835,598,839,609,832,40,12,8
587,827,580,832,579,818,7,7,7
584,855,577,851,582,847,44,14,4
575,843,577,851,571,854,18,8,5
577,851,575,843,582,847,14,7,4
587,860,584,855,589,858,16,4,2
585,863,587,860,604,877,2,2,1
587,860,589,858,604,877,2,2,1
587,848,586,849,582,847,44,16,8
586,849,584,855,582,847,55,17,9
586,849,587,848,590,853,63,19,13
584,855,586,849,590,853,57,15,10
588,840,587,848,584,841,21,10,3
588,840,591,840,587,848,33,12,6
576,729,578,733,574,731,160,131,118
578,733,576,729,581,728,145,114,101
578,733,581,728,590,730,109,66,51
578,735,578,733,590,730,133,74,56
572,738,565,740,561,730,109,70,58
544,766,551,764,545,768,11,11,10
544,766,534,765,536,760,11,11,10
544,766,545,768,536,773,13,13,11
534,765,544,766,536,773,12,13,11
563,793,559,795,562,787,51,43,35
563,793,563,794,559,795,116,91,80
568,792,563,793,562,787,33,30,24
563,794,563,793,568,792,111,97,87
581,770,583,780,579,776,11,12,9
565,804,562,803,570,800,57,21,13
576,815,565,804,570,800,25,14,9
485,696,479,689,487,694,9,9,6
489,700,485,696,487,694,14,16,10
482,703,485,696,489,700,80,74,65
477,705,479,698,482,703,153,111,98
464,890,457,888,468,887,34,15,5
457,888,464,890,458,893,32,15,3
471,898,464,890,468,887,52,18,8
464,890,471,898,465,903,47,16,7
458,893,464,890,465,903,52,19,9
467,851,468,854,463,856,8,7,3
468,854,467,858,463,856,11,9,5
493,843,504,846,501,848,31,16,11
508,837,504,846,493,843,9,8,6
505,857,500,863,501,848,44,15,6
505,857,511,861,500,863,25,11,4
509,908,510,912,505,916,39,23,14
500,916,509,908,505,916,28,20,13
509,908,500,916,504,902,28,17,11
530,897,536,907,532,910,39,18,13
529,913,530,897,532,910,43,19,13
547,886,544,880,549,881,24,14,12
544,880,550,875,549,881,24,15,13
544,880,544,874,550,875,24,15,14
487,875,484,869,487,871,49,17,13
484,869,487,875,477,872,52,19,14
487,875,487,877,477,872,57,18,10
490,898,506,896,504,902,16,9,5
504,889,506,896,490,898,18,7,4
504,889,491,880,506,885,10,3,1
491,880,504,889,490,898,12,5,2
481,894,491,880,490,898,32,9,4
487,877,491,880,477,891,46,13,5
491,880,481,894,477,891,40,11,5
510,871,499,864,500,863,12,13,9
511,861,510,871,500,863,13,13,8
487,898,481,894,490,898,12,5,0
481,894,487,898,483,903,7,4,0
492,905,487,898,490,898,3,5,2
487,898,492,905,483,903,3,4,1
477,895,476,892,477,891,28,9,0
481,894,477,895,477,891,25,10,1
473,899,477,895,475,900,16,5,0
477,895,483,903,475,900,7,4,0
477,895,481,894,483,903,7,4,0
477,895,473,899,471,898,23,8,1
476,892,477,895,471,898,32,11,2
407,860,405,869,398,861,75,72,64
407,857,407,860,398,861,58,47,39
405,869,407,860,413,864,87,63,54
416,854,410,842,424,845,25,8,5
410,842,412,836,424,845,13,8,4
412,836,436,828,424,845,7,6,3
412,836,409,824,436,828,5,4,2
405,841,412,836,410,842,22,13,7
456,793,448,792,447,788,4,4,3
439,812,448,792,458,799,4,4,4
448,792,426,804,447,788,4,4,4
426,804,448,792,439,812,8,5,4
458,783,456,793,447,787,4,4,3
458,783,447,787,450,781,4,4,3
453,780,458,783,450,781,4,5,3
458,783,453,780,457,781,4,5,3
458,783,464,785,456,793,5,6,3
490,764,485,763,493,761,32,13,8
507,754,511,752,505,758,27,15,7
503,757,507,754,505,758,50,20,11
511,752,507,754,503,741,79,17,7
507,754,498,756,503,741,77,14,7
507,754,503,757,498,756,74,19,9
504,787,508,781,511,784,82,46,36
497,779,508,781,504,787,97,57,48
508,781,517,770,511,784,13,10,7
517,770,508,781,505,758,10,8,7
508,781,497,779,505,758,33,16,11
466,783,471,780,469,791,7,6,4
464,785,466,783,469,791,5,5,3
466,783,458,783,457,781,7,8,5
458,783,466,783,464,785,7,7,4
471,780,480,782,480,786,16,7,3
482,776,480,782,471,780,34,7,3
487,771,480,772,480,766,61,45,38
482,776,480,772,487,771,116,61,51
480,772,482,776,471,780,67,28,22
459,795,460,799,458,799,6,6,4
460,799,459,795,469,791,5,7,4
459,795,464,785,469,791,5,6,3
464,785,459,795,456,793,5,6,3
459,800,460,799,465,810,8,8,3
460,799,459,800,458,799,6,6,4
455,820,459,800,465,810,17,7,3
459,800,455,820,446,818,5,4,4
458,799,459,800,446,818,5,5,5
437,843,430,848,424,845,12,8,3
448,837,448,838,443,842,16,3,0
448,838,445,844,443,842,21,3,0
448,838,448,837,463,840,65,10,2
441,852,445,850,449,855,45,17,12
483,813,480,819,475,814,10,6,2
480,819,474,817,475,814,15,6,2
480,819,483,813,487,818,6,5,2
480,820,480,819,487,818,5,4,2
488,824,490,827,478,828,5,4,2
480,820,488,824,478,828,5,4,2
488,824,480,820,487,818,5,5,3
488,824,487,818,491,811,6,7,4
490,827,488,824,491,811,6,7,4
474,817,475,821,472,823,22,7,1
472,823,475,821,478,828,6,5,1
475,821,480,820,478,828,5,4,1
475,821,480,819,480,820,8,4,2
480,819,475,821,474,817,10,4,1
468,835,471,834,473,839,52,17,9
471,834,475,838,473,839,44,14,9
478,828,471,834,470,831,6,5,3
475,838,471,834,478,828,16,6,4
482,419,483,421,475,418,229,109,106
484,411,482,419,475,418,228,63,70
483,421,482,419,487,417,215,35,45
482,419,484,411,487,417,183,14,26
484,411,484,406,494,410,94,5,8
484,406,484,411,482,407,149,10,17
494,410,484,406,493,400,80,5,7
484,406,492,399,493,400,73,5,7
492,399,484,406,484,398,73,5,6
484,406,479,404,484,398,114,7,10
479,404,484,406,482,407,139,11,20
474,396,477,401,467,403,196,20,33
477,401,479,404,467,403,206,26,37
477,401,474,396,484,398,117,8,9
479,404,477,401,484,398,117,8,8
447,409,440,418,441,406,62,5,9
447,409,448,412,440,418,69,6,10
448,412,447,409,451,408,44,2,6
447,394,447,409,441,406,43,6,6
451,408,447,409,447,394,86,31,31
406,400,412,401,409,405,26,16,13
412,401,406,400,404,398,23,3,2
400,406,406,400,409,405,55,51,45
406,400,400,406,404,398,51,46,41
414,402,416,404,409,405,17,7,3
412,401,414,402,409,405,16,6,3
416,404,414,402,419,403,31,5,6
414,402,422,399,419,403,49,6,11
414,402,412,401,422,399,47,6,10
437,435,435,431,441,426,126,125,119
435,431,433,423,441,426,106,105,99
452,428,444,427,453,424,31,8,6
452,428,453,424,459,430,68,11,15
453,434,452,428,459,430,40,9,8
452,428,453,434,445,437,75,70,64
444,427,452,428,445,437,78,74,67
456,456,455,446,461,450,151,152,145
456,456,450,457,455,446,148,150,142
491,499,487,504,484,501,146,149,142
485,506,487,504,489,505,139,142,134
487,504,485,506,484,501,144,147,141
487,504,492,503,489,505,136,140,131
487,504,491,499,492,503,150,153,146
478,490,477,488,479,486,137,137,133
477,488,478,490,476,495,127,128,123
484,501,478,490,489,492,160,162,157
476,495,478,490,484,501,159,161,155
483,515,478,524,474,514,120,121,115
483,515,487,520,478,524,116,117,110
485,506,483,515,474,514,138,142,135
490,525,480,532,478,524,110,110,103
489,541,490,525,496,535,91,61,55
480,532,490,525,489,541,87,78,71
490,481,486,484,485,480,149,150,145
488,485,486,484,490,481,152,153,148
485,480,486,484,479,486,153,154,149
486,484,488,485,489,492,143,143,138
478,490,486,484,489,492,150,151,146
486,484,478,490,479,486,152,153,148
479,459,479,453,483,461,60,45,40
479,453,491,451,483,461,89,27,27
479,444,479,453,477,452,69,9,15
475,468,478,469,479,471,152,153,146
482,464,478,469,475,468,155,157,149
482,471,490,470,486,478,148,148,141
478,469,482,471,479,471,140,141,134
482,471,478,469,482,464,144,146,138
489,464,483,461,494,455,89,23,23
499,467,489,464,494,455,108,17,20
434,465,433,464,435,464,145,146,139
433,464,434,465,432,469,193,195,187
434,465,435,464,437,466,115,116,109
432,469,434,465,437,466,173,174,167
464,448,457,445,466,447,139,138,131
460,433,457,445,454,441,80,78,71
457,445,460,433,466,447,73,59,54
457,445,455,446,454,441,126,129,121
455,446,457,445,461,450,142,143,136
457,445,464,448,461,450,146,146,140
476,453,470,449,477,452,80,68,65
470,458,476,453,479,459,116,112,106
479,453,476,453,477,452,35,14,12
476,453,479,453,479,459,85,81,74
501,473,508,480,500,476,116,20,24
492,472,492,475,490,470,130,129,121
499,467,492,472,490,470,59,20,19
505,433,504,432,515,423,68,3,3
504,432,513,420,515,423,65,4,5
504,432,498,415,513,420,72,4,5
498,415,504,432,494,426,98,4,6
503,440,506,445,497,442,175,27,38
503,440,505,433,506,445,125,5,12
491,451,494,450,494,455,76,6,9
494,450,491,451,494,446,47,5,9
494,450,502,456,494,455,42,5,4
494,450,494,446,506,445,103,12,17
529,485,523,483,533,478,68,7,11
529,485,530,488,520,486,63,5,8
523,483,529,485,520,486,48,5,5
516,476,521,474,516,479,32,1,1
523,483,521,474,523,473,42,2,4
521,474,523,483,516,479,54,4,4
521,474,516,476,516,469,46,2,4
522,468,521,474,516,469,70,5,10
521,474,522,468,523,473,120,13,24
516,476,514,477,516,469,43,3,5
514,477,501,473,516,469,119,12,19
501,473,514,477,508,480,138,16,23
514,477,516,476,516,479,117,15,18
514,477,516,479,512,484,164,10,15
508,480,514,477,512,484,173,17,27
498,415,502,412,510,414,55,9,8
498,414,502,412,498,415,70,5,5
510,414,502,412,504,408,44,19,16
502,412,498,414,494,410,71,5,5
502,412,503,405,504,408,39,13,9
503,405,502,412,494,410,55,7,7
342,485,341,487,341,483,169,165,159
342,485,343,486,341,487,122,119,113
447,501,447,503,439,495,168,169,165
447,500,447,501,439,495,172,173,168
447,503,447,501,452,504,161,162,157
447,501,448,498,452,504,164,165,160
447,501,447,500,448,498,139,139,135
444,476,443,473,451,478,177,177,172
443,473,454,468,451,478,167,167,163
454,468,443,473,441,471,169,169,165
443,473,441,472,441,471,166,167,159
441,472,443,473,444,476,162,163,156
464,475,470,473,468,482,169,170,163
470,473,464,475,467,472,164,166,158
464,475,463,474,467,472,161,162,154
457,481,453,483,451,478,152,153,148
458,477,457,481,451,478,161,162,157
453,483,457,481,457,484,161,162,157
457,481,458,485,457,484,182,183,178
423,487,425,485,428,493,179,179,177
421,489,423,487,428,493,184,184,182
403,495,405,499,391,498,174,173,169
403,495,391,498,394,492,172,171,167
402,493,403,495,394,492,177,176,172
408,497,403,495,402,493,188,188,185
403,495,408,497,405,499,165,165,163
381,506,379,504,381,501,140,139,135
379,504,377,497,381,501,174,173,169
379,504,381,506,378,508,165,163,159
374,505,379,504,378,508,167,165,161
379,504,372,503,377,497,173,171,167
379,504,374,505,372,503,181,179,175
413,615,412,606,424,612,32,7,3
413,616,413,615,424,612,69,12,7
413,615,404,613,412,606,5,2,0
413,615,404,614,404,613,8,2,0
413,615,413,616,410,619,45,10,3
404,614,413,615,410,619,22,7,1
350,547,346,544,355,546,31,23,21
346,544,350,547,346,548,16,8,6
356,549,350,547,355,546,22,12,11
350,547,356,549,355,553,14,5,4
345,550,350,547,355,553,11,3,2
350,547,345,550,346,548,11,2,1
343,528,336,534,333,531,79,76,71
336,534,343,528,347,533,83,81,75
336,534,337,543,335,540,28,20,17
336,534,347,533,337,543,52,47,42
492,270,488,264,495,270,161,162,153
492,270,489,270,488,264,145,146,136
492,270,495,270,492,273,189,191,181
489,270,492,270,492,273,183,184,175
480,266,485,265,479,272,110,110,98
485,265,489,270,479,272,133,133,122
489,270,485,265,488,264,158,159,149
485,265,480,266,479,258,92,93,84
485,256,485,265,479,258,105,106,97
488,264,485,265,485,256,93,95,85
505,219,507,224,499,230,31,35,30
494,224,505,219,499,230,36,39,34
505,219,494,224,502,217,30,32,29
505,219,507,220,507,224,39,44,40
505,219,502,217,513,216,41,46,42
507,220,505,219,513,216,50,55,51
493,207,495,209,487,214,28,29,26
495,209,493,207,493,205,21,21,19
480,212,493,207,487,214,26,27,24
493,207,480,212,493,205,26,26,24
502,217,499,209,508,203,26,26,24
499,209,502,204,508,203,27,28,25
502,204,499,209,493,205,29,30,27
499,209,495,209,493,205,28,28,26
509,165,498,157,511,161,22,23,17
509,165,514,163,509,175,14,14,12
514,163,509,165,511,161,19,20,15
490,172,509,165,509,175,15,16,14
485,162,487,168,472,164,65,39,26
487,168,475,183,472,164,29,25,21
475,183,487,168,490,172,20,20,18
518,187,523,193,522,194,19,20,17
523,193,518,187,527,191,16,16,13
523,193,530,195,522,194,23,24,21
523,193,527,191,530,195,22,22,19
408,331,410,345,408,346,104,3,7
418,336,410,345,408,331,90,3,6
410,345,418,336,422,341,99,4,5
410,345,422,341,422,347,124,4,4
410,345,422,347,421,351,142,5,6
417,356,410,345,421,351,151,4,6
410,345,417,356,408,346,150,2,4
412,317,402,314,410,312,31,32,27
419,315,412,317,410,312,39,40,33
413,326,418,336,408,331,40,6,6
411,325,413,326,408,331,25,6,6
418,336,413,326,425,332,34,23,19
394,319,394,324,391,323,42,3,3
394,319,390,314,396,316,12,7,2
394,319,391,323,386,321,44,2,4
390,314,394,319,386,321,25,4,2
402,314,399,322,396,316,33,29,24
399,322,394,319,396,316,30,18,15
394,319,399,322,394,324,40,13,11
414,277,415,276,422,280,32,33,29
413,278,414,277,422,280,34,35,31
415,266,414,277,403,265,30,30,28
415,276,414,277,415,266,26,26,24
403,265,414,277,400,273,30,30,28
414,277,413,278,400,273,28,28,26
456,283,454,284,449,275,95,97,89
453,288,449,291,449,285,105,106,98
454,284,453,288,449,285,84,85,78
449,291,453,288,458,301,76,78,70
441,302,439,304,433,300,74,75,70
439,304,441,302,446,303,76,77,72
455,311,446,303,456,308,32,33,27
444,318,455,311,454,323,65,66,59
461,313,455,311,456,308,85,86,79
455,311,460,321,454,323,57,58,51
460,321,455,311,461,313,76,77,70
442,326,444,318,454,323,73,74,68
437,250,429,260,429,256,44,45,42
437,250,447,255,429,260,44,45,40
437,250,428,253,428,252,48,49,46
428,253,437,250,429,256,49,49,46
432,241,437,250,428,252,32,32,30
456,259,449,251,456,248,48,47,43
447,255,449,251,456,259,48,48,44
421,263,426,270,415,266,33,34,31
421,263,424,262,426,270,36,37,34
418,261,421,263,415,266,40,40,38
421,263,418,261,421,258,42,42,40
424,262,421,263,421,258,50,51,48
530,388,533,390,528,397,72,73,64
524,389,530,388,528,397,99,81,69
505,374,499,365,502,362,115,114,107
505,374,502,362,512,359,90,60,52
519,372,505,374,512,359,112,75,64
505,374,519,372,519,373,106,76,65
505,374,519,373,507,380,115,83,71
505,377,505,374,507,380,109,110,102
504,375,505,374,505,377,78,75,70
499,308,503,297,509,306,117,117,106
499,308,496,303,503,297,71,71,61
501,311,499,308,509,306,154,140,125
493,314,499,308,501,311,166,153,140
496,303,499,308,493,314,141,130,118
499,294,496,299,495,292,139,143,133
496,299,499,294,503,297,117,121,110
503,297,499,294,502,290,157,161,151
499,294,496,290,502,290,184,188,178
496,290,499,294,495,292,180,185,174
460,277,465,279,459,279,88,89,83
469,279,465,279,468,278,71,74,62
465,287,465,279,469,279,69,70,62
455,274,460,277,459,279,66,68,60
455,274,456,283,449,275,99,100,93
456,283,455,274,459,279,72,73,66
467,268,462,270,467,266,95,78,69
462,270,459,267,467,266,94,83,73
462,270,467,268,468,278,87,80,71
459,257,457,263,456,259,64,60,56
468,262,457,263,459,257,105,66,56
459,267,457,263,468,262,89,67,55
464,158,474,155,472,164,58,23,11
470,153,474,155,464,158,15,10,5
474,155,476,156,472,164,92,33,20
476,156,474,155,476,151,14,6,4
474,155,470,153,476,151,14,12,11
262,187,269,193,253,192,117,83,61
269,193,262,187,265,185,141,89,66
262,187,257,184,265,185,119,88,65
286,208,287,206,291,212,66,52,33
287,206,286,208,285,205,36,21,8
286,208,285,211,285,205,39,24,6
285,211,291,212,286,219,85,71,51
285,211,286,208,291,212,64,50,29
269,193,270,206,267,209,101,78,54
267,209,270,206,271,216,146,117,90
270,206,285,211,271,216,112,92,67
270,206,276,200,285,205,136,116,81
285,211,270,206,285,205,127,104,76
247,189,253,187,253,192,95,83,60
253,187,247,189,247,180,97,83,63
257,184,253,187,247,180,90,76,56
263,166,256,173,255,162,68,56,41
263,166,267,159,268,163,69,55,38
255,161,263,166,255,162,55,43,31
263,166,255,161,267,159,60,47,34
257,184,263,177,265,185,93,67,48
256,173,263,177,257,184,93,76,57
263,166,263,177,256,173,81,68,51
269,193,275,183,272,194,92,66,44
275,183,269,193,265,185,115,76,53
317,175,317,177,311,171,65,54,42
317,174,317,175,311,171,66,54,42
317,175,326,178,317,177,31,26,15
317,175,317,174,326,178,34,29,18
327,163,327,166,320,162,54,44,34
321,155,327,163,320,162,48,38,28
327,163,331,164,330,165,50,41,30
327,166,327,163,330,165,49,40,30
331,164,327,163,329,153,51,44,34
327,163,321,155,329,153,52,43,33
315,194,308,199,313,192,59,50,37
315,194,318,196,308,199,44,36,24
315,189,315,194,313,192,57,49,36
318,196,315,194,315,189,39,34,23
324,203,333,207,324,214,25,23,15
333,207,334,221,324,214,25,22,14
334,221,333,207,336,220,25,22,14
340,210,333,207,335,206,22,20,13
333,207,340,217,336,220,28,25,18
340,217,333,207,340,210,28,24,18
319,209,324,214,319,215,34,29,21
319,209,324,203,324,214,38,34,25
324,203,319,209,318,196,34,30,20
318,196,319,209,308,199,39,33,21
334,201,334,191,354,191,25,22,16
336,204,334,201,354,191,24,21,15
334,201,336,204,335,206,18,16,10
333,207,334,201,335,206,14,13,7
318,196,325,193,324,197,25,22,12
324,190,325,193,318,196,23,19,9
344,179,332,181,331,176,32,27,20
332,181,344,179,337,186,28,22,15
332,181,337,186,332,185,30,23,16
332,181,326,178,331,176,42,38,29
326,178,332,181,332,185,36,31,23
411,169,417,177,414,179,100,36,19
417,177,411,169,420,171,112,38,17
422,173,417,177,420,171,122,37,14
389,157,386,163,383,155,19,17,13
386,163,389,157,396,162,20,17,14
396,162,389,157,401,153,44,27,18
422,219,418,210,422,212,47,32,24
414,220,418,210,422,219,78,51,40
418,198,416,200,412,193,25,16,12
448,240,434,233,443,226,35,29,26
436,240,434,233,448,240,29,28,26
434,233,436,240,432,241,31,31,29
418,210,410,214,414,207,121,53,38
410,214,418,210,414,220,120,66,52
419,239,421,242,419,243,39,39,36
421,242,419,239,422,237,40,40,37
421,242,422,237,432,241,32,33,30
421,242,432,241,428,252,29,30,27
421,242,420,252,419,243,30,30,27
420,252,421,242,428,252,28,28,26
422,237,419,238,417,235,33,33,31
419,238,419,239,417,235,35,35,33
419,239,419,238,422,237,37,38,35
408,230,419,222,417,235,44,34,28
414,220,419,222,409,223,78,54,45
419,222,408,230,409,223,53,38,32
419,222,422,219,426,224,26,27,22
419,222,414,220,422,219,38,34,28
410,236,405,244,401,235,57,47,40
419,239,410,236,417,235,33,32,28
410,236,419,239,416,246,36,34,30
410,236,416,246,411,248,34,32,28
405,244,410,236,411,248,41,38,33
369,239,371,246,366,243,24,25,20
366,243,371,246,369,251,15,15,10
376,245,371,246,371,238,35,37,32
371,246,369,239,371,238,39,40,35
374,271,371,276,364,266,42,26,21
371,276,365,282,364,266,40,26,20
371,276,371,280,365,282,58,32,20
435,181,440,184,439,185,134,50,29
440,184,435,181,437,176,90,32,19
440,184,437,176,449,180,116,54,38
443,191,440,184,449,180,79,46,39
440,184,443,191,441,190,80,48,48
439,185,440,184,441,190,104,64,59
405,156,406,164,400,165,92,40,25
411,169,406,164,413,161,110,40,17
406,164,411,169,400,165,67,33,19
406,164,412,158,413,161,107,36,13
406,164,405,156,412,158,105,36,13
400,286,397,284,401,285,12,12,10
400,286,398,287,397,284,12,12,10
404,295,400,286,401,285,20,20,18
398,287,400,286,404,295,23,23,21
384,269,390,274,383,272,23,21,11
390,274,384,269,389,264,35,27,17
374,271,384,269,383,272,108,47,30
385,281,370,283,371,280,66,35,21
387,289,388,297,376,294,22,22,18
388,297,387,289,389,291,13,15,10
389,291,387,289,389,288,18,21,15
389,302,395,308,390,313,25,26,24
383,307,389,302,390,313,26,25,23
384,302,389,302,383,307,31,31,28
401,296,389,302,389,298,28,30,26
322,289,320,287,325,284,40,5,3
323,290,322,289,325,284,40,6,4
320,287,322,289,319,292,57,1,0
322,289,323,290,319,292,59,1,1
320,287,318,286,321,281,34,4,3
318,286,317,285,321,281,32,4,3
318,286,320,287,319,292,60,0,1
317,285,318,286,319,292,62,1,1
303,282,317,285,300,288,76,3,1
317,285,303,282,307,278,50,4,2
303,282,302,278,307,278,65,5,1
294,281,303,282,300,288,120,1,0
302,278,303,282,294,281,101,1,4
306,261,305,270,301,269,19,17,11
309,263,305,270,306,261,18,16,10
305,270,309,263,310,268,19,18,12
305,270,302,275,301,269,28,23,18
307,278,305,270,310,268,30,23,18
302,275,305,270,307,278,38,23,19
324,276,319,274,327,271,12,12,6
319,274,324,276,321,281,24,21,15
333,279,324,276,327,271,28,28,21
324,276,333,279,325,284,26,26,19
321,281,324,276,325,284,34,28,23
317,264,313,266,313,265,46,43,37
313,266,317,264,318,272,38,35,29
313,265,313,266,310,268,36,33,28
313,266,318,272,310,268,35,32,26
293,259,288,260,292,257,30,26,20
293,259,290,262,288,260,30,25,20
293,259,292,257,299,258,36,31,26
301,269,293,259,299,258,25,22,16
290,262,293,259,301,269,25,21,15
524,90,524,79,526,80,11,10,8
526,80,524,79,523,69,10,11,9
524,79,522,78,523,69,10,12,9
522,78,524,79,520,91,11,10,8
524,79,524,90,520,91,11,10,8
555,121,555,128,551,118,14,14,11
555,128,566,135,553,133,33,18,10
553,133,566,135,559,140,98,30,12
567,132,566,135,566,129,34,25,18
566,135,555,128,566,129,31,17,9
566,135,567,142,559,140,107,34,15
566,135,576,138,567,142,88,28,13
582,92,576,96,572,88,6,6,4
576,96,582,92,582,100,5,5,3
572,88,576,96,563,105,7,8,5
581,101,582,100,590,111,7,8,5
584,114,581,101,590,111,7,8,5
581,101,584,114,575,115,7,8,5
581,101,576,96,582,100,5,6,3
563,105,581,101,575,115,8,9,6
576,96,581,101,563,105,7,8,5
568,61,569,66,558,59,28,17,10
569,66,564,81,558,59,15,11,7
578,62,569,66,568,61,43,17,15
578,72,585,79,577,84,41,23,16
578,72,569,66,578,62,44,20,16
564,81,578,72,577,84,11,9,6
569,66,578,72,564,81,21,13,9
578,72,583,65,583,70,54,29,21
583,65,578,72,578,62,41,22,15
604,107,598,105,597,97,43,16,9
598,105,582,100,597,97,11,8,4
582,100,598,105,590,111,8,8,5
598,105,601,116,590,111,7,8,5
598,105,604,107,601,116,17,10,4
626,146,617,152,621,142,38,15,7
626,146,623,154,617,152,31,11,4
627,143,626,146,621,142,64,23,15
623,154,626,146,629,150,63,23,14
626,146,634,144,629,150,39,17,11
634,144,626,146,627,143,32,13,8
607,113,607,112,611,110,60,23,15
607,112,606,111,611,110,59,24,15
606,111,607,112,607,113,51,26,23
571,123,569,120,575,115,10,10,8
578,118,571,123,575,115,11,11,9
571,123,578,118,587,126,9,9,7
582,134,571,123,587,126,9,9,6
545,144,538,148,540,140,130,33,12
538,148,545,144,547,147,115,31,13
545,144,549,145,547,147,31,13,4
553,133,545,144,540,140,111,34,16
549,145,545,144,553,133,90,31,15
538,148,539,151,535,149,45,22,12
539,151,539,157,531,155,21,19,13
539,151,538,148,547,147,126,35,16
539,151,547,147,544,160,122,33,16
539,157,539,151,544,160,101,28,15
609,173,607,170,616,171,17,18,16
607,170,608,166,616,171,9,10,8
607,170,601,174,602,167,20,20,18
607,165,607,170,602,167,15,15,13
608,166,607,170,607,165,7,8,6
601,174,607,170,604,176,22,23,20
607,170,609,173,604,176,25,25,23
572,240,566,244,566,241,144,56,35
566,244,566,245,561,240,47,36,28
566,241,566,244,561,240,48,37,29
566,245,566,244,571,247,145,69,49
566,244,572,240,571,247,145,60,39
557,205,552,211,550,210,29,24,18
560,213,552,211,557,205,53,31,20
552,211,554,217,550,210,34,34,32
552,211,560,213,554,217,40,34,24
572,224,573,229,562,230,105,41,27
572,224,576,222,573,229,20,12,7
576,222,572,224,576,219,19,15,11
569,216,561,214,567,207,115,35,17
576,212,569,216,567,207,37,25,20
644,212,651,217,641,215,44,18,10
642,213,644,212,641,215,89,37,19
644,212,652,210,651,217,19,10,5
644,212,642,213,643,209,75,30,15
652,210,644,212,643,209,24,14,7
652,210,657,214,651,217,13,13,9
663,225,657,214,664,218,30,22,16
651,217,657,214,663,225,21,19,14
657,214,667,213,664,218,51,33,26
667,213,657,214,662,203,59,36,31
657,214,652,210,662,203,46,30,24
500,115,500,114,505,117,15,16,12
500,114,506,108,505,117,12,13,8
506,108,500,114,502,104,11,12,8
500,114,498,103,502,104,15,16,11
498,103,500,114,497,103,17,18,14
497,103,500,114,491,107,12,12,8
500,114,497,118,491,107,11,11,7
500,114,500,115,497,118,20,21,16
542,180,542,173,549,175,40,25,18
545,181,542,180,549,175,36,23,17
542,173,542,180,538,182,18,19,14
542,180,538,183,538,182,11,12,7
542,180,545,181,538,183,12,13,8
336,490,337,488,338,493,153,150,144
336,490,332,489,337,488,169,165,159
294,504,299,505,297,506,63,43,43
294,504,297,506,282,521,15,5,4
290,501,294,504,282,521,14,4,3
281,492,287,494,284,495,40,24,23
287,494,281,492,286,485,75,52,51
287,494,290,501,284,495,34,22,20
290,430,288,423,293,424,143,137,130
288,423,290,430,283,429,138,132,125
290,430,285,434,283,429,133,127,120
297,428,290,430,293,424,152,147,139
295,437,290,430,297,428,151,145,138
285,434,290,430,295,437,144,139,131
276,435,282,431,282,433,105,99,92
282,431,285,434,282,433,124,118,111
285,434,282,431,283,429,121,115,108
283,429,282,431,276,420,111,106,99
282,431,276,435,276,420,110,104,97
297,465,296,467,293,462,120,116,109
296,467,297,465,298,466,118,115,107
297,465,293,462,300,454,130,125,117
298,466,297,465,300,454,137,132,124
268,421,267,426,264,422,50,44,36
267,426,263,425,264,422,45,37,29
269,432,267,426,276,420,83,77,70
267,426,268,421,276,420,87,82,75
262,427,267,426,269,432,65,53,44
263,425,267,426,262,427,59,46,37
270,458,270,451,276,460,66,56,48
270,451,270,458,266,455,101,83,79
283,456,270,451,282,448,80,73,65
270,451,283,456,276,460,78,70,63
270,451,266,455,254,443,45,30,27
271,445,270,451,254,443,47,33,30
276,435,273,444,269,439,77,72,62
273,444,271,445,269,439,65,59,48
273,444,276,435,284,442,99,93,84
273,444,284,442,282,448,97,91,81
270,451,273,444,282,448,84,77,68
273,444,270,451,271,445,63,55,45
315,322,315,327,314,328,89,2,6
315,322,314,315,323,318,109,1,2
315,327,315,322,323,318,105,2,3
315,334,303,326,314,328,21,1,1
303,326,315,322,314,328,66,2,3
303,326,299,317,314,315,116,3,5
315,322,303,326,314,315,121,3,4
299,362,312,364,310,369,57,52,45
312,368,312,364,313,363,47,41,37
312,364,312,368,310,369,54,48,43
307,354,299,362,295,354,24,14,9
294,378,293,366,295,378,87,82,72
293,366,299,362,295,378,82,77,67
262,397,268,394,269,395,71,59,52
268,394,268,393,269,395,98,90,82
268,393,268,394,262,397,67,54,48
346,452,342,441,351,446,179,176,170
342,441,346,452,338,442,172,168,163
342,441,338,442,339,438,164,160,154
348,435,342,441,339,438,166,162,157
342,441,348,435,351,446,167,164,158
351,429,349,431,343,426,165,162,156
343,426,349,431,340,428,163,159,154
349,431,348,435,340,428,178,175,169
349,431,352,436,348,435,171,168,162
352,436,359,433,359,439,169,165,160
363,438,359,433,364,437,181,177,172
359,439,359,433,363,438,185,182,176
364,437,359,433,371,427,170,167,161
328,457,317,459,325,449,166,163,157
317,459,316,458,325,449,166,162,157
317,459,328,457,327,461,175,172,166
316,458,317,459,316,460,129,128,121
317,459,327,461,326,467,169,167,161
315,464,317,459,326,467,162,159,153
316,460,317,459,315,464,142,140,134
261,510,260,507,266,504,108,46,48
262,511,261,510,266,504,113,48,51
261,510,260,508,260,507,36,2,1
261,510,262,511,258,516,18,0,1
260,508,261,510,258,516,18,1,1
262,520,264,522,255,539,3,2,1
261,519,262,520,255,539,3,3,1
264,522,262,520,267,514,22,1,1
262,520,261,519,267,514,23,1,1
264,512,260,518,259,517,16,1,2
261,519,260,518,264,512,16,1,2
260,518,255,539,259,517,3,2,1
260,518,261,519,255,539,3,2,1
270,81,273,82,268,84,13,11,6
268,78,270,81,268,84,13,12,7
270,81,268,78,273,82,16,14,9
281,92,283,97,279,95,12,11,4
280,89,281,92,279,95,14,13,6
281,92,289,83,283,97,15,14,8
281,92,280,89,289,83,14,13,7
271,90,276,87,271,91,20,17,11
276,87,271,90,268,86,16,13,7
271,90,271,91,267,88,12,11,3
268,86,271,90,267,88,11,10,3
192,105,177,109,193,102,14,14,7
194,110,192,105,193,102,15,14,9
195,118,200,113,201,117,14,12,6
195,118,194,110,200,113,13,11,5
198,129,195,118,201,117,14,13,6
284,135,279,143,274,140,76,40,22
273,136,284,135,274,140,64,34,19
284,135,280,120,288,118,63,26,15
295,131,284,135,288,118,71,32,20
284,135,273,136,272,134,53,29,16
280,120,284,135,274,123,34,21,12
284,135,272,134,274,123,35,22,13
300,148,305,139,308,150,33,28,19
300,148,294,147,305,139,35,30,21
302,155,300,148,308,150,38,32,19
294,147,292,145,305,139,34,29,21
292,145,295,131,305,139,29,24,16
454,323,460,324,457,330,68,70,62
460,321,460,324,454,323,54,55,48
460,324,460,321,464,322,141,142,134
460,324,465,334,457,330,96,97,90
460,324,464,322,465,334,115,116,108
464,346,459,339,466,343,108,109,102
448,356,446,355,446,351,25,11,8
458,350,448,356,446,351,23,21,16
448,356,458,350,457,362,33,19,13
448,356,457,362,453,364,50,11,8
448,356,453,364,439,368,99,5,8
438,359,448,356,439,368,115,3,8
446,355,448,356,438,359,82,4,8
457,362,465,358,464,364,94,26,12
365,282,358,295,353,290,33,20,15
358,295,365,282,372,295,68,28,16
361,301,358,295,372,295,68,27,15
347,213,340,217,341,211,30,27,21
347,213,345,219,340,217,29,25,20
345,219,347,213,351,218,23,19,15
350,207,347,213,341,211,27,24,18
347,213,354,214,351,218,22,19,15
354,214,347,213,350,207,27,24,19
360,196,362,190,367,195,22,20,15
367,198,360,196,367,195,24,23,17
361,200,360,196,367,198,22,21,15
362,190,360,196,356,192,18,16,12
360,196,350,207,356,192,22,20,16
360,196,361,200,350,207,24,22,18
361,189,362,190,356,192,12,10,6
358,186,361,189,356,192,14,12,8
361,189,361,187,362,190,7,6,1
361,187,361,189,358,186,15,13,8
391,227,387,223,393,221,22,23,20
407,225,391,227,393,221,66,34,24
391,227,407,225,401,235,94,49,36
387,223,385,229,381,224,17,18,13
385,229,384,233,374,228,26,28,23
375,226,385,229,374,228,18,19,14
385,229,375,226,381,224,18,19,14
391,227,385,229,387,223,14,14,10
385,250,394,241,392,254,101,42,28
391,240,394,241,385,250,92,36,24
394,241,405,244,392,254,73,50,41
405,244,394,241,401,235,108,65,50
394,241,391,240,401,235,113,54,37
291,149,292,145,294,147,39,33,25
353,263,354,261,358,259,25,24,20
354,261,357,258,358,259,24,22,18
354,261,353,263,350,262,33,32,28
347,257,354,261,350,262,33,32,27
357,258,354,261,347,257,31,30,25
241,171,250,174,240,173,62,51,36
250,174,241,171,252,172,57,46,31
241,171,240,173,237,163,42,35,22
239,160,241,171,237,163,35,28,17
252,172,241,171,255,162,58,48,35
241,171,239,160,255,162,53,44,32
240,127,240,128,237,130,20,17,11
240,128,241,130,237,130,25,22,15
240,128,240,127,242,129,44,42,34
241,130,240,128,242,129,40,37,29
223,124,222,126,214,116,15,13,7
222,126,223,124,223,125,19,18,11
231,119,223,124,214,116,14,12,7
223,125,223,124,231,119,14,12,8
296,204,294,202,303,198,95,76,54
294,202,298,193,303,198,96,78,58
286,202,287,206,285,205,47,33,16
276,200,286,202,285,205,115,95,63
286,198,286,202,276,200,124,104,71
244,203,242,197,248,196,94,77,56
244,203,243,204,242,197,98,82,62
254,214,244,203,248,196,114,94,68
249,216,244,203,254,214,114,93,67
243,204,244,203,249,216,115,95,71
214,237,213,236,212,233,47,26,15
213,236,205,234,212,233,43,25,15
213,236,214,237,214,239,57,43,29
205,234,213,236,214,239,45,31,20
203,222,206,230,197,231,74,29,14
206,230,205,234,197,231,35,21,9
207,223,206,230,203,222,88,39,23
206,230,207,223,211,224,96,44,27
201,221,203,221,203,222,63,29,12
207,223,203,221,208,217,51,31,16
203,221,207,223,203,222,64,27,11
203,221,208,213,208,217,50,40,27
208,213,203,221,201,221,49,38,25
169,190,165,193,164,182,63,53,38
165,193,169,190,170,191,59,48,32
169,190,164,182,176,179,47,40,28
177,189,169,190,176,179,34,28,17
170,191,169,190,177,189,46,38,25
148,126,148,122,152,124,74,30,19
148,126,152,124,151,130,72,30,20
150,130,148,126,151,130,79,33,22
148,126,150,130,144,135,65,26,16
129,131,148,126,144,135,22,10,5
127,125,148,126,129,131,18,8,4
148,122,148,126,127,125,15,7,2
183,136,173,147,170,134,17,15,8
173,147,183,136,184,139,16,15,8
157,139,163,139,166,149,16,14,8
149,142,157,139,148,149,21,11,4
157,139,166,149,148,149,19,13,6
163,139,157,139,151,130,14,9,4
147,138,157,139,149,142,31,18,10
157,139,147,138,151,130,36,18,9
176,330,187,327,184,338,10,8,4
181,342,176,330,184,338,12,10,6
176,330,181,342,167,336,14,12,7
165,330,176,330,167,336,20,19,13
176,329,176,330,165,330,20,19,13
187,327,178,326,187,325,11,10,4
172,323,178,326,176,329,18,17,10
178,326,176,330,176,329,11,10,3
176,330,178,326,187,327,10,8,3
178,326,172,323,180,314,17,15,9
155,310,153,304,161,308,9,9,4
160,311,155,310,161,308,15,15,10
154,312,155,310,160,311,17,16,12
156,299,165,303,161,308,13,12,5
160,294,165,303,156,299,12,9,3
179,250,180,256,174,251,85,73,56
180,256,174,260,174,251,74,62,46
180,256,179,250,186,258,89,75,57
172,266,173,261,173,267,32,27,14
173,261,174,260,173,267,30,25,12
174,260,173,261,168,259,29,25,12
117,336,118,338,107,340,7,4,1
115,332,117,336,107,340,6,5,1
118,338,117,336,129,333,40,35,28
117,336,128,328,129,333,34,30,23
128,328,117,336,115,332,32,28,22
105,324,113,329,107,340,5,4,1
113,329,115,332,107,340,5,4,1
113,329,105,324,116,327,12,9,6
115,332,113,329,116,327,14,12,8
104,355,109,345,110,346,17,4,3
98,358,104,355,103,359,9,3,2
109,345,104,355,105,342,15,4,3
105,342,104,355,91,356,9,3,2
104,355,98,358,91,356,12,4,3
113,348,112,347,118,338,10,4,2
115,354,104,355,113,348,19,4,4
262,362,262,364,255,360,42,0,1
262,364,262,367,255,360,42,0,1
270,356,267,360,262,362,50,20,18
267,360,270,356,272,365,34,27,18
274,325,278,327,272,348,28,1,0
222,345,221,347,218,344,54,2,4
219,340,222,345,218,344,57,2,2
228,323,240,331,226,326,47,1,1
240,331,228,323,245,318,55,2,4
228,323,221,316,233,304,75,5,6
240,335,255,338,240,354,56,2,4
240,335,240,331,255,338,69,2,6
231,355,240,335,240,354,50,4,5
222,345,240,335,231,355,45,3,3
240,331,240,335,226,326,46,1,1
205,343,206,351,193,353,6,2,0
205,343,193,353,188,341,6,3,1
202,334,205,343,188,341,8,5,2
206,351,205,343,218,344,23,1,1
205,343,219,340,218,344,25,1,2
255,360,240,358,240,354,39,1,1
240,359,240,358,255,360,37,1,1
240,358,231,355,240,354,45,4,5
240,358,240,359,231,355,45,4,5
237,371,237,374,235,375,80,14,17
237,371,235,375,213,368,34,3,2
237,374,237,371,242,373,36,2,1
237,371,238,369,242,373,39,2,1
231,355,237,371,213,368,34,2,2
238,369,237,371,231,355,48,4,6
216,187,213,185,216,186,28,23,13
216,187,216,186,229,182,44,37,25
217,193,216,187,229,182,50,42,30
216,187,208,196,213,185,27,21,11
216,187,217,193,208,196,29,23,13
207,205,196,207,202,198,27,24,13
196,207,195,197,202,198,29,26,15
195,197,196,207,190,200,35,29,19
196,207,189,209,190,200,39,33,23
196,207,208,213,196,218,40,35,23
208,213,196,207,207,205,35,31,20
183,208,189,210,188,212,47,40,30
189,209,189,210,183,208,51,45,34
196,207,189,210,189,209,40,35,26
189,210,196,218,188,212,29,20,10
189,210,196,207,196,218,31,23,14
236,238,237,235,241,237,90,56,30
237,235,241,234,241,237,74,43,21
232,231,237,235,236,238,98,59,39
239,228,237,235,232,231,73,47,29
241,234,237,235,239,228,58,36,19
112,293,109,298,106,290,12,11,6
112,293,114,295,109,298,9,8,4
106,289,112,293,106,290,9,8,3
112,293,106,289,105,283,8,7,3
120,276,112,293,105,283,5,5,1
112,293,120,276,125,278,4,4,1
114,295,112,293,125,278,4,4,1
124,302,135,297,138,302,13,6,2
137,309,124,302,138,302,9,4,1
124,302,121,300,132,289,5,4,1
135,297,124,302,132,289,9,5,1
124,302,137,309,121,316,5,3,1
119,302,124,302,121,316,3,4,0
124,302,119,302,121,300,4,3,1
114,308,118,321,104,319,20,16,11
118,321,105,324,104,319,21,16,12
118,321,114,308,121,316,16,14,8
119,321,118,321,121,316,16,14,6
105,324,118,321,116,327,19,14,11
118,321,119,321,116,327,32,26,21
127,323,128,328,126,322,8,5,2
127,323,138,315,140,320,8,2,3
127,323,126,322,138,315,5,2,4
140,326,127,323,140,320,5,2,2
128,328,127,323,140,326,5,1,1
143,317,146,307,146,318,86,52,43
130,331,139,335,129,333,7,4,2
140,326,139,335,130,331,6,2,2
139,335,140,326,145,328,36,8,5
150,334,149,336,145,328,80,46,35
149,336,139,335,145,328,52,24,18
139,335,149,336,144,339,45,21,16
149,336,150,334,158,337,31,22,15
92,230,88,227,94,229,33,8,2
92,230,87,238,88,227,41,13,7
124,226,115,223,124,219,47,14,5
115,223,115,219,124,219,48,12,4
108,220,104,216,112,207,10,6,2
115,219,108,220,112,207,11,6,2
115,223,108,220,115,219,37,11,4
108,220,103,217,104,216,11,6,1
187,227,182,225,185,224,73,34,17
155,231,147,239,149,229,50,43,30
172,245,179,250,174,251,55,45,29
172,245,180,244,179,250,51,41,25
165,229,161,219,167,216,102,65,45
165,229,162,230,161,219,87,55,37
160,217,154,217,154,215,103,62,33
154,215,154,217,151,218,108,59,36
154,217,152,223,151,218,100,53,34
161,265,165,270,159,269,33,29,21
161,265,145,262,150,253,19,16,9
161,265,159,269,145,262,22,19,12
135,288,135,291,132,289,34,14,4
255,311,256,307,263,311,34,1,1
256,307,277,285,263,311,201,20,21
237,301,240,305,233,304,37,2,0
232,294,237,301,233,304,131,38,29
237,301,232,294,237,293,173,52,42
245,300,237,301,237,293,180,39,32
256,307,247,308,245,300,77,3,3
247,308,256,307,255,311,11,0,1
252,281,239,277,249,272,188,8,8
252,281,244,288,239,277,216,9,11
256,307,252,281,277,285,218,22,24
244,288,252,281,245,300,225,22,22
252,281,256,307,245,300,187,16,17
259,265,260,264,276,267,185,8,11
256,263,259,265,257,266,160,2,5
259,265,256,263,260,264,159,2,4
183,208,185,217,177,206,84,66,49
186,214,185,217,183,208,56,45,32
177,206,185,217,167,216,99,76,55
182,225,185,217,185,224,113,64,42
185,224,185,217,195,222,88,42,24
185,217,196,218,195,222,78,36,19
185,217,186,214,196,218,34,20,8
172,67,172,69,166,69,63,18,6
172,69,173,75,166,69,69,21,10
172,69,172,67,176,70,79,27,16
173,75,172,69,176,70,56,20,11
177,109,172,87,193,102,12,11,5
172,87,193,84,193,102,11,10,5
172,87,189,81,193,84,11,9,4
167,104,172,87,177,109,11,9,4
165,93,160,97,165,91,64,22,16
160,97,165,93,167,104,36,14,7
165,93,172,87,167,104,15,10,5
165,93,166,89,167,88,38,13,8
166,89,165,93,165,91,43,13,9
172,87,165,93,167,88,21,11,5
151,103,154,99,159,106,55,19,13
154,99,160,97,159,106,64,23,16
160,97,154,99,149,95,42,14,9
336,99,335,94,339,96,56,29,16
336,99,339,96,339,107,33,21,15
335,100,336,99,339,107,25,18,14
335,94,332,98,333,93,31,17,5
332,98,335,100,329,104,18,15,8
332,98,336,99,335,100,19,13,7
336,99,332,98,335,94,29,17,6
333,93,332,98,330,91,33,17,7
332,98,319,105,330,91,20,16,10
332,98,329,104,319,105,16,15,9
422,89,419,88,420,87,13,13,11
426,86,422,89,420,87,19,18,15
422,89,426,86,427,88,18,18,14
423,102,422,89,427,88,13,14,11
419,88,422,89,423,102,10,10,7
433,103,429,105,432,100,13,13,10
440,104,433,103,432,100,11,10,6
433,103,431,115,429,105,10,10,6
433,103,440,104,431,115,10,9,5
334,919,336,918,333,926,74,28,17
336,918,343,926,333,926,68,23,11
336,918,334,919,333,915,49,20,12
350,920,336,918,349,914,23,13,7
343,926,336,918,350,920,53,18,10
333,913,336,918,333,915,36,16,10
336,918,333,913,349,914,21,12,7
611,818,608,817,609,811,8,5,2
457,870,450,867,451,866,26,24,19
448,868,450,867,457,870,26,25,19
430,878,442,872,439,880,38,40,35
439,880,442,872,446,876,46,48,44
442,872,448,868,446,876,33,33,29
521,947,517,947,516,946,12,12,8
521,950,517,947,521,947,18,19,14
516,946,517,947,514,953,19,19,15
517,947,521,950,514,953,22,22,18
534,843,527,844,535,841,7,7,7
527,844,534,843,528,849,6,6,4
537,850,534,843,535,841,5,6,4
534,843,537,850,528,849,5,6,3
229,464,230,471,227,470,8,0,0
228,461,229,464,227,470,8,0,1
229,464,228,461,237,459,14,1,2
230,471,229,464,243,469,22,4,4
229,464,237,459,243,469,34,12,12
202,464,198,467,195,466,6,7,2
198,467,198,468,195,466,7,9,2
198,468,198,467,202,464,5,6,2
202,487,197,489,197,488,25,22,14
198,492,197,489,202,487,27,22,14
197,488,197,489,189,491,49,23,18
197,489,198,492,189,491,46,22,16
202,486,202,487,197,488,25,21,14
198,483,202,486,197,488,23,19,13
203,484,195,479,210,478,18,12,10
203,484,198,483,195,479,26,16,13
203,484,210,478,217,490,7,6,4
202,486,203,484,202,487,8,9,6
213,494,203,484,217,490,8,8,4
202,487,203,484,213,494,9,8,5
179,432,175,441,173,438,72,29,26
175,441,188,439,183,449,46,22,15
188,439,189,448,183,449,20,14,8
188,439,191,446,189,448,14,11,8
188,439,191,440,191,446,15,13,10
192,435,188,439,188,434,13,12,8
191,440,188,439,192,435,14,13,9
188,439,179,432,188,434,18,11,8
179,432,188,439,175,441,40,20,16
131,442,146,456,133,454,5,4,2
131,442,156,440,146,456,3,3,2
116,443,131,442,116,447,33,6,3
131,442,133,454,116,447,31,5,3
115,433,131,442,116,443,28,5,3
131,442,115,433,116,430,27,4,2
156,440,169,429,173,438,9,3,2
179,432,169,429,176,426,57,27,20
169,429,179,432,173,438,55,23,19
119,396,129,409,112,413,34,6,3
194,431,192,430,189,420,5,5,2
192,430,192,435,188,434,10,9,5
192,430,194,431,192,435,13,13,11
127,499,127,497,140,495,9,2,1
127,497,127,496,140,495,9,2,1
127,496,127,497,121,494,24,5,3
127,497,123,502,121,494,23,4,3
123,502,127,497,127,499,23,3,3
127,509,127,499,140,495,8,2,1
128,511,127,509,140,495,8,3,1
127,509,128,511,121,508,13,2,2
101,386,95,375,103,384,17,4,3
95,375,103,377,103,384,17,4,2
95,375,99,390,81,397,4,1,1
99,390,95,375,101,386,15,4,2
308,821,299,808,311,819,19,6,3
299,808,308,821,296,811,14,6,2
288,779,298,781,298,782,43,32,23
298,778,298,781,288,779,45,35,25
298,781,298,778,299,777,30,21,12
298,781,311,780,298,782,31,21,12
311,780,298,781,299,777,27,17,7
315,788,311,780,327,786,33,11,6
327,787,315,788,327,786,34,11,7
319,793,315,788,327,787,32,12,6
315,788,319,793,309,794,23,15,7
311,780,315,788,309,794,25,15,5
330,724,326,728,322,723,8,5,3
326,728,326,730,322,723,13,5,3
326,730,326,728,330,724,7,5,3
267,772,266,771,275,765,55,28,15
269,773,267,772,275,765,54,28,15
267,772,269,773,269,783,26,7,2
259,788,267,772,269,783,23,5,1
266,771,267,772,259,788,24,5,1
356,838,356,845,350,839,32,23,15
356,838,361,844,356,845,35,19,12
353,828,356,838,350,839,40,20,13
369,846,369,836,375,842,41,22,17
361,844,369,836,369,846,42,20,16
369,836,377,837,375,842,39,22,16
398,771,387,781,386,779,14,9,5
396,784,387,781,398,771,22,13,9
386,779,387,781,384,785,89,39,28
387,781,390,790,384,785,68,25,17
387,781,396,784,390,790,72,31,23
379,821,374,825,373,817,27,7,5
379,821,382,824,374,825,29,10,7
394,827,387,831,384,823,19,9,4
387,831,382,824,384,823,27,13,8
387,831,382,832,382,824,30,15,10
382,832,387,831,382,835,37,23,17
408,877,415,882,402,887,88,56,50
396,877,408,877,402,887,63,56,50
408,877,415,873,415,874,76,27,21
420,875,416,876,415,874,54,24,15
416,876,420,875,415,882,68,38,30
416,876,408,877,415,874,76,27,21
408,877,416,876,415,882,94,46,40
422,868,420,872,413,864,74,45,38
420,872,415,873,413,864,76,42,34
377,837,386,843,375,842,35,18,11
386,843,377,837,382,835,33,17,10
393,847,386,843,393,840,44,24,16
391,849,386,843,393,847,56,32,23
394,839,393,847,393,840,39,24,16
394,839,405,841,393,847,38,22,14
405,841,394,839,401,830,22,11,5
401,830,394,839,394,827,20,10,4
394,839,387,831,394,827,28,14,8
402,850,405,841,410,842,41,24,18
416,854,402,850,410,842,38,18,13
402,850,416,854,407,857,52,18,15
405,841,402,850,393,847,47,28,20
418,809,409,824,402,801,18,6,3
416,802,418,809,402,801,40,10,6
399,798,383,803,390,790,20,6,2
390,790,383,803,384,785,17,5,2
383,803,372,807,384,785,4,3,1
383,803,402,801,384,823,2,3,0
383,803,399,798,402,801,6,3,0
372,807,383,803,373,817,5,4,1
383,803,379,821,373,817,7,4,1
419,692,402,714,391,705,8,6,3
402,714,419,692,413,715,4,4,2
403,718,402,714,413,715,12,7,3
444,686,447,685,447,688,46,8,4
447,685,444,686,440,683,62,11,8
394,721,403,718,401,727,64,16,10
379,736,401,731,396,757,2,3,0
382,730,401,731,379,736,4,5,1
394,721,401,731,382,730,15,6,1
401,731,394,721,401,727,29,6,2
383,657,381,654,382,652,9,5,4
381,654,377,644,382,652,74,14,4
381,654,366,655,377,644,61,12,5
381,654,383,657,382,662,6,7,7
366,655,381,654,382,662,33,10,5
321,687,335,691,328,703,38,10,5
335,691,321,687,329,684,53,11,6
335,691,337,690,328,703,14,7,4
337,690,335,691,329,684,56,13,8
318,689,317,697,314,694,27,6,1
318,689,321,687,317,697,38,5,3
292,683,318,689,314,694,6,4,1
318,689,292,683,314,662,4,4,1
321,687,325,673,329,684,15,5,1
335,663,325,673,314,662,4,4,2
325,673,318,689,314,662,7,4,2
318,689,325,673,321,687,10,4,1
339,671,325,673,335,663,12,4,2
329,684,325,673,339,671,31,7,4
353,688,354,686,363,696,41,10,5
337,690,353,688,363,696,16,5,3
353,688,337,690,348,685,10,3,4
368,687,361,682,364,681,37,17,8
361,682,368,687,363,696,65,25,17
354,686,361,682,363,696,53,14,6
670,666,681,671,660,672,4,4,2
673,657,670,666,660,664,12,6,3
681,671,670,666,673,657,4,4,2
626,764,626,765,618,773,48,18,9
626,765,628,768,618,773,53,19,10
609,811,607,810,616,803,9,5,4
608,817,607,810,609,811,6,5,4
600,809,607,810,598,814,6,6,7
607,810,608,817,598,814,6,6,6
594,813,600,809,598,814,12,12,10
590,822,594,813,598,814,8,8,8
594,813,590,822,579,818,8,8,8
582,806,594,813,579,818,8,8,8
579,771,571,767,580,763,11,12,9
581,770,579,771,580,763,12,13,11
579,771,579,776,573,777,14,14,12
579,771,581,770,579,776,11,11,9
622,746,629,751,621,750,9,11,6
629,751,622,746,628,745,9,11,6
622,746,630,741,628,745,11,12,8
630,741,622,746,618,738,9,10,7
616,749,622,746,621,750,4,6,4
618,738,622,746,616,749,6,7,5
609,742,618,738,616,749,8,8,8
618,738,609,742,607,740,7,7,6
608,752,609,742,616,749,7,7,7
607,740,609,742,599,740,5,7,3
609,742,608,752,599,740,8,9,6
622,727,619,729,616,721,69,18,10
631,737,622,727,634,734,10,9,8
622,727,631,737,618,732,11,8,7
619,729,622,727,618,732,20,5,4
641,703,631,708,638,699,54,20,8
631,708,622,705,638,699,29,13,7
631,708,627,712,622,705,26,12,4
630,719,627,712,632,718,69,26,14
630,719,632,718,634,734,12,9,6
628,720,630,719,634,734,12,9,6
627,712,625,714,624,713,50,23,11
624,713,625,714,616,721,52,21,14
625,714,630,719,628,720,72,27,15
630,719,625,714,627,712,74,28,16
658,683,659,693,652,690,41,12,7
660,694,659,693,658,683,12,3,0
659,693,658,700,652,690,30,10,4
659,693,660,694,658,700,9,4,0
635,668,635,682,631,673,7,7,6
635,668,647,679,635,682,13,9,6
639,658,635,668,628,664,34,13,7
635,668,631,673,628,664,13,10,7
656,663,650,665,652,660,81,28,16
652,660,650,665,650,659,75,25,17
635,668,650,665,647,679,20,11,7
650,665,639,658,650,659,22,12,9
650,665,635,668,639,658,21,11,8
604,537,609,536,604,544,50,49,46
617,541,609,536,614,534,38,35,34
614,534,609,536,611,524,20,20,14
611,524,609,536,599,529,24,24,21
609,536,604,537,599,529,21,21,18
622,551,617,541,629,543,37,23,16
616,583,611,574,623,575,23,23,19
641,576,650,573,643,588,94,30,14
596,561,602,570,599,569,90,92,83
610,564,602,570,596,561,74,75,69
611,574,602,570,610,564,70,70,65
602,578,602,570,607,579,67,68,62
602,570,611,574,607,579,52,53,48
648,559,645,553,654,557,68,26,14
653,569,648,559,654,557,77,25,15
636,613,635,608,644,607,8,10,7
645,603,635,608,632,602,10,10,8
644,607,635,608,645,603,9,10,7
632,618,636,613,640,621,11,11,10
624,616,632,618,626,634,9,9,9
632,618,641,623,626,634,9,9,8
641,623,632,618,640,621,10,10,9
594,646,606,648,600,650,13,14,12
606,648,594,646,609,642,13,13,12
594,646,594,636,609,642,12,12,10
595,650,594,646,600,650,13,14,12
594,646,595,650,591,648,13,13,12
589,638,594,646,591,648,10,10,9
594,636,594,646,589,638,9,9,8
592,599,587,603,580,599,154,70,47
584,605,587,603,588,608,64,36,28
587,603,592,599,594,602,170,92,74
591,623,587,630,575,621,17,17,14
591,619,591,623,575,621,13,13,10
591,623,593,625,587,630,20,21,18
591,623,591,619,593,625,11,13,11
615,589,616,583,625,585,37,38,32
623,595,615,589,625,585,49,32,23
616,583,615,589,609,582,36,37,32
615,589,610,593,609,582,35,35,30
610,593,615,589,612,596,53,33,26
615,589,623,595,612,596,58,28,17
634,590,625,594,625,585,76,32,22
625,594,623,595,625,585,59,33,22
623,595,625,594,629,598,121,32,13
623,595,621,610,612,596,75,28,17
621,610,624,616,615,615,13,13,11
629,598,630,597,632,602,42,26,11
630,597,636,592,632,602,57,25,13
636,592,630,597,634,590,93,30,16
630,597,625,594,634,590,101,31,16
625,594,630,597,629,598,114,32,11
596,546,595,542,604,544,68,66,61
595,542,596,538,604,544,64,61,56
596,538,595,542,593,540,115,93,84
595,542,592,547,593,540,148,116,108
595,542,596,546,592,547,132,106,97
603,548,596,546,604,544,64,63,59
603,548,600,550,596,546,71,71,66
600,550,603,548,604,554,58,59,52
600,550,598,553,595,549,67,67,60
598,553,600,550,604,554,51,54,46
582,565,585,566,580,572,118,56,43
582,565,572,569,576,561,111,108,96
572,569,582,565,580,572,96,87,74
589,576,583,575,583,574,135,73,60
583,575,589,576,582,583,153,103,85
583,575,580,572,583,574,97,24,14
576,584,583,575,582,583,137,83,71
583,575,576,584,580,572,129,77,65
585,566,592,573,583,574,145,97,84
592,573,589,576,583,574,147,102,89
594,574,592,573,599,569,148,148,142
582,583,589,585,577,590,120,58,37
589,585,580,599,577,590,129,56,35
589,585,594,594,580,599,125,80,62
646,624,646,627,642,624,13,10,7
646,627,646,628,642,624,13,10,7
649,630,646,627,646,624,42,21,14
646,628,646,627,649,630,44,20,14
656,610,654,601,664,599,59,22,12
662,611,656,610,664,599,62,23,14
656,610,662,611,661,615,68,22,13
650,609,656,610,647,612,73,25,11
647,612,656,610,658,622,80,26,14
656,610,661,615,658,622,63,19,11
647,602,647,600,654,601,66,26,13
647,600,647,602,645,603,30,16,13
647,602,644,607,645,603,26,16,13
647,602,650,609,644,607,46,22,16
671,398,671,397,681,394,66,3,5
671,398,675,408,668,404,114,1,10
663,401,671,398,668,404,163,1,14
671,398,663,401,671,397,160,1,14
670,418,673,413,673,421,42,3,2
670,418,650,420,652,406,203,18,34
668,404,670,418,652,406,199,10,26
670,418,668,404,673,413,100,4,10
661,449,664,438,669,447,79,44,42
664,438,668,434,669,447,63,43,38
651,440,664,438,661,449,175,18,35
662,386,657,377,667,384,138,5,12
657,377,662,366,667,384,110,6,11
499,659,509,650,516,658,11,10,8
508,667,499,659,516,658,12,13,10
463,674,469,677,461,682,7,7,5
469,676,469,677,463,674,7,7,5
469,677,470,678,461,682,7,6,5
469,677,469,676,470,678,11,11,9
486,660,487,665,484,662,9,9,7
484,658,486,660,484,662,13,14,11
486,660,484,658,483,653,16,16,14
520,718,529,717,525,723,83,26,11
517,719,520,718,525,723,116,24,9
529,717,520,718,527,711,95,20,6
520,718,519,701,527,711,84,19,8
519,701,520,718,509,715,34,17,13
520,718,517,719,509,715,98,44,32
510,729,509,731,502,722,35,13,6
509,731,503,741,502,722,43,13,5
503,741,509,731,509,733,57,13,3
509,731,510,729,514,730,97,14,6
492,709,490,711,484,710,100,47,30
490,711,499,714,493,718,93,46,37
490,711,492,709,499,714,149,100,88
492,709,495,704,498,707,128,113,106
495,704,492,709,490,700,104,88,81
498,707,495,704,508,702,20,20,18
495,704,512,692,508,702,10,11,8
495,704,490,700,512,692,13,13,11
437,590,445,602,441,604,4,3,1
445,588,445,602,437,590,4,2,0
457,588,445,602,445,588,17,8,5
441,560,439,554,446,553,28,6,7
434,555,441,560,429,560,27,7,7
439,554,441,560,434,555,27,7,7
441,560,433,574,429,560,15,2,1
441,560,447,571,433,574,17,1,1
450,578,454,565,462,572,35,3,4
447,571,454,565,450,578,31,3,3
454,565,464,569,462,572,38,5,5
462,549,454,565,446,553,30,8,7
464,569,454,565,462,549,29,4,3
454,565,441,560,446,553,25,3,4
441,560,454,565,447,571,18,0,0
438,586,430,581,433,574,34,4,6
438,586,445,588,437,590,11,1,0
430,581,438,586,437,590,23,1,1
438,586,447,571,450,578,32,3,3
447,571,438,586,433,574,31,3,3
483,558,482,547,490,548,53,5,5
493,551,483,558,490,548,57,8,6
483,558,471,548,482,547,41,2,2
495,564,483,558,493,551,61,8,8
494,577,490,566,495,564,21,2,1
490,566,483,558,495,564,57,5,6
483,558,490,566,486,567,59,7,7
490,566,494,577,484,573,21,2,1
455,625,459,617,463,622,16,10,9
459,617,455,625,449,620,8,9,6
456,614,459,617,449,620,15,11,7
484,621,475,613,486,619,57,43,35
475,613,477,608,486,619,27,22,18
475,613,465,604,477,608,54,45,38
505,593,504,588,515,591,23,24,20
504,588,504,586,515,591,26,27,22
493,592,504,588,505,593,19,19,15
500,584,493,582,501,578,20,18,14
504,586,500,584,501,578,33,33,28
500,584,504,588,493,592,23,23,19
504,588,500,584,504,586,33,34,29
454,642,458,646,457,647,7,7,5
450,643,454,642,457,647,7,7,5
460,637,462,635,463,638,11,12,9
460,637,454,642,453,639,8,8,6
462,635,460,637,452,632,9,9,7
460,637,453,639,452,632,8,9,6
460,637,463,638,458,646,8,9,6
454,642,460,637,458,646,7,8,5
490,605,493,606,489,607,7,10,6
490,605,488,598,495,600,14,16,14
495,604,490,605,495,600,15,17,15
490,605,495,604,493,606,13,16,13
488,598,487,603,487,597,26,27,24
477,608,487,603,489,607,16,19,15
487,603,490,605,489,607,16,18,15
490,605,487,603,488,598,19,21,18
472,581,466,583,467,580,11,0,0
467,580,466,583,462,572,28,1,2
466,583,450,578,462,572,32,2,3
466,583,457,588,450,578,18,1,1
489,589,493,592,487,597,13,12,10
549,658,544,653,549,644,50,35,25
547,659,549,658,553,668,146,25,8
544,653,549,658,544,654,98,63,46
549,658,547,659,544,654,123,73,57
539,650,540,656,531,646,103,71,59
540,656,538,660,531,646,99,59,47
540,656,544,653,544,654,151,121,107
544,653,540,656,539,650,109,87,75
553,670,551,675,543,674,93,18,7
544,664,547,659,553,668,140,25,10
544,664,553,670,543,674,109,19,5
553,670,544,664,553,668,123,20,4
538,660,544,664,535,666,51,16,9
537,673,544,664,543,674,52,13,9
544,664,537,673,535,666,43,14,10
568,667,565,665,569,662,146,102,89
562,647,569,652,559,657,26,14,9
595,650,590,654,591,648,13,14,12
594,656,590,654,595,650,15,15,13
569,661,582,655,569,662,12,12,8
582,655,569,661,572,651,11,11,9
569,661,569,652,572,651,13,11,11
569,652,569,661,559,657,25,19,14
565,665,569,661,569,662,106,80,69
569,661,565,665,559,657,93,72,63
582,648,589,638,591,648,10,11,8
582,648,578,640,589,638,10,10,7
590,654,582,648,591,648,11,12,10
582,648,590,654,582,655,12,13,10
582,648,572,645,578,640,9,9,7
582,648,582,655,572,651,11,10,9
572,645,582,648,572,651,10,10,8
599,683,609,689,596,693,8,9,7
609,689,599,683,601,681,9,11,8
550,722,556,710,559,720,12,12,9
556,710,570,719,559,720,10,11,8
556,710,545,716,556,709,12,13,11
556,710,550,722,545,716,12,13,10
519,648,517,651,514,647,74,16,8
517,651,509,650,514,647,44,11,5
509,650,517,651,516,658,12,8,5
524,649,518,652,519,648,106,34,22
522,655,518,652,524,649,69,21,10
518,652,517,651,519,648,68,14,5
518,652,522,655,516,658,18,10,3
517,651,518,652,516,658,12,7,1
521,570,519,561,526,565,86,37,23
523,571,521,570,526,565,117,51,33
519,561,521,570,512,569,61,15,9
521,570,515,576,512,569,61,30,21
521,570,519,577,515,576,66,37,28
521,570,523,571,519,577,83,37,25
578,459,564,468,569,448,59,60,54
596,476,608,478,604,487,116,41,21
596,476,608,475,608,478,129,52,26
596,476,590,480,591,466,80,37,27
605,468,596,476,591,466,94,43,32
599,494,590,487,604,487,43,32,26
590,487,596,476,604,487,123,47,28
596,476,590,487,590,480,125,51,34
551,476,553,481,549,480,91,17,10
551,476,549,480,544,471,74,10,6
551,475,551,476,544,471,90,13,7
553,481,551,476,556,470,148,56,37
551,476,551,475,556,470,149,54,30
542,512,542,505,548,502,76,9,14
541,504,542,505,542,512,32,1,2
542,505,541,501,548,502,88,8,15
541,501,542,505,541,504,91,11,18
537,498,540,503,529,508,71,8,11
540,503,541,504,529,508,76,9,12
541,501,540,503,537,498,67,9,15
540,503,541,501,541,504,72,5,9
504,533,504,527,509,529,121,21,24
513,536,504,533,509,529,115,10,13
503,534,504,533,513,536,110,5,7
504,527,506,522,511,526,104,65,60
506,522,504,527,498,523,116,111,103
503,502,503,494,506,495,138,139,132
510,503,503,502,506,495,139,139,133
496,498,503,502,502,503,157,158,151
503,494,503,502,496,498,152,154,146
503,502,506,510,502,503,143,144,137
503,502,510,503,506,510,140,141,134
527,500,537,498,529,508,92,9,12
527,500,530,495,537,498,58,4,7
521,506,527,500,529,508,118,3,7
527,500,521,506,520,496,133,4,8
530,495,527,500,520,496,144,7,10
548,502,544,497,556,491,43,3,2
544,497,540,489,556,491,45,4,2
541,501,544,497,548,502,76,6,12
540,489,544,497,537,498,73,6,11
544,497,541,501,537,498,84,11,19
551,606,547,607,546,597,21,22,19
547,607,542,608,546,597,20,20,17
547,607,551,606,550,608,37,38,35
541,613,540,617,532,605,25,26,23
536,604,541,613,532,605,27,28,25
542,608,541,613,536,604,29,30,27
556,592,557,596,546,597,35,29,23
557,596,551,606,546,597,21,22,19
589,562,592,573,585,566,154,110,97
582,565,589,562,585,566,151,83,70
589,562,582,565,588,557,159,94,81
589,562,596,561,599,569,111,102,92
592,573,589,562,599,569,114,108,98
588,557,581,555,581,551,121,76,64
576,553,581,555,576,561,153,154,144
581,551,581,555,576,553,121,122,112
581,555,582,565,576,561,142,140,128
582,565,581,555,588,557,153,95,82
709,436,708,442,706,443,6,6,3
699,439,709,436,706,443,59,58,54
709,436,709,435,719,434,2,3,0
708,442,709,436,719,434,2,3,0
704,430,709,436,699,439,66,65,61
709,436,704,430,709,435,22,21,18
680,352,693,351,693,352,29,2,2
680,352,682,345,693,350,30,4,3
693,351,680,352,693,350,29,3,2
680,352,678,363,676,359,47,0,2
678,363,680,352,692,362,31,2,1
680,352,693,356,692,362,29,4,2
693,353,693,352,696,357,51,45,40
693,356,693,353,696,357,54,48,43
693,353,680,352,693,352,29,2,1
680,352,693,353,693,356,29,2,1
654,354,643,350,650,346,24,15,9
655,349,654,354,650,346,14,12,11
654,354,655,349,660,358,12,11,8
657,360,654,354,660,358,15,14,10
614,404,608,403,611,394,31,22,15
596,397,592,389,600,385,52,35,28
592,389,594,376,600,385,41,28,24
594,376,592,389,587,382,123,48,32
596,401,596,397,601,400,34,20,13
607,429,593,424,594,420,54,29,22
607,429,614,426,616,433,34,36,30
612,411,617,414,614,426,38,24,18
607,429,612,411,614,426,32,25,19
612,411,607,429,599,412,31,27,21
614,404,612,411,608,403,113,43,24
608,403,612,411,600,406,114,43,24
612,411,599,412,600,406,109,39,20
617,414,612,411,618,406,110,38,21
612,411,614,404,618,406,118,41,24
591,415,596,416,594,420,136,45,25
596,416,607,429,594,420,44,28,22
607,429,596,416,599,412,33,27,23
599,412,598,409,600,406,109,42,21
598,409,596,401,600,406,126,40,25
593,450,592,447,596,447,141,46,25
602,454,593,450,596,447,102,41,27
587,377,574,379,575,375,60,39,31
574,379,572,383,563,381,49,51,45
574,379,562,379,575,375,50,53,47
562,379,574,379,563,381,43,46,40
630,458,623,460,629,453,100,58,48
623,460,630,458,629,462,96,53,43
630,458,635,463,629,462,69,27,23
621,455,626,451,629,453,90,60,51
620,448,626,451,621,455,56,40,33
626,451,631,448,629,453,125,76,65
626,451,620,448,628,442,69,49,39
609,444,602,454,596,447,50,29,23
596,437,609,444,596,447,37,24,19
634,443,630,446,628,442,108,62,53
631,448,630,446,634,443,76,36,30
630,446,626,451,628,442,136,87,72
626,451,630,446,631,448,131,82,70
640,441,640,440,646,441,242,155,146
640,440,640,441,634,443,68,33,25
630,432,627,435,624,430,66,44,33
624,430,627,435,616,433,27,25,18
627,435,627,436,616,433,24,21,14
620,448,616,445,628,442,51,38,30
616,445,627,436,628,442,38,28,20
627,436,616,445,616,433,29,23,16
605,278,597,279,600,274,58,30,22
597,279,605,278,597,284,124,35,16
587,264,593,268,584,274,19,17,15
619,283,613,276,623,279,43,29,23
623,279,613,276,618,265,19,19,16
613,276,619,283,610,287,79,36,20
605,278,613,276,610,287,90,34,18
613,276,617,264,618,265,16,16,14
617,264,613,276,615,262,15,15,13
613,276,600,272,615,262,16,17,13
613,276,605,278,600,272,32,29,23
530,296,533,300,529,297,95,45,36
523,291,530,296,529,297,105,104,95
530,296,537,294,533,300,112,66,55
573,291,579,293,576,297,84,50,39
569,296,573,291,576,297,43,35,28
579,293,573,291,579,286,115,65,55
544,322,542,328,537,319,180,184,172
546,321,544,320,549,313,150,151,142
536,317,544,320,537,319,116,118,108
544,320,544,322,537,319,160,163,151
544,322,544,320,546,321,188,190,180
553,331,551,323,553,324,93,94,84
551,323,553,331,542,328,134,136,126
551,323,546,321,549,313,132,134,124
544,322,551,323,542,328,167,169,158
551,323,544,322,546,321,176,177,168
551,323,558,318,553,324,80,81,72
558,318,551,323,549,313,88,90,80
546,311,536,317,534,314,105,105,96
544,320,546,311,549,313,139,140,131
546,311,544,320,536,317,104,105,95
566,315,578,319,571,326,34,32,27
566,315,571,326,560,325,43,44,39
578,319,566,315,578,312,33,30,23
566,315,571,308,578,312,49,45,37
612,326,614,325,613,329,32,33,28
614,325,612,326,612,324,47,48,43
598,348,588,345,598,343,62,43,38
588,345,598,348,590,350,62,43,37
598,348,605,349,598,356,23,24,20
611,340,605,349,598,343,32,32,29
605,349,598,348,598,343,36,37,34
607,316,592,322,590,309,24,25,22
621,299,612,297,621,292,37,34,28
612,297,621,299,614,301,36,34,32
627,289,643,287,640,295,103,33,17
652,278,645,277,647,267,50,23,14
645,277,652,278,651,282,63,35,24
623,281,619,283,623,279,38,24,20
623,281,624,286,619,283,80,34,22
666,281,663,275,665,275,8,8,5
666,281,665,275,674,280,11,12,7
666,281,663,290,657,279,24,24,20
663,275,666,281,657,279,13,14,11
666,281,674,280,673,293,21,22,16
663,290,666,281,673,293,23,23,18
663,274,657,276,662,272,8,8,6
663,274,663,275,657,276,8,8,6
665,275,663,274,662,272,6,6,4
663,275,663,274,665,275,6,6,4
560,388,570,396,560,398,36,39,34
560,398,570,396,574,403,46,48,43
570,396,564,385,574,389,34,37,31
564,385,570,396,560,388,34,38,32
572,383,564,385,563,381,49,53,47
564,385,560,388,563,381,40,43,37
551,380,550,387,549,386,43,46,38
560,388,550,387,551,380,55,59,51
550,387,546,393,549,386,64,67,60
505,454,509,449,514,457,140,12,26
509,449,505,454,506,445,169,17,29
494,450,505,454,502,456,48,4,4
505,454,494,450,506,445,82,9,12
513,447,509,449,506,445,126,7,12
513,447,505,433,521,437,75,2,6
505,433,513,447,506,445,91,3,7
524,448,513,447,521,437,57,3,3
516,453,513,447,524,448,64,2,4
509,449,513,447,516,453,110,3,12
525,430,529,425,531,435,61,27,21
525,430,531,435,521,437,48,21,16
520,428,525,430,521,437,35,14,10
525,430,526,422,529,425,54,25,20
525,430,520,428,526,422,22,18,14
547,446,559,443,558,449,48,46,42
547,446,547,436,552,434,62,54,48
559,443,547,446,552,434,52,48,42
558,449,566,445,569,448,56,57,52
559,443,566,445,558,449,51,52,47
566,445,559,443,564,435,41,43,37
544,466,552,466,544,471,125,27,16
552,466,551,475,544,471,114,23,12
551,475,552,466,554,467,149,51,25
543,463,544,466,540,461,58,11,5
584,363,589,367,584,364,142,58,40
589,367,584,363,587,357,144,63,45
587,357,584,363,578,355,90,54,39
584,363,577,368,578,355,49,36,26
584,363,584,364,577,368,37,27,19
611,359,599,365,598,356,22,23,19
602,373,599,365,611,359,34,35,31
599,365,602,373,594,376,38,38,33
619,371,618,372,618,368,18,21,15
618,372,602,373,618,368,33,34,29
602,373,618,372,616,381,17,17,14
618,372,622,380,616,381,14,14,11
622,380,618,372,619,371,12,13,10
623,337,630,347,618,344,28,29,26
632,345,630,347,623,337,30,31,28
630,347,620,351,618,344,22,22,20
630,347,632,345,634,348,26,26,24
631,358,630,347,634,348,10,11,8
630,347,629,359,620,351,11,11,11
629,359,630,347,631,358,11,11,12
647,340,652,339,650,346,32,30,28
645,335,647,340,638,341,105,70,58
647,340,643,350,638,341,103,69,57
643,350,647,340,650,346,43,27,18
645,327,645,335,641,330,136,86,71
645,327,652,328,645,335,23,12,8
634,318,645,327,641,330,86,59,47
652,339,649,336,659,337,26,26,23
649,336,652,328,659,337,12,11,8
652,328,649,336,645,335,23,12,8
649,336,647,340,645,335,39,22,18
647,340,649,336,652,339,30,26,25
627,324,624,328,619,322,31,31,29
624,328,623,337,613,329,11,11,9
624,328,627,324,641,330,38,31,26
624,328,614,325,619,322,33,33,30
614,325,624,328,613,329,24,25,21
624,328,633,343,623,337,18,19,17
633,343,624,328,641,330,45,38,32
668,300,670,298,671,303,17,18,15
667,304,668,300,671,303,22,22,19
670,298,668,300,668,297,10,10,8
668,300,662,296,668,297,18,19,14
668,300,667,304,662,296,25,26,22
672,306,667,304,671,303,25,25,22
673,302,672,306,671,303,14,13,9
672,306,678,309,677,310,17,4,4
678,309,672,306,673,302,16,6,4
618,366,619,363,625,364,32,36,33
626,367,618,366,625,364,32,35,32
618,368,618,366,626,367,29,32,29
618,366,618,368,611,359,28,30,26
619,363,618,366,611,359,23,26,22
619,362,619,360,625,364,26,30,26
619,363,619,362,625,364,30,34,30
619,360,619,362,611,359,17,20,17
619,362,619,363,611,359,19,21,18
624,389,613,387,616,381,27,28,25
622,380,624,389,616,381,24,24,21
613,387,624,389,611,394,27,28,25
624,389,637,382,636,388,61,50,44
614,404,624,389,618,406,32,23,18
624,389,614,404,611,394,26,22,18
624,389,624,408,618,406,36,23,17
624,408,624,389,634,405,44,33,27
624,389,638,392,634,405,69,49,42
638,392,624,389,636,388,67,53,46
454,377,465,371,460,384,122,5,8
454,377,455,365,465,371,83,7,7
454,377,460,384,451,384,173,11,17
485,347,486,351,481,354,87,86,78
487,363,486,351,493,355,136,137,129
486,351,487,363,481,354,113,114,107
504,375,493,368,497,366,90,91,84
559,422,557,419,563,416,119,69,52
559,422,558,427,550,421,144,88,70
557,419,559,422,550,421,81,46,31
557,419,552,412,563,416,41,29,20
560,398,552,412,550,408,46,47,43
563,416,552,412,560,398,40,41,35
552,412,557,419,551,417,27,26,21
552,412,548,409,550,408,63,63,59
552,412,544,411,548,409,47,48,43
544,411,552,412,551,417,28,31,28
571,410,560,398,574,403,40,40,34
593,424,586,421,594,420,121,31,14
635,463,638,456,647,461,243,154,144
647,461,638,456,646,441,241,154,144
638,456,640,441,646,441,236,155,143
638,456,631,448,634,443,76,39,32
640,441,638,456,634,443,125,79,68
609,464,605,468,602,454,25,24,20
609,464,618,459,614,465,15,14,9
609,472,609,464,614,465,23,25,20
632,484,642,491,633,496,250,155,148
645,479,632,484,633,476,248,149,140
632,484,645,479,642,491,243,141,135
601,498,597,497,599,494,37,35,30
596,503,601,498,604,498,34,35,31
597,497,596,503,593,502,36,37,31
596,503,597,497,601,498,42,42,37
611,506,613,515,598,514,113,39,23
611,506,614,507,613,515,113,35,16
614,507,611,506,612,501,38,22,14
572,240,578,236,576,242,84,46,36
578,236,580,235,576,242,38,32,31
601,259,601,260,595,255,34,36,31
602,258,601,259,595,255,35,36,32
601,259,602,258,601,260,48,51,46
540,238,534,236,533,232,43,44,40
535,239,534,236,540,238,59,60,55
534,236,532,233,533,232,43,44,39
534,236,522,240,532,233,49,51,46
534,236,535,239,522,240,65,67,62
588,288,599,289,600,296,33,31,27
599,289,588,288,597,284,75,45,37
599,289,602,296,600,296,34,34,28
602,296,599,289,610,287,44,33,24
599,289,605,278,610,287,105,37,20
605,278,599,289,597,284,108,39,22
589,283,588,288,584,285,81,43,31
551,268,548,269,547,267,78,81,76
548,269,551,268,548,272,85,88,82
548,269,545,269,547,267,76,80,74
548,269,548,272,545,269,95,99,92
499,349,508,348,498,358,113,84,74
502,362,508,348,512,359,130,91,80
498,358,508,348,502,362,118,93,83
503,332,506,330,505,343,172,138,127
506,330,503,332,506,328,167,151,137
506,330,506,328,509,325,119,120,107
472,319,472,318,474,320,167,169,159
472,318,472,316,474,320,173,175,165
471,331,473,334,469,333,155,156,147
473,334,471,331,474,334,145,146,136
473,334,473,337,469,333,162,160,152
473,337,473,334,474,334,149,142,136
543,298,544,291,550,299,132,57,44
544,291,547,287,550,299,120,58,46
547,287,544,291,539,288,91,76,66
566,281,552,284,558,275,73,57,49
552,284,548,272,558,275,80,81,73
516,304,513,313,509,306,154,118,104
516,304,521,305,513,313,157,119,105
513,313,508,310,509,306,153,108,95
508,310,501,311,509,306,164,148,132
508,310,506,316,501,311,145,109,96
523,327,532,312,534,314,132,131,120
526,309,521,305,525,307,166,114,102
526,309,532,312,523,327,118,114,103
525,364,527,362,529,363,60,61,52
519,361,527,362,525,364,100,102,92
527,362,519,361,521,354,127,129,119
530,360,534,365,529,363,120,122,112
527,362,530,360,529,363,106,107,97
530,360,527,362,529,358,104,105,96
563,341,563,335,566,337,64,67,62
563,335,563,341,556,344,65,67,61
568,346,563,341,566,337,52,56,50
556,344,563,341,568,346,52,54,48
514,409,523,404,525,407,72,36,26
519,398,523,404,514,409,69,43,32
447,787,449,778,450,781,5,5,4
445,771,449,778,447,787,5,5,4
459,771,466,783,457,781,8,6,4
459,771,463,768,471,780,23,8,5
466,783,459,771,471,780,12,6,4
451,763,445,771,440,759,10,5,3
459,771,451,763,463,768,29,7,6
456,737,464,740,459,748,5,5,3
436,745,440,759,424,748,25,9,4
436,745,442,755,440,759,53,18,10
442,755,436,745,439,744,69,24,12
444,719,436,737,434,736,5,5,3
436,737,436,745,434,736,59,29,16
436,745,436,737,439,744,45,19,8
456,687,456,686,461,682,86,65,59
456,686,456,687,455,686,172,118,111
456,686,453,680,461,682,66,50,45
453,680,456,686,455,686,84,62,55
465,690,460,701,456,694,74,32,23
467,691,460,701,465,690,92,43,35
458,703,460,701,461,707,6,4,2
485,735,479,736,484,732,6,6,4
485,735,486,739,479,736,7,8,5
503,741,485,735,502,722,11,10,7
485,735,484,732,502,722,10,11,7
485,735,503,741,489,742,10,7,5
486,739,485,735,489,742,6,6,4
465,724,463,717,471,720,8,9,5
479,736,465,724,471,720,9,9,6
464,740,465,724,479,736,8,8,6
477,748,464,740,479,736,7,7,6
476,753,477,748,484,749,7,7,5
477,748,476,753,459,748,5,5,3
464,740,477,748,459,748,6,6,5
477,748,486,739,484,749,8,9,6
486,739,477,748,479,736,8,9,6
444,719,452,711,454,728,5,6,3
419,692,422,715,413,715,4,4,2
531,795,527,793,530,789,120,73,65
527,793,523,790,530,789,140,93,81
534,805,535,800,537,801,24,11,7
535,800,534,805,531,795,56,29,22
547,797,554,800,552,802,107,53,44
542,799,547,797,552,802,100,49,39
554,800,547,797,559,795,144,87,75
547,797,538,785,547,779,50,38,30
559,795,547,797,560,783,59,46,37
547,797,547,779,560,783,49,39,31
538,785,547,797,537,788,68,50,40
588,825,590,822,594,838,4,5,4
590,822,588,825,579,818,7,7,6
588,825,587,827,579,818,7,7,7
581,857,577,851,584,855,55,16,6
572,861,581,857,585,863,26,5,3
581,857,572,861,571,854,50,12,6
577,851,581,857,571,854,52,16,6
581,857,587,860,585,863,9,3,1
587,860,581,857,584,855,24,5,2
580,832,588,836,584,841,5,6,5
588,836,588,840,584,841,4,5,4
591,840,588,836,594,838,8,4,3
588,840,588,836,591,840,5,4,4
578,733,576,734,574,731,189,145,132
576,734,578,733,578,735,179,119,106
576,734,572,738,574,731,138,88,76
576,734,578,735,572,738,121,62,50
556,737,549,735,554,729,135,84,75
556,737,565,740,558,747,22,11,8
565,740,564,749,558,747,12,11,9
558,747,564,749,558,759,12,11,10
578,742,564,749,572,738,17,11,8
564,749,565,740,572,738,17,11,7
551,759,558,747,558,759,11,12,10
551,759,543,750,558,747,10,11,9
551,764,551,759,558,759,10,10,10
544,766,551,759,551,764,11,11,11
551,759,544,766,536,760,11,11,10
543,750,551,759,536,760,11,11,9
545,736,543,750,537,743,13,11,8
539,733,545,736,537,743,32,13,9
545,730,545,736,539,733,111,55,46
549,735,545,736,545,730,130,71,59
543,750,539,751,537,743,10,13,10
539,751,543,750,536,760,12,12,11
537,743,539,751,520,753,10,11,9
539,751,536,760,520,753,10,11,10
578,793,577,796,575,790,64,38,24
583,780,576,783,579,776,13,14,11
579,776,576,783,573,777,12,12,10
576,783,572,782,573,777,12,11,9
576,783,574,784,572,782,11,11,8
594,778,581,770,601,766,9,9,8
594,778,583,780,581,770,9,9,7
555,816,565,804,576,815,12,11,8
565,804,555,816,562,803,14,11,8
562,803,555,816,552,802,17,12,9
555,816,566,831,546,834,8,8,8
555,816,546,834,533,818,9,9,9
540,802,555,816,533,818,14,12,9
555,816,540,802,552,802,15,12,9
480,697,485,696,482,703,122,107,97
479,698,480,697,482,703,167,141,129
485,696,480,697,479,689,15,14,11
469,702,479,698,477,705,107,55,44
469,702,460,701,467,691,92,45,37
460,701,469,702,461,707,13,7,5
469,702,463,717,461,707,8,8,5
469,702,477,705,471,720,23,13,6
463,717,469,702,471,720,10,9,5
468,854,473,857,467,858,5,7,2
469,864,473,857,478,859,16,17,12
467,858,473,857,469,864,18,19,13
473,857,485,853,478,859,6,7,3
473,857,468,854,467,851,4,6,1
479,840,473,857,467,851,29,8,3
485,853,473,857,479,840,37,12,6
504,846,505,851,501,848,40,14,5
505,851,505,857,501,848,62,17,7
534,858,526,855,528,849,38,18,11
528,849,526,855,522,847,24,8,4
519,860,519,871,511,861,17,8,5
510,871,519,871,515,873,6,6,3
519,871,510,871,511,861,15,9,6
519,871,518,882,515,873,4,5,3
536,907,539,895,544,898,20,13,9
530,897,539,895,536,907,41,19,14
539,895,547,886,544,898,30,17,13
519,871,532,876,518,882,10,11,7
544,874,532,876,536,870,24,17,15
544,880,532,876,544,874,28,20,17
532,876,532,866,536,870,16,12,9
487,875,491,878,487,877,29,10,2
491,878,491,880,487,877,30,9,1
491,878,487,875,487,871,30,12,5
407,860,410,859,413,864,87,58,50
410,859,407,860,407,857,66,34,28
416,854,410,859,407,857,66,21,20
407,833,405,841,401,830,19,10,5
407,833,412,836,405,841,16,10,4
409,824,407,833,401,830,5,4,1
412,836,407,833,409,824,5,4,0
448,792,457,796,458,799,5,5,5
457,796,448,792,456,793,5,5,5
457,796,459,795,458,799,6,6,5
485,763,490,769,487,771,41,14,8
490,764,490,769,485,763,35,14,9
490,769,497,779,487,771,86,19,6
497,779,490,769,493,761,84,19,7
490,769,490,764,493,761,75,17,7
476,753,475,755,459,748,6,5,3
475,755,468,762,459,748,24,12,9
475,755,485,763,480,766,13,13,9
475,755,476,753,485,763,8,8,5
468,762,467,765,463,768,102,47,36
463,768,467,765,471,780,44,18,12
467,765,480,772,471,780,76,44,37
495,790,497,779,504,787,91,48,40
495,790,493,789,497,779,80,32,24
507,792,495,790,504,787,47,15,6
495,790,507,792,495,801,15,11,5
483,778,480,782,482,776,78,16,8
493,789,483,778,497,779,95,23,10
497,779,483,778,487,771,91,24,12
483,778,482,776,487,771,106,40,31
430,848,425,853,424,845,18,10,5
416,854,425,853,423,856,38,20,16
425,853,416,854,424,845,23,8,4
443,849,441,845,444,846,24,5,2
443,849,445,850,441,852,39,13,8
438,852,430,848,437,843,14,8,2
441,845,438,852,437,843,14,6,1
443,849,438,852,441,845,21,7,2
438,852,443,849,441,852,27,9,4
446,847,448,838,463,840,49,9,3
448,838,446,847,445,844,33,5,2
449,855,446,847,463,840,36,10,5
445,850,446,847,449,855,51,16,13
445,844,446,847,444,846,33,6,2
446,847,443,849,444,846,38,9,6
443,849,446,847,445,850,42,12,8
435,431,431,430,433,423,121,123,116
433,423,431,430,430,421,120,124,116
431,430,428,431,430,421,111,114,106
428,431,431,430,437,435,129,129,123
431,430,435,431,437,435,133,133,126
456,456,457,461,450,457,147,148,141
454,468,457,461,458,463,165,165,161
457,461,454,468,450,457,155,156,151
458,463,457,461,468,460,150,151,146
457,461,456,456,468,460,143,144,138
497,512,495,516,496,510,105,107,99
497,508,497,512,496,510,121,122,113
501,513,497,512,497,508,142,143,135
487,509,495,516,487,520,128,130,122
483,515,487,509,487,520,122,124,117
496,510,487,509,489,505,145,149,139
495,516,487,509,496,510,129,132,123
487,509,485,506,489,505,138,141,133
487,509,483,515,485,506,129,132,125
487,520,487,521,478,524,112,113,107
487,521,490,525,478,524,111,112,105
490,525,487,521,487,520,120,121,113
490,525,497,530,496,535,89,80,71
497,530,490,525,498,523,112,115,105
504,527,497,530,498,523,97,86,79
497,530,503,534,496,535,97,29,29
497,530,504,533,503,534,100,29,28
504,533,497,530,504,527,83,38,34
495,516,496,517,487,520,119,121,113
496,517,490,525,487,520,120,122,114
490,525,496,517,498,523,122,123,115
479,453,485,446,491,451,94,14,17
494,446,485,446,485,444,41,4,3
491,451,485,446,494,446,67,7,11
485,446,479,444,485,444,79,5,8
485,446,479,453,479,444,98,15,18
484,463,482,464,483,461,108,111,100
489,464,484,463,483,461,48,42,34
468,454,476,453,470,458,143,141,136
476,453,468,454,470,449,95,88,85
464,448,468,454,461,450,149,149,145
468,454,464,448,466,447,144,143,140
470,449,468,454,466,447,133,133,129
468,454,470,458,468,460,161,162,156
468,454,456,456,461,450,141,142,137
456,456,468,454,468,460,144,145,138
501,473,503,465,516,469,94,8,13
503,465,501,473,499,467,143,16,30
503,465,514,457,516,469,76,6,9
503,465,499,467,502,456,102,13,21
505,454,503,465,502,456,58,7,12
503,465,505,454,514,457,78,6,12
501,473,499,475,499,467,107,9,19
499,475,501,473,500,476,55,3,4
496,482,499,475,500,476,104,99,94
492,475,499,475,496,482,133,131,126
494,443,494,436,497,442,159,53,56
491,431,494,436,482,438,103,34,36
482,438,494,436,485,444,47,7,8
494,436,494,443,485,444,47,8,8
536,482,540,489,530,488,78,7,14
529,485,536,482,530,488,86,10,18
536,482,529,485,533,478,78,7,14
540,489,536,482,549,480,43,1,2
536,482,533,478,544,471,41,1,2
549,480,536,482,544,471,45,3,4
342,478,342,484,341,483,205,201,196
342,485,342,484,343,486,138,134,129
342,484,342,485,341,483,197,194,188
342,484,342,478,352,475,172,169,163
343,486,342,484,352,475,166,163,157
464,475,462,476,463,474,139,140,132
462,476,464,475,468,482,165,166,160
460,479,458,477,460,477,183,184,177
460,479,457,481,458,477,164,166,159
457,481,460,479,458,485,173,174,167
458,485,460,479,468,482,164,165,160
462,476,460,479,460,477,165,166,159
460,479,462,476,468,482,165,166,159
421,484,422,486,421,489,152,152,150
422,486,423,487,421,489,148,148,146
422,486,421,484,425,485,184,184,182
423,487,422,486,425,485,174,175,172
336,534,335,535,333,531,61,57,53
333,531,335,535,327,538,29,23,21
335,535,334,539,327,538,18,11,9
334,539,335,535,335,540,25,17,15
335,535,336,534,335,540,30,23,20
499,209,495,215,495,209,27,27,25
495,215,495,217,487,214,25,26,23
495,209,495,215,487,214,30,30,28
495,217,495,215,502,217,23,24,21
495,215,499,209,502,217,27,28,25
490,167,509,165,490,172,15,16,14
487,168,490,167,490,172,18,18,17
498,157,490,167,492,160,29,22,18
509,165,490,167,498,157,24,22,17
413,322,413,326,411,325,19,17,11
413,322,412,317,419,315,29,29,22
413,322,419,315,424,315,24,25,19
425,332,413,322,430,327,27,26,21
413,322,424,315,430,327,24,24,19
413,326,413,322,425,332,25,24,19
405,325,413,322,411,325,15,11,6
413,322,405,325,412,317,25,23,17
412,317,405,325,402,314,29,26,21
405,325,399,322,402,314,33,27,22
458,286,465,287,458,301,107,109,99
453,288,458,286,458,301,63,65,56
456,283,458,286,454,284,83,84,77
458,286,453,288,454,284,92,93,86
455,311,441,310,446,303,33,34,28
441,310,455,311,444,318,54,55,49
438,314,441,310,444,318,38,39,34
441,310,439,304,446,303,44,45,40
442,328,442,326,454,323,62,63,57
455,332,442,328,454,323,62,63,57
442,328,455,332,442,329,60,61,55
424,315,433,320,430,327,34,35,30
431,313,433,320,424,315,24,25,20
425,309,431,313,424,315,40,40,35
425,309,429,298,431,301,55,55,51
425,309,419,315,414,307,46,46,41
419,315,425,309,424,315,49,49,45
425,294,425,309,414,307,32,32,28
429,298,425,309,425,294,40,41,36
456,248,449,249,453,246,58,53,45
449,251,449,249,456,248,50,48,42
449,249,453,245,453,246,55,56,50
453,245,449,249,448,240,50,47,42
533,390,532,384,537,382,58,59,52
530,388,532,384,533,390,51,52,45
519,398,519,391,528,397,134,79,63
519,391,524,389,528,397,137,87,71
524,389,524,385,530,388,62,56,46
494,379,495,383,491,381,117,118,113
494,379,493,368,504,375,100,101,95
495,383,494,379,504,382,116,118,111
494,379,505,377,504,382,126,127,120
494,379,504,375,505,377,130,131,124
461,271,465,279,460,277,93,94,87
455,274,461,271,460,277,68,69,61
462,270,461,271,459,267,118,120,110
435,272,454,265,449,275,60,61,56
447,255,454,265,435,272,50,51,46
454,265,447,255,456,259,60,60,56
283,217,285,211,286,219,100,86,65
285,220,283,217,286,219,102,89,72
283,217,285,220,282,221,106,93,75
283,217,282,221,271,216,74,62,42
285,211,283,217,271,216,92,77,56
276,200,274,199,272,194,78,61,38
270,206,274,199,276,200,156,135,100
274,199,269,193,272,194,111,91,69
274,199,270,206,269,193,128,108,79
262,187,257,186,257,184,116,96,75
257,186,253,187,257,184,51,39,20
257,186,262,187,253,192,93,75,53
253,187,257,186,253,192,51,38,18
263,177,270,179,265,185,116,66,45
270,179,275,183,265,185,128,84,60
293,181,302,178,301,180,104,86,61
298,193,293,181,301,180,130,109,81
290,187,293,181,298,193,133,112,84
302,178,293,181,303,173,94,77,53
282,153,267,159,267,147,79,43,30
282,153,279,143,283,149,103,53,38
279,143,282,153,267,147,73,40,28
322,152,319,151,326,147,48,40,30
322,152,321,155,319,151,67,58,48
329,153,322,152,326,147,37,30,20
321,155,322,152,329,153,51,43,32
319,151,319,156,313,159,44,36,25
321,155,319,156,319,151,56,47,36
319,156,320,162,313,159,43,34,23
319,156,321,155,320,162,31,22,12
319,209,312,211,308,199,40,33,22
308,199,312,211,302,210,75,63,45
312,211,312,213,302,210,60,48,35
326,202,324,203,324,197,23,23,13
326,202,333,207,324,203,31,29,22
326,202,334,201,333,207,28,26,19
330,188,334,190,334,191,35,30,19
330,188,325,193,324,190,20,16,7
334,190,330,188,332,185,36,30,20
330,188,326,178,332,185,34,29,20
326,178,330,188,320,182,33,28,19
330,188,324,190,320,182,29,24,15
416,180,414,186,414,179,44,34,23
417,177,416,180,414,179,81,35,21
385,147,388,153,383,155,18,13,9
388,153,389,157,383,155,18,16,13
422,211,423,209,422,212,29,20,10
418,210,422,211,422,212,79,44,34
422,211,418,210,423,209,91,56,43
418,210,422,206,423,209,118,69,52
423,209,422,206,429,202,60,41,31
429,202,422,206,423,196,111,53,38
422,206,418,198,423,196,123,54,33
435,229,440,225,443,226,37,34,29
434,233,435,229,443,226,33,32,29
422,237,424,232,432,241,35,36,33
424,232,422,237,417,235,29,30,27
419,222,424,232,417,235,25,25,22
411,218,414,220,409,223,127,77,64
411,218,410,214,414,220,147,80,64
402,217,411,218,409,223,110,49,33
410,214,406,213,414,207,69,28,18
414,207,406,213,397,208,40,20,13
406,213,399,212,397,208,14,15,8
399,212,406,213,402,217,20,16,10
406,213,411,218,402,217,70,29,15
411,218,406,213,410,214,97,33,16
409,234,408,230,417,235,27,25,19
410,236,409,234,417,235,30,29,24
408,230,409,234,401,235,103,62,45
409,234,410,236,401,235,76,51,38
375,248,376,252,369,251,13,14,10
371,246,375,248,369,251,17,18,14
375,248,371,246,376,245,27,28,23
384,268,380,260,389,264,98,46,30
384,269,384,268,389,264,55,37,26
380,260,384,268,374,271,103,46,31
384,268,384,269,374,271,111,49,32
390,274,384,279,383,272,30,30,23
385,281,384,279,390,274,36,38,31
384,279,374,271,383,272,85,41,26
384,279,371,276,374,271,86,40,26
371,276,384,279,371,280,81,43,28
384,279,385,281,371,280,69,38,25
387,283,397,284,389,288,24,25,21
387,283,390,274,397,284,27,27,24
387,283,385,281,390,274,35,36,30
388,299,388,297,389,298,16,17,12
388,299,384,302,388,297,29,30,26
389,302,388,299,389,298,26,25,22
388,299,389,302,384,302,35,35,32
388,297,383,302,378,300,21,21,16
384,302,383,302,388,297,27,27,23
383,302,383,307,378,300,15,16,11
383,302,384,302,383,307,10,11,7
555,116,555,121,551,118,17,18,15
548,113,555,116,551,118,15,16,13
555,116,548,113,556,114,13,13,11
565,127,557,125,559,118,8,8,6
557,125,555,121,559,118,6,6,4
557,125,565,127,555,128,8,7,4
555,121,557,125,555,128,6,6,3
583,71,578,72,583,70,74,42,31
578,72,583,71,585,79,60,33,24
585,79,583,71,591,77,60,32,27
585,67,583,71,583,70,33,17,12
583,71,585,67,591,77,40,22,17
567,131,567,132,566,129,20,18,13
570,218,576,212,576,219,32,29,24
570,218,569,216,576,212,34,27,23
572,224,570,218,576,219,23,15,11
332,489,334,496,330,495,157,154,148
336,490,334,496,332,489,160,156,150
334,496,336,490,338,493,155,152,146
337,497,334,496,338,493,160,156,150
331,499,334,496,337,497,145,141,135
330,495,334,496,331,499,155,152,146
294,497,302,494,299,505,84,75,71
294,504,294,497,299,505,75,62,59
294,497,294,504,290,501,54,35,35
287,494,294,497,290,501,59,43,42
302,494,294,497,286,485,82,75,69
294,497,287,494,286,485,78,69,64
291,324,289,322,299,317,65,2,1
303,326,291,324,299,317,68,3,3
288,314,289,322,283,316,65,1,0
288,314,274,313,294,307,179,13,16
299,317,288,314,294,307,185,10,14
289,322,288,314,299,317,109,5,6
312,364,311,357,313,363,17,5,4
313,363,311,357,327,360,18,2,1
311,357,312,364,299,362,26,17,13
307,354,311,357,299,362,19,6,3
311,357,328,341,327,360,18,2,1
301,337,303,326,315,334,19,1,1
284,361,287,373,278,370,89,80,71
293,366,287,373,284,361,84,78,69
281,383,287,373,286,381,121,115,105
278,370,287,373,281,383,113,106,97
287,373,294,378,286,381,106,100,91
287,373,293,366,294,378,92,86,76
291,358,293,366,284,361,71,65,57
291,358,284,352,295,354,23,11,8
299,362,291,358,295,354,32,25,19
293,366,291,358,299,362,56,52,43
354,430,359,433,352,436,180,176,171
349,431,354,430,352,436,183,179,174
354,430,349,431,351,429,162,158,153
192,121,195,118,198,129,16,14,8
192,121,183,133,181,128,17,14,9
183,133,192,121,198,129,17,14,8
178,120,192,121,181,128,15,14,8
184,114,192,121,178,120,14,13,6
288,144,284,135,295,131,48,28,19
292,145,288,144,295,131,28,22,15
284,135,288,144,279,143,87,44,26
279,143,288,144,283,149,77,45,31
288,144,291,149,283,149,44,34,23
291,149,288,144,292,145,33,28,19
464,346,458,348,459,339,116,117,111
459,339,458,348,454,338,60,61,56
454,338,458,348,446,345,47,48,43
458,348,446,351,446,345,39,40,36
458,348,458,350,446,351,37,39,34
458,350,461,352,457,362,65,36,26
461,352,465,358,457,362,85,34,19
458,348,461,352,458,350,116,115,109
461,352,458,348,464,346,120,116,109
467,360,471,361,464,364,65,44,30
465,358,467,360,464,364,93,39,16
356,298,352,299,353,290,16,8,4
358,295,356,298,353,290,17,11,7
356,298,361,301,352,299,32,7,5
356,298,358,295,361,301,35,11,8
388,231,391,240,384,233,31,26,23
385,229,388,231,384,233,30,29,25
388,231,385,229,391,227,17,17,13
391,240,388,231,401,235,85,39,27
388,231,391,227,401,235,67,32,23
294,160,301,159,303,173,91,77,55
286,202,290,201,287,206,80,69,49
275,183,282,191,272,194,98,78,54
282,191,288,195,286,198,133,111,81
282,191,276,200,272,194,96,78,54
282,191,286,198,276,200,117,98,71
293,193,290,187,298,193,164,139,107
293,193,288,195,290,187,155,130,97
294,202,293,193,298,193,73,57,39
290,201,293,193,294,202,94,76,52
205,234,211,232,212,233,41,19,9
206,230,211,232,205,234,51,23,10
212,233,211,232,211,224,90,39,23
211,232,206,230,211,224,90,40,23
182,112,178,120,177,109,15,14,7
182,112,184,114,178,120,14,13,6
192,105,182,112,177,109,15,14,7
184,114,182,112,192,105,14,14,6
183,133,183,135,170,134,17,15,10
183,135,183,136,170,134,18,16,10
183,135,183,133,198,129,17,13,9
183,135,198,129,184,139,17,14,9
183,136,183,135,184,139,14,12,6
193,324,193,320,202,328,8,5,3
202,334,193,324,202,328,7,5,2
187,327,193,324,202,334,8,5,3
193,324,187,327,187,325,7,5,3
193,320,194,315,202,328,9,5,3
194,315,215,317,202,328,14,2,1
215,317,194,315,201,307,17,5,3
194,315,192,313,201,307,20,16,9
194,315,193,320,192,313,14,10,4
192,313,186,319,180,314,22,19,12
193,320,186,319,192,313,19,15,9
186,319,178,326,180,314,20,18,12
178,326,186,319,187,325,18,17,11
165,303,167,309,161,308,20,18,12
167,309,160,311,161,308,22,20,14
167,309,167,313,160,311,22,21,15
167,313,167,309,170,315,22,21,15
187,265,181,257,186,258,60,48,32
181,257,180,256,186,258,78,65,49
174,260,181,257,187,265,53,42,27
180,256,181,257,174,260,61,49,33
124,343,129,344,121,349,42,33,22
129,344,124,343,129,333,59,51,42
121,350,113,348,121,349,10,2,2
121,350,115,354,113,348,10,2,2
132,355,131,352,137,353,69,58,44
131,352,132,355,125,357,30,22,9
101,408,109,407,112,413,38,18,11
109,407,119,396,112,413,42,12,6
119,396,109,407,106,387,31,6,3
109,407,99,390,106,387,24,6,3
99,390,109,407,98,406,23,6,3
109,407,101,408,98,406,24,10,5
115,359,125,357,118,364,6,2,0
115,359,115,354,125,357,7,1,0
109,366,115,359,118,364,17,3,2
115,359,109,366,103,359,15,2,1
104,355,115,359,103,359,16,2,2
115,354,115,359,104,355,17,2,2
278,327,276,347,272,348,28,1,0
276,347,278,327,284,328,29,1,0
280,355,284,361,272,365,73,63,55
270,356,280,355,272,365,64,56,47
262,364,265,363,262,367,73,24,26
272,369,265,363,272,365,50,37,29
265,363,272,369,262,367,55,32,27
265,363,267,360,272,365,46,32,24
265,363,262,364,262,362,71,21,23
267,360,265,363,262,362,65,24,23
273,319,272,320,274,313,20,1,1
273,319,274,325,272,320,16,1,1
222,346,231,355,221,347,36,1,2
222,345,222,346,221,347,51,0,3
222,346,222,345,231,355,35,1,1
210,333,202,334,202,328,13,2,1
210,333,205,343,202,334,11,2,1
205,343,210,333,219,340,24,1,2
219,339,219,332,226,326,63,2,2
240,335,219,339,226,326,52,1,1
210,333,219,339,219,340,30,0,1
219,339,222,345,219,340,59,2,2
219,339,240,335,222,345,49,2,2
221,316,215,321,215,317,37,0,0
215,317,215,321,202,328,17,0,0
215,321,210,333,202,328,16,1,0
139,312,138,315,137,309,33,4,3
139,306,139,312,137,309,40,4,1
146,307,139,312,139,306,79,37,30
139,312,143,317,138,315,65,20,14
139,312,146,307,143,317,78,36,28
152,311,146,307,153,304,15,10,7
155,310,152,311,153,304,6,6,2
146,318,152,311,153,312,20,13,8
146,307,152,311,146,318,18,11,7
142,301,146,305,139,306,79,43,36
146,305,146,307,139,306,77,36,30
153,303,146,305,142,301,41,29,23
146,305,153,303,153,304,19,15,11
146,307,146,305,153,304,16,12,9
159,343,158,337,167,336,18,16,12
113,243,115,236,115,244,9,9,4
129,234,115,236,124,226,23,14,5
115,236,129,242,115,244,9,7,2
115,236,129,234,129,242,10,8,3
162,230,155,228,155,224,87,66,51
155,231,155,228,162,230,103,86,67
155,228,155,231,149,229,63,51,34
155,228,149,229,149,225,55,40,27
152,223,155,228,149,225,51,32,20
155,228,152,223,155,224,61,38,25
154,240,156,247,147,239,43,38,28
155,231,154,240,147,239,50,44,32
156,247,154,240,157,247,38,32,21
161,265,162,250,168,259,29,24,16
162,250,161,265,150,253,25,21,13
185,217,180,226,167,216,109,65,41
180,226,185,217,182,225,109,62,39
180,226,182,225,187,227,59,25,10
165,229,164,236,162,230,42,32,20
152,223,155,223,155,224,47,21,8
154,217,155,223,152,223,104,57,37
155,223,161,219,155,224,98,54,34
155,223,160,217,161,219,115,67,44
155,223,154,217,160,217,113,66,43
164,276,165,290,156,280,36,31,23
165,290,160,294,156,280,28,25,17
165,290,165,303,160,294,12,10,3
165,290,169,289,165,303,18,15,8
178,296,169,289,181,288,28,23,14
169,289,178,296,165,303,23,20,12
196,291,203,289,204,293,32,24,14
196,291,196,290,203,289,33,25,14
177,271,165,270,173,267,25,20,11
165,270,177,271,164,276,28,22,14
174,260,177,271,173,267,34,27,15
177,271,174,260,187,265,48,37,23
168,264,161,265,168,259,35,28,21
168,264,173,261,172,266,31,27,15
173,261,168,264,168,259,31,27,15
165,270,168,264,172,266,25,22,12
161,265,168,264,165,270,26,22,15
133,285,135,288,132,289,51,29,17
125,278,133,285,132,289,31,23,17
137,282,133,285,125,278,54,35,26
138,286,137,282,140,284,108,58,43
135,288,138,286,135,291,78,32,15
138,286,133,285,137,282,93,54,38
133,285,138,286,135,288,75,38,22
138,286,140,284,152,292,39,23,15
138,286,142,301,135,291,77,39,27
142,301,138,286,152,292,44,26,18
241,303,237,301,245,300,68,4,2
237,301,241,303,240,305,35,1,0
247,312,255,311,245,318,29,3,5
257,266,254,276,249,272,170,2,2
254,276,252,281,249,272,198,1,1
259,265,254,276,257,266,183,3,2
252,281,254,276,277,285,224,17,21
277,285,254,276,276,267,213,14,17
254,276,259,265,276,267,198,7,10
172,87,175,78,189,81,11,9,4
189,81,175,78,176,70,11,9,4
175,78,173,75,176,70,39,15,7
170,85,172,87,167,88,18,11,4
163,83,170,85,167,88,52,22,14
165,80,170,85,163,83,62,24,17
170,85,175,78,172,87,20,9,3
152,100,151,103,149,95,16,8,2
154,99,152,100,149,95,20,8,3
152,100,154,99,151,103,32,8,2
607,819,590,822,598,814,7,7,6
608,817,607,819,598,814,6,6,4
607,819,609,832,590,822,13,8,5
607,819,608,817,611,818,10,4,0
427,869,442,872,430,878,33,36,31
427,869,420,872,422,868,47,46,40
422,863,427,869,422,868,80,81,72
427,869,430,878,425,879,35,37,33
420,872,427,869,420,875,34,33,27
420,875,427,869,425,879,35,33,28
202,485,202,486,198,483,18,15,11
203,484,202,485,198,483,17,15,11
202,485,203,484,202,486,9,10,7
131,442,154,433,156,440,2,2,2
154,433,169,429,156,440,2,3,2
123,502,123,505,121,507,20,1,1
123,505,121,508,121,507,18,1,1
123,505,127,509,121,508,20,2,3
123,505,123,502,127,499,24,2,3
127,509,123,505,127,499,23,2,3
98,358,92,361,91,356,15,3,3
92,361,70,361,91,356,2,1,0
103,377,103,369,109,366,9,1,0
95,375,103,369,103,377,17,4,3
308,821,308,823,296,811,10,5,1
308,823,286,828,296,811,6,4,0
308,823,308,824,286,828,3,3,0
308,823,308,821,311,819,14,2,0
316,824,308,823,311,819,24,4,0
308,824,308,823,316,824,25,4,0
356,838,364,833,361,844,41,20,14
364,833,369,836,361,844,42,20,15
364,833,356,838,353,828,42,20,13
364,833,353,828,370,824,32,12,6
377,837,371,834,377,831,21,10,3
369,836,371,834,377,837,25,13,6
382,824,381,822,384,823,17,8,4
379,821,381,822,382,824,24,10,7
381,822,383,803,384,823,4,4,0
383,803,381,822,379,821,5,4,0
408,877,406,872,415,873,69,26,21
406,872,405,869,413,864,79,54,45
415,873,406,872,413,864,81,48,40
384,851,374,852,375,842,47,26,19
386,843,384,851,375,842,47,24,17
374,852,384,851,384,859,74,69,61
384,851,386,843,391,849,55,30,22
384,851,388,858,384,859,55,47,39
384,851,391,849,388,858,52,38,31
386,843,389,838,393,840,30,15,8
389,838,386,843,382,835,32,16,9
387,831,389,838,382,835,35,21,15
389,838,394,839,393,840,27,14,7
394,839,389,838,387,831,31,16,9
402,851,407,857,398,861,53,36,29
402,851,402,850,407,857,50,26,19
391,849,402,851,398,861,54,39,32
402,851,391,849,393,847,62,36,29
402,850,402,851,393,847,62,36,29
435,816,421,811,427,808,53,13,5
421,811,435,816,435,819,50,11,5
409,824,421,811,435,819,23,6,3
418,809,421,811,409,824,9,3,2
418,803,418,809,416,802,72,16,3
423,803,418,803,413,794,30,11,6
418,803,416,802,413,794,44,17,10
397,712,391,709,391,705,30,9,5
402,714,397,712,391,705,26,10,5
397,712,402,714,403,718,43,18,15
394,721,397,712,403,718,67,24,17
349,685,353,688,348,685,14,1,5
353,688,349,685,354,686,18,2,4
357,674,364,670,364,681,13,7,3
361,682,357,674,364,681,21,10,4
364,670,357,674,353,660,47,11,2
357,674,349,665,353,660,63,16,5
357,674,361,682,354,686,59,23,12
670,666,664,667,660,664,8,6,3
571,772,579,771,573,777,13,14,11
579,771,571,772,571,767,12,12,10
560,783,571,772,573,777,12,12,10
551,774,571,772,560,783,12,13,10
571,767,571,772,551,774,14,15,13
625,724,628,720,634,734,13,9,6
622,727,625,724,634,734,11,8,6
625,724,622,727,616,721,68,20,8
625,714,625,724,616,721,64,23,14
625,724,625,714,628,720,60,23,11
627,712,634,717,632,718,66,24,12
631,708,634,717,627,712,66,24,11
634,717,647,711,648,723,34,18,11
647,711,634,717,641,703,43,19,9
634,717,631,708,641,703,48,19,8
632,718,634,717,643,728,19,14,10
634,717,648,723,643,728,32,18,13
655,675,656,663,660,672,49,19,8
655,675,650,665,656,663,78,27,15
656,679,655,675,660,672,38,13,5
647,679,655,675,656,679,63,24,13
650,665,655,675,647,679,65,24,13
642,539,632,538,635,533,13,10,6
642,539,634,542,632,538,17,13,9
642,539,646,535,657,544,47,26,19
645,553,642,539,657,544,51,25,16
632,538,632,540,629,543,92,31,19
632,540,634,542,629,543,78,29,17
634,542,632,540,632,538,31,15,7
634,542,637,547,629,543,77,30,17
637,547,642,539,645,553,30,27,21
642,539,637,547,634,542,27,20,17
612,560,610,564,604,554,42,43,38
612,560,617,567,610,564,48,48,45
617,567,612,560,626,559,36,36,33
609,581,609,582,607,579,49,50,44
611,574,609,581,607,579,28,29,23
609,581,616,583,609,582,35,35,31
609,581,611,574,616,583,23,24,19
641,576,631,571,636,569,37,24,16
631,571,634,563,636,569,12,11,6
634,563,631,571,627,565,7,9,4
623,575,631,571,625,585,28,28,24
638,584,641,576,643,588,87,29,14
640,591,638,584,643,588,82,30,13
638,584,640,591,634,590,95,31,15
638,584,634,590,625,585,65,32,22
631,571,638,584,625,585,34,29,23
638,584,631,571,641,576,48,29,21
639,570,641,576,636,569,51,28,17
603,629,607,626,611,635,16,16,14
607,626,612,627,611,635,17,17,15
606,613,600,607,603,600,69,43,35
591,619,599,617,593,625,13,14,12
599,617,591,619,592,609,19,19,17
587,603,582,602,580,599,139,51,26
582,602,587,603,584,605,88,34,17
582,602,584,605,579,607,77,32,12
574,601,582,602,579,607,124,33,10
582,602,574,601,580,599,159,36,9
629,605,623,595,629,598,74,28,16
629,605,621,610,623,595,58,25,16
629,605,629,598,632,602,33,25,16
635,608,629,605,632,602,18,16,16
622,551,616,545,617,541,19,20,18
616,545,603,548,604,544,37,36,33
609,536,616,545,604,544,46,43,42
616,545,609,536,617,541,41,38,37
596,561,596,556,604,554,63,66,57
596,556,598,553,604,554,41,44,35
598,553,596,556,595,549,71,71,62
594,594,601,587,603,592,67,68,62
589,585,601,587,594,594,90,91,84
601,587,609,582,603,592,66,66,60
602,578,596,580,594,574,173,175,169
656,610,653,604,654,601,54,18,3
653,604,656,610,650,609,70,25,7
653,604,647,602,654,601,66,26,13
647,602,653,604,650,609,70,28,14
679,403,671,398,681,394,65,7,8
682,401,679,403,681,394,44,33,27
679,403,682,401,680,403,70,62,55
675,408,679,403,680,403,42,27,22
671,398,679,403,675,408,62,5,6
668,425,670,419,673,421,42,6,5
670,419,670,418,673,421,31,3,2
670,419,668,425,650,420,194,21,37
670,418,670,419,650,420,198,14,33
668,434,664,437,666,431,54,3,4
664,438,664,437,668,434,42,5,3
666,431,664,437,651,440,188,24,41
664,437,664,438,651,440,196,22,41
659,385,657,377,662,386,144,8,17
657,377,659,385,655,383,101,11,15
657,360,653,369,642,365,33,26,22
634,405,643,396,641,407,100,59,52
643,396,650,402,641,407,39,18,18
650,402,643,396,650,399,27,10,10
639,389,638,392,636,388,158,108,94
639,389,637,382,640,379,145,95,78
637,382,639,389,636,388,164,115,100
655,383,639,389,640,379,39,20,16
495,674,499,663,504,668,10,11,7
494,664,499,663,495,674,10,10,8
499,663,508,667,504,668,13,14,10
499,663,499,659,508,667,13,14,10
499,659,498,657,509,650,11,11,9
509,650,498,657,499,643,19,11,9
498,657,495,646,499,643,11,11,7
495,646,498,657,483,653,10,10,7
484,710,486,712,486,715,31,13,4
490,711,486,712,484,710,71,26,12
487,713,493,718,486,715,31,8,6
487,713,490,711,493,718,49,15,11
486,712,487,713,486,715,26,12,7
487,713,486,712,490,711,63,19,11
457,588,448,584,450,578,23,2,1
448,584,457,588,445,588,15,1,0
448,584,438,586,450,578,29,1,2
438,586,448,584,445,588,17,1,0
455,606,445,602,457,588,37,20,15
455,606,465,604,462,607,112,84,72
445,602,444,603,441,604,13,6,6
478,562,483,558,486,567,57,10,9
483,558,478,562,471,548,41,3,3
478,562,464,569,462,549,39,4,5
471,548,478,562,462,549,35,3,3
461,609,459,617,456,614,75,29,19
461,609,455,606,462,607,149,98,81
455,606,461,609,456,614,113,58,45
465,604,473,599,477,608,22,20,14
473,599,465,604,466,598,22,20,15
472,616,484,621,482,624,111,71,57
472,616,475,613,484,621,84,62,52
467,627,472,616,482,624,89,48,36
472,616,467,627,463,622,51,23,16
480,579,483,572,484,573,15,1,0
453,639,453,640,450,643,6,6,4
453,640,454,642,450,643,6,6,4
454,642,453,640,453,639,6,6,4
481,601,487,603,477,608,19,22,18
473,599,481,601,477,608,18,20,15
481,601,473,599,477,597,19,19,14
481,601,477,597,487,597,20,21,16
487,603,481,601,487,597,22,24,20
466,583,463,594,457,588,8,1,0
463,594,455,606,457,588,35,25,21
465,604,463,594,466,598,17,14,10
455,606,463,594,465,604,42,31,26
477,597,475,597,472,581,10,4,2
475,597,466,583,472,581,11,4,3
473,599,475,597,477,597,20,18,12
475,597,463,594,466,583,10,4,3
475,597,473,599,466,598,26,23,19
463,594,475,597,466,598,17,13,10
549,658,558,663,553,668,136,36,20
558,663,549,658,559,657,133,41,25
565,665,558,663,559,657,114,87,77
574,641,572,645,567,637,11,11,9
572,645,574,641,578,640,9,9,7
574,641,567,637,571,631,24,13,11
578,640,574,641,571,631,15,16,14
569,652,568,649,572,651,20,18,20
568,649,572,645,572,651,19,16,19
562,647,568,649,569,652,16,14,9
544,664,544,659,547,659,143,38,27
547,659,544,659,544,654,139,99,81
544,659,540,656,544,654,169,115,102
540,656,544,659,538,660,155,82,68
544,659,544,664,538,660,83,22,12
573,670,568,667,569,662,128,78,66
582,655,573,670,569,662,74,48,40
573,670,582,655,586,668,69,46,38
568,667,564,671,565,665,128,64,52
573,670,564,671,568,667,109,42,30
550,640,555,643,549,644,24,9,5
555,643,562,647,559,657,93,21,9
555,643,550,640,552,636,20,10,5
555,643,549,658,549,644,84,15,7
549,658,555,643,559,657,93,18,8
562,634,555,643,552,636,68,16,6
564,639,562,634,567,637,100,26,10
572,645,564,639,567,637,24,13,7
564,639,555,643,562,634,90,20,7
555,643,564,639,562,647,96,22,8
568,649,564,639,572,645,18,12,9
564,639,568,649,562,647,37,15,6
591,666,590,654,594,656,24,18,15
582,655,591,666,586,668,45,33,27
590,654,591,666,582,655,24,20,15
593,669,591,666,596,665,126,58,52
591,666,593,669,586,668,154,89,78
595,690,599,683,596,693,10,12,9
599,683,595,690,593,683,11,13,10
519,701,534,698,534,706,76,18,8
528,693,534,698,519,701,63,18,8
534,687,537,673,543,674,84,15,6
565,480,558,490,557,487,128,61,46
553,481,565,480,557,487,117,51,39
557,462,550,459,558,449,49,46,39
557,462,558,449,569,448,47,50,44
564,468,557,462,569,448,51,52,47
554,467,557,462,556,470,61,44,39
557,462,564,468,556,470,55,55,49
567,477,563,472,569,473,68,67,59
563,472,564,468,569,473,89,88,79
564,468,563,472,556,470,73,67,58
565,480,563,472,567,477,66,65,57
563,472,553,481,556,470,110,64,49
563,472,565,480,553,481,105,64,49
590,464,591,460,591,466,46,33,28
564,468,572,469,569,473,94,94,85
578,459,572,469,564,468,71,71,64
581,456,578,459,569,448,44,45,39
590,487,582,482,590,480,119,73,60
508,517,506,510,512,511,139,140,132
518,519,508,517,512,511,118,113,105
508,517,501,513,506,510,135,136,129
508,517,518,519,511,526,108,56,54
506,522,508,517,511,526,120,100,91
547,607,545,609,542,608,25,26,22
541,614,544,616,540,617,13,14,10
541,613,541,614,540,617,16,16,12
541,614,541,613,544,616,13,13,9
561,593,558,596,556,592,70,27,21
558,596,557,596,556,592,59,27,22
558,596,561,593,565,598,74,25,20
557,596,558,596,551,606,23,24,21
563,612,558,596,565,598,33,26,22
551,606,558,596,563,612,28,26,22
672,347,668,333,682,345,34,2,3
642,355,631,358,634,348,77,54,45
643,350,642,355,634,348,98,66,55
643,357,657,360,642,365,36,27,23
643,357,654,354,657,360,27,20,17
631,361,643,357,642,365,88,63,52
654,354,643,357,643,350,22,13,9
643,357,642,355,643,350,92,37,26
643,357,631,361,631,358,84,59,49
642,355,643,357,631,358,78,53,43
592,389,585,384,587,382,133,51,35
585,384,587,377,587,382,105,32,20
585,384,574,379,587,377,54,35,28
599,402,601,400,600,406,101,37,25
596,401,599,402,600,406,122,40,27
599,402,596,401,601,400,57,21,12
584,406,598,409,591,415,136,38,19
598,409,584,406,596,401,151,48,27
596,416,596,413,599,412,47,38,27
596,413,598,409,599,412,74,35,17
596,413,596,416,591,415,136,48,25
598,409,596,413,591,415,121,41,20
586,440,573,435,581,433,46,47,41
573,435,564,435,569,432,30,30,26
591,460,591,457,602,454,103,38,23
591,457,593,450,602,454,103,41,27
609,444,608,452,602,454,25,24,21
608,452,609,464,602,454,26,26,22
609,464,608,452,618,459,18,17,13
616,445,608,452,609,444,26,26,21
608,452,620,448,621,455,32,30,26
618,459,608,452,621,455,22,21,16
608,452,616,445,620,448,32,31,27
616,445,612,439,616,433,17,18,13
612,439,616,445,609,444,13,13,8
612,439,607,429,616,433,29,30,25
607,429,612,439,596,437,41,31,26
612,439,609,444,596,437,32,22,17
593,268,589,276,584,274,30,21,18
589,283,589,276,592,277,125,40,15
595,273,600,272,600,274,22,21,16
589,276,595,273,592,277,57,38,30
595,273,589,276,593,268,27,23,19
597,279,595,273,600,274,56,24,15
595,273,597,279,592,277,67,33,23
533,300,541,295,543,298,139,77,61
537,294,541,295,533,300,132,74,60
541,295,544,291,543,298,143,79,63
537,294,533,290,539,288,111,104,93
531,279,533,290,526,285,153,157,148
539,288,533,290,531,279,146,149,139
533,290,537,294,530,296,86,77,65
533,290,523,291,526,285,133,137,126
533,290,530,296,523,291,95,95,84
546,302,543,298,550,299,90,60,47
550,301,546,302,550,299,93,75,63
546,302,550,301,547,303,125,124,111
558,318,561,315,560,325,49,51,42
561,315,566,315,560,325,43,44,38
593,353,598,348,598,356,34,35,29
598,348,593,353,590,350,40,32,27
587,357,593,353,598,356,67,36,28
590,350,593,353,587,357,93,43,34
585,347,590,350,585,352,143,63,48
585,347,588,345,590,350,147,67,52
573,349,585,347,578,355,70,50,40
585,347,585,352,578,355,91,57,42
584,338,576,339,578,333,76,42,31
588,345,584,338,598,343,82,51,41
623,337,612,336,613,329,11,11,9
612,336,623,337,618,344,26,27,24
611,340,612,336,618,344,32,32,30
603,335,611,340,598,343,23,23,21
584,338,603,335,598,343,63,41,34
612,324,606,328,607,321,37,38,33
612,326,606,328,612,324,36,36,32
608,350,611,359,598,356,15,16,13
605,349,608,350,598,356,19,19,16
608,350,613,354,611,359,13,14,11
613,354,608,350,618,344,22,23,20
608,350,611,340,618,344,30,31,28
608,350,605,349,611,340,28,29,26
590,320,578,319,579,317,108,57,48
585,313,590,320,579,317,104,51,43
590,320,592,322,592,323,34,38,35
590,309,590,320,585,313,58,31,28
592,322,590,320,590,309,24,25,22
618,308,621,299,626,302,24,23,20
614,301,618,308,614,306,35,34,32
621,299,618,308,614,301,30,29,27
618,308,626,302,630,305,22,21,18
632,307,618,308,630,305,15,14,12
618,308,634,318,616,315,13,14,10
618,308,632,307,634,318,13,14,10
627,289,629,298,621,292,75,37,28
621,299,629,298,626,302,34,31,27
629,298,621,299,621,292,56,38,33
626,302,629,298,630,303,32,28,24
629,298,627,289,640,295,92,32,17
635,303,629,298,640,295,58,36,24
629,298,635,303,630,303,38,35,27
647,288,648,297,640,295,110,36,19
643,287,647,288,640,295,117,45,26
648,297,647,288,657,294,25,14,5
645,277,642,271,647,267,107,48,31
642,271,645,277,639,270,89,45,32
647,284,645,277,651,282,68,35,25
645,277,647,284,643,287,117,56,39
647,284,647,288,643,287,129,68,52
625,280,623,281,623,279,56,53,46
623,281,625,280,624,286,73,41,30
564,385,574,388,574,389,29,32,26
574,388,564,385,572,383,39,42,36
574,388,585,384,574,389,33,29,23
574,379,574,388,572,383,34,37,29
585,384,574,388,574,379,40,34,28
548,395,560,388,560,398,39,42,37
548,395,550,387,560,388,42,45,39
550,387,548,395,546,393,59,62,55
548,395,560,398,546,400,40,43,38
543,394,548,395,546,400,48,51,44
548,395,543,394,546,393,51,54,46
547,436,545,439,543,438,87,59,41
547,446,545,439,547,436,61,47,33
543,438,545,439,536,444,132,45,21
545,439,547,446,536,444,116,41,19
550,459,549,451,558,449,51,47,40
549,451,547,446,558,449,53,48,44
542,458,543,463,540,461,68,14,11
543,463,542,458,550,459,132,35,18
542,458,549,451,550,459,133,48,29
536,457,542,458,540,461,52,12,10
549,451,542,458,547,446,126,46,29
589,367,590,367,589,369,156,62,42
590,367,594,376,589,369,108,52,40
590,367,599,365,594,376,62,40,32
599,365,590,367,598,356,43,26,18
590,367,587,357,598,356,79,41,30
590,367,589,367,587,357,169,79,61
652,328,660,325,659,337,15,15,10
660,325,668,333,659,337,28,14,8
668,333,660,325,667,326,36,16,10
663,312,656,316,658,301,64,29,17
643,300,650,314,641,310,107,52,36
650,314,643,300,653,299,94,34,20
658,301,650,314,653,299,78,27,14
656,316,650,314,658,301,76,25,12
637,382,635,378,640,379,137,93,78
638,370,635,378,626,367,54,44,39
635,378,622,380,626,367,23,21,17
635,378,624,389,622,380,34,30,25
624,389,635,378,637,382,57,47,41
444,372,450,374,451,384,201,15,21
455,365,450,374,453,364,113,5,6
453,364,450,374,444,372,130,4,7
454,377,450,374,455,365,124,5,6
489,350,494,352,493,355,156,156,147
486,351,489,350,493,355,117,118,109
494,352,489,350,489,345,150,150,141
489,350,485,347,489,345,79,81,70
489,350,486,351,485,347,56,58,48
493,368,493,364,497,366,97,99,90
493,364,493,368,487,363,145,146,137
493,364,499,360,497,366,170,171,162
499,360,493,364,498,358,191,191,182
497,357,493,364,495,356,182,182,173
493,364,497,357,498,358,189,190,180
495,356,493,364,493,355,182,182,173
493,364,487,363,493,355,157,158,149
475,375,486,372,488,378,40,42,36
493,368,486,372,487,363,135,136,128
559,422,568,423,558,427,95,59,41
568,423,559,422,563,416,139,81,63
568,423,569,432,560,431,53,39,28
558,427,568,423,560,431,68,47,33
567,414,571,410,573,420,118,65,51
567,414,563,416,560,398,42,37,30
571,410,567,414,560,398,41,37,30
588,417,591,415,594,420,148,36,16
588,417,584,406,591,415,135,33,16
630,458,636,456,635,463,91,44,39
636,456,638,456,635,463,227,152,141
636,456,630,458,629,453,71,29,24
631,448,636,456,629,453,65,26,20
638,456,636,456,631,448,87,47,39
606,470,609,464,609,472,13,17,11
609,464,606,470,605,468,15,18,13
608,475,606,470,609,472,24,23,15
596,476,606,470,608,475,95,47,31
606,470,596,476,605,468,103,50,35
632,484,630,480,633,476,189,116,106
633,476,630,480,629,473,139,78,68
630,480,625,479,629,473,46,10,5
623,500,631,505,627,509,108,67,60
614,507,623,500,627,509,71,28,19
629,487,632,484,633,496,209,137,125
621,477,616,485,608,478,114,44,25
616,485,609,483,608,478,113,37,16
592,493,590,487,599,494,51,36,29
597,497,592,493,599,494,30,32,24
592,493,597,497,593,502,35,38,30
595,504,598,514,592,513,72,46,36
595,504,596,503,598,514,73,43,32
596,503,595,504,593,502,33,33,30
596,503,610,504,598,514,92,38,24
610,504,611,506,598,514,100,37,23
610,504,596,503,604,498,33,33,28
610,504,604,498,612,501,32,30,26
611,506,610,504,612,501,29,18,11
578,235,572,240,573,229,62,38,27
578,235,578,236,572,240,78,45,33
580,228,578,235,573,229,33,26,19
580,235,578,235,580,228,17,17,14
578,236,578,235,580,235,24,23,21
588,288,593,282,597,284,94,42,28
589,283,593,282,588,288,94,45,30
593,282,597,279,597,284,136,36,14
597,279,593,282,592,277,128,38,18
593,282,589,283,592,277,135,42,16
505,344,508,348,499,349,124,81,72
505,344,499,339,505,343,133,76,70
499,339,505,344,499,349,118,68,61
514,351,521,354,512,359,173,170,156
508,348,514,351,512,359,164,134,124
514,351,526,341,521,354,140,142,131
510,346,505,344,505,343,131,95,86
505,344,510,346,508,348,145,105,96
510,346,514,351,508,348,150,129,120
526,341,528,355,521,354,158,159,150
542,342,534,333,542,328,105,107,96
553,331,542,342,542,328,103,104,94
556,344,542,342,553,331,97,98,89
544,347,542,342,551,348,148,150,140
542,342,556,344,551,348,122,123,114
525,371,523,376,519,373,153,151,138
523,376,525,371,526,378,165,168,157
523,376,519,383,519,373,122,96,80
523,376,526,378,519,383,117,96,81
519,372,524,370,519,373,182,179,169
524,370,525,371,519,373,181,179,169
524,370,519,361,525,364,121,122,112
519,361,524,370,519,372,141,141,131
527,369,531,367,535,377,126,128,120
527,369,528,368,531,367,123,124,116
526,378,527,369,535,377,122,123,116
525,371,527,369,526,378,144,145,137
524,370,527,369,525,371,127,129,119
528,368,527,369,525,364,48,49,40
527,369,524,370,525,364,58,60,50
472,318,467,315,472,316,90,92,82
467,315,472,319,464,322,107,109,99
467,315,472,318,472,319,92,93,83
467,315,460,321,461,313,120,122,113
460,321,467,315,464,322,126,127,119
472,316,467,315,473,309,110,112,102
467,315,462,307,473,309,117,119,109
467,315,461,313,462,307,108,109,100
547,283,552,284,547,287,76,69,61
547,283,539,288,544,277,112,114,106
547,283,547,287,539,288,96,96,87
548,272,547,283,544,277,104,108,100
552,284,547,283,548,272,101,104,97
561,289,552,284,566,281,114,47,30
503,297,512,300,509,306,119,122,110
512,300,516,304,509,306,123,122,110
502,320,493,314,501,311,177,148,136
506,316,502,320,501,311,153,116,105
502,320,503,332,491,329,173,135,122
503,332,502,320,506,328,134,111,99
502,320,491,329,490,316,179,138,127
493,314,502,320,490,316,155,115,105
541,304,532,312,533,300,100,81,68
541,304,546,311,534,314,100,98,88
532,312,541,304,534,314,82,76,65
541,304,533,300,543,298,124,79,65
546,302,541,304,543,298,96,66,53
546,311,541,304,547,303,110,109,100
541,304,546,302,547,303,100,93,81
533,300,527,308,525,307,134,84,66
527,308,526,309,525,307,97,51,41
532,312,527,308,533,300,112,74,59
526,309,527,308,532,312,63,44,34
509,324,514,323,509,325,98,102,92
514,323,509,324,508,319,82,77,66
511,316,514,323,508,319,93,75,65
511,316,508,319,506,316,133,100,89
511,316,508,310,513,313,164,114,103
508,310,511,316,506,316,151,102,91
514,323,517,326,509,325,126,130,121
517,326,506,330,509,325,151,153,143
517,326,523,327,521,336,190,192,181
514,315,526,309,523,327,127,114,103
517,326,514,315,523,327,106,102,91
514,315,517,326,514,323,138,127,118
521,305,514,315,513,313,142,102,89
526,309,514,315,521,305,132,95,83
514,315,511,316,513,313,163,122,112
511,316,514,315,514,323,100,82,71
538,357,548,353,542,366,90,92,82
534,365,538,357,542,366,89,91,82
530,360,538,357,534,365,88,90,80
525,402,529,403,525,407,143,65,49
523,404,525,402,525,407,143,43,22
525,402,528,397,529,403,119,68,55
454,774,459,771,457,781,6,6,4
449,747,456,737,459,748,5,6,3
446,757,451,763,440,759,24,7,4
442,755,446,757,440,759,29,4,3
456,737,448,733,454,728,6,6,4
448,733,444,719,454,728,6,6,4
448,733,436,737,444,719,5,5,3
465,724,457,727,463,717,6,7,4
452,711,457,727,454,728,7,7,5
457,727,456,737,454,728,7,7,5
456,737,457,727,464,740,5,5,3
457,727,465,724,464,740,5,5,3
463,717,461,715,461,707,8,9,6
457,727,461,715,463,717,6,6,4
461,715,457,727,452,711,6,7,4
456,706,458,703,461,707,6,5,3
461,715,456,706,461,707,5,5,3
456,706,461,715,452,711,5,6,3
424,723,444,719,434,736,9,6,3
424,723,422,715,444,719,4,5,2
422,715,438,701,444,719,4,5,2
438,701,422,715,419,692,4,4,2
438,701,419,692,440,683,5,4,3
534,805,525,794,531,795,52,26,20
525,794,527,793,531,795,134,73,61
527,793,525,794,523,790,157,100,83
547,797,539,798,537,788,88,61,49
539,798,547,797,542,799,127,69,54
539,798,531,795,537,788,104,69,59
539,798,535,800,531,795,102,55,42
535,800,539,798,537,801,65,22,14
539,798,540,802,537,801,62,22,13
539,798,542,799,540,802,65,24,14
587,828,588,825,594,838,4,6,4
588,825,587,828,587,827,4,4,3
588,836,587,828,594,838,4,6,4
587,827,587,828,580,832,7,7,7
587,828,588,836,580,832,7,7,7
565,740,560,733,561,730,111,73,61
556,737,560,733,565,740,94,51,42
560,733,554,729,561,730,145,115,101
560,733,556,737,554,729,131,87,77
553,739,556,737,558,747,20,10,9
556,737,553,739,549,735,58,16,12
543,750,553,739,558,747,10,10,8
553,739,545,736,549,735,48,12,8
545,736,553,739,543,750,16,10,7
565,757,578,742,580,763,10,12,9
565,757,564,749,578,742,11,12,9
571,767,565,757,580,763,11,13,10
565,757,571,767,558,759,11,12,10
564,749,565,757,558,759,12,12,10
578,793,585,794,577,796,99,40,20
576,783,574,785,574,784,9,10,5
568,792,574,785,575,790,17,14,10
574,785,568,792,572,782,17,15,11
574,784,574,785,572,782,13,12,9
612,789,601,778,606,775,47,17,11
606,775,601,778,601,766,7,9,7
601,778,594,778,601,766,8,8,8
555,816,568,830,566,831,9,9,9
568,830,555,816,576,815,9,9,8
568,830,576,815,579,818,9,9,8
580,832,568,830,579,818,9,9,8
568,830,580,832,575,842,9,9,8
568,830,575,842,565,835,10,10,8
565,834,568,830,565,835,14,14,13
568,830,565,834,566,831,15,15,14
472,695,469,702,467,691,117,71,62
469,702,472,695,479,698,119,73,61
472,695,467,691,479,689,51,42,36
480,697,472,695,479,689,31,25,19
472,695,480,697,479,698,87,66,56
507,849,505,851,504,846,28,10,4
522,847,507,849,516,836,5,6,3
507,849,508,837,516,836,5,6,3
507,849,504,846,508,837,7,6,3
505,857,507,849,511,861,55,17,5
505,851,507,849,505,857,69,18,6
534,862,534,858,539,856,72,25,11
548,864,534,862,539,856,68,22,9
536,870,534,862,548,864,36,14,8
529,865,519,871,519,860,24,11,5
526,855,529,865,519,860,55,18,7
529,865,532,876,519,871,11,10,6
532,876,529,865,532,866,12,10,6
529,865,526,855,534,858,61,25,15
534,862,529,865,534,858,61,24,14
532,890,544,880,547,886,38,22,20
539,895,532,890,547,886,43,22,19
532,890,539,895,530,897,58,25,22
508,883,510,871,515,873,3,4,1
514,884,518,882,523,892,16,15,10
513,893,514,884,523,892,19,17,11
518,882,514,884,515,873,4,4,2
514,884,508,883,515,873,3,4,1
508,883,514,884,506,885,8,4,2
505,888,504,889,506,885,21,4,3
514,884,505,888,506,885,16,6,3
505,888,514,884,513,893,27,10,7
516,897,513,893,523,892,34,19,11
516,897,530,897,529,913,56,22,13
499,864,499,873,487,871,19,14,9
499,873,491,878,487,871,16,9,3
510,871,499,873,499,864,10,11,7
508,883,499,873,510,871,4,4,1
499,873,508,883,506,885,5,3,1
491,880,499,873,506,885,6,4,1
491,878,499,873,491,880,8,6,0
410,859,418,858,413,864,86,47,42
418,858,410,859,416,854,67,21,21
418,858,422,863,413,864,80,50,44
422,863,418,858,423,856,67,51,43
418,858,416,854,423,856,49,28,22
459,795,457,795,456,793,6,6,5
457,795,457,796,456,793,6,6,6
457,796,457,795,459,795,6,6,5
474,763,467,765,468,762,84,57,49
474,763,475,755,480,766,20,17,14
475,755,474,763,468,762,20,14,11
480,772,474,763,480,766,107,84,76
467,765,474,763,480,772,102,68,59
495,790,489,790,493,789,22,11,8
489,790,485,797,480,786,80,16,6
485,797,489,790,495,801,19,10,6
489,790,495,790,495,801,12,10,7
489,790,483,778,493,789,95,17,5
480,782,489,790,480,786,97,17,4
483,778,489,790,480,782,97,16,3
442,872,445,865,448,868,33,31,27
445,865,449,855,451,866,48,36,33
450,867,445,865,451,866,32,30,25
445,865,450,867,448,868,32,30,25
497,512,499,516,495,516,129,131,123
499,516,496,517,495,516,117,118,111
499,516,497,512,501,513,129,130,123
496,517,499,516,498,523,123,124,117
499,516,506,522,498,523,132,134,125
508,517,499,516,501,513,130,131,124
499,516,508,517,506,522,134,136,127
488,466,484,463,489,464,54,55,45
482,471,488,466,490,470,120,121,113
488,466,482,471,482,464,117,119,110
484,463,488,466,482,464,84,87,77
493,474,492,472,499,467,61,22,21
499,475,493,474,499,467,62,23,23
492,472,493,474,492,475,138,137,130
493,474,499,475,492,475,93,83,78
504,432,494,427,494,426,122,6,10
494,427,491,431,494,426,198,32,43
500,434,504,432,505,433,104,3,1
503,440,500,434,505,433,129,5,9
500,434,494,427,504,432,133,9,13
500,434,503,440,497,442,180,27,34
494,436,500,434,497,442,189,48,55
487,164,487,168,485,162,26,23,19
487,164,485,162,492,160,33,24,17
405,328,411,325,408,331,35,4,4
405,328,405,325,411,325,21,6,3
405,328,408,331,391,343,88,2,3
394,324,405,328,391,343,82,3,3
399,322,405,328,394,324,50,9,7
405,325,405,328,399,322,44,11,10
460,284,456,283,459,279,98,100,92
460,284,458,286,456,283,89,90,83
460,284,465,279,465,287,85,86,79
465,279,460,284,459,279,85,86,79
458,286,460,284,465,287,93,94,87
438,314,437,319,431,313,21,22,18
437,319,433,320,431,313,23,24,19
437,319,438,314,444,318,43,43,39
442,326,437,319,444,318,59,59,55
433,320,438,327,430,327,54,55,50
442,328,438,327,442,326,97,97,93
438,327,437,319,442,326,70,71,66
437,319,438,327,433,320,42,43,38
438,327,437,333,430,327,50,50,46
438,327,442,329,437,333,51,52,48
438,327,442,328,442,329,79,80,75
433,305,425,309,431,301,50,50,46
425,309,433,305,431,313,50,51,46
433,300,433,305,431,301,45,45,41
439,304,433,305,433,300,59,60,55
441,310,433,305,439,304,42,43,38
433,305,438,314,431,313,39,40,35
433,305,441,310,438,314,35,36,31
449,249,439,247,448,240,40,41,38
439,247,436,240,448,240,35,35,33
439,247,449,249,449,251,44,45,40
436,240,439,247,432,241,28,28,26
439,247,437,250,432,241,31,31,28
437,250,439,247,447,255,43,44,38
439,247,449,251,447,255,44,44,39
537,382,533,381,535,377,52,54,46
532,384,533,381,537,382,45,46,39
514,388,519,391,514,393,80,33,23
519,391,514,388,519,383,106,46,35
519,383,514,388,513,388,108,48,40
519,391,517,394,514,393,74,34,23
517,394,519,391,519,398,80,28,15
527,381,533,381,532,384,58,60,53
527,381,524,385,519,383,98,67,54
526,378,527,381,519,383,97,74,60
527,381,532,384,530,388,68,69,61
524,385,527,381,530,388,64,60,51
519,391,523,386,524,389,154,101,86
523,386,519,391,519,383,163,106,91
523,386,524,385,524,389,71,41,29
524,385,523,386,519,383,121,73,60
491,376,491,381,488,378,99,100,94
491,376,494,379,491,381,99,100,94
494,379,491,376,493,368,61,62,55
486,372,491,376,488,378,106,108,100
491,376,486,372,493,368,105,106,99
454,265,454,271,449,275,98,99,93
457,263,456,264,456,259,61,55,52
456,264,454,265,456,259,64,61,58
456,264,457,263,459,267,62,63,54
268,170,263,166,268,163,87,63,47
268,170,263,177,263,166,99,68,48
290,182,290,187,284,182,100,87,63
290,182,293,181,290,187,78,63,44
291,149,285,155,283,149,57,48,34
285,155,282,153,283,149,61,44,27
280,167,281,164,285,164,81,65,48
329,195,326,202,324,197,33,32,22
326,202,329,195,334,201,27,26,17
325,193,329,195,324,197,31,29,19
334,201,329,195,334,191,26,23,15
329,195,330,188,334,191,29,24,14
330,188,329,195,325,193,23,19,10
423,181,417,177,422,173,121,33,15
433,181,423,181,430,172,41,17,9
423,181,422,173,430,172,58,20,9
387,145,390,152,385,147,33,23,12
390,152,388,153,385,147,24,17,9
396,147,390,152,387,145,73,37,20
390,152,396,147,401,153,92,40,22
389,157,390,152,401,153,59,31,18
388,153,390,152,389,157,21,19,15
418,198,416,203,416,200,64,24,11
422,206,416,203,418,198,114,48,28
416,200,416,203,414,207,67,26,15
416,203,418,210,414,207,119,45,27
416,203,422,206,418,210,136,68,49
440,225,435,228,438,222,35,33,30
435,229,435,228,440,225,35,33,31
438,222,435,228,426,224,28,28,25
425,227,419,222,426,224,25,25,21
425,227,424,232,419,222,22,23,19
377,249,378,249,376,252,8,9,8
375,248,377,249,376,252,11,12,10
378,249,377,249,376,245,11,13,7
377,249,375,248,376,245,18,19,14
387,289,386,285,389,288,42,45,39
386,285,387,283,389,288,48,50,44
387,283,386,285,385,281,38,40,33
386,285,387,289,376,294,28,25,21
370,283,386,285,376,294,47,31,22
385,281,386,285,370,283,60,33,20
557,117,556,114,559,118,13,14,11
557,117,555,116,556,114,11,12,9
555,121,557,117,559,118,8,8,6
555,116,557,117,555,121,7,8,5
570,130,571,123,582,134,10,10,7
570,130,582,134,576,138,23,13,8
570,130,567,131,566,129,11,11,7
567,131,570,130,567,132,14,14,9
570,130,566,135,567,132,25,20,13
566,135,570,130,576,138,37,19,11
569,216,562,223,561,214,129,45,26
570,218,562,223,569,216,124,41,23
562,223,554,217,561,214,51,36,24
562,223,557,226,554,217,42,32,23
557,226,562,223,562,230,29,22,19
562,223,572,224,562,230,111,44,29
562,223,570,218,572,224,105,37,22
291,325,303,326,293,330,16,2,2
291,325,291,324,303,326,20,4,2
289,322,291,325,284,328,16,2,1
291,324,291,325,289,322,18,2,1
309,343,311,357,307,354,22,2,2
309,343,315,334,328,341,13,1,0
311,357,309,343,328,341,18,2,1
303,326,300,336,293,330,18,2,2
301,337,300,336,303,326,17,1,1
286,357,291,358,284,361,61,55,48
291,358,286,357,284,352,26,14,10
280,355,286,357,284,361,60,51,44
286,357,280,355,284,352,29,17,12
354,430,356,427,359,433,171,167,161
356,427,357,423,371,427,170,167,162
359,433,356,427,371,427,164,161,155
356,427,351,429,357,423,168,164,159
356,427,354,430,351,429,173,170,164
192,121,190,116,195,118,15,13,7
190,116,192,121,184,114,13,12,6
195,118,190,116,194,110,12,11,5
468,349,481,354,476,359,102,77,64
471,361,468,349,476,359,92,60,45
468,349,464,346,466,343,107,96,84
468,349,466,343,478,340,127,84,68
481,354,468,349,478,340,124,82,66
301,159,295,158,302,155,50,39,20
294,160,295,158,301,159,77,65,46
287,206,293,203,294,207,80,68,49
290,201,293,203,287,206,84,72,52
293,203,290,201,294,202,68,56,37
293,203,296,204,294,207,70,58,35
293,203,294,202,296,204,44,32,14
289,200,286,202,286,198,129,113,82
289,200,290,201,286,202,117,107,77
288,195,289,200,286,198,150,126,93
293,193,289,200,288,195,128,105,76
289,200,293,193,290,201,121,100,72
282,185,275,183,284,182,97,74,49
282,185,282,191,275,183,107,87,62
288,195,285,188,290,187,127,105,73
282,191,285,188,288,195,95,76,49
282,185,285,188,282,191,35,21,0
290,187,285,188,284,182,99,85,61
285,188,282,185,284,182,40,27,6
191,322,193,324,187,325,8,6,3
193,324,191,322,193,320,7,4,2
186,319,191,322,187,325,10,8,4
191,322,186,319,193,320,10,8,4
129,344,122,351,121,349,36,28,17
122,351,129,344,131,352,44,35,23
122,351,121,350,121,349,9,3,1
122,351,131,352,125,357,24,16,6
115,354,122,351,125,357,8,2,1
121,350,122,351,115,354,7,2,1
139,335,135,341,129,333,15,10,7
135,341,129,344,129,333,28,21,15
135,341,139,335,144,339,11,3,2
190,373,185,372,183,366,26,16,10
174,358,180,355,179,361,16,15,11
180,355,174,358,182,350,19,18,14
174,358,181,342,182,350,17,16,12
179,425,179,432,176,426,50,33,21
192,430,179,425,189,420,10,8,5
179,432,179,425,188,434,9,7,3
179,425,192,430,188,434,9,7,3
162,391,162,395,156,389,61,26,18
276,350,276,347,284,352,25,3,1
280,355,276,350,284,352,21,6,3
276,350,280,355,270,356,25,16,11
277,315,273,319,274,313,27,0,2
273,319,277,315,278,318,18,0,1
278,318,277,315,283,316,40,1,4
288,314,277,315,274,313,95,2,4
277,315,288,314,283,316,83,1,2
273,319,279,322,274,325,14,1,0
279,322,273,319,278,318,11,0,0
279,322,278,327,274,325,19,1,0
278,327,279,322,284,328,16,1,0
279,322,278,318,283,316,23,0,2
289,322,279,322,283,316,39,0,1
279,322,289,322,284,328,16,1,0
219,332,224,326,226,326,68,2,3
215,321,224,326,219,332,55,2,3
224,326,215,321,221,316,54,2,4
224,326,228,323,226,326,68,0,0
228,323,224,326,221,316,76,3,4
215,333,215,321,219,332,34,0,0
215,321,215,333,210,333,19,1,0
219,339,215,333,219,332,40,0,0
215,333,219,339,210,333,30,0,1
149,336,149,340,144,339,72,32,25
149,340,149,336,158,337,35,22,17
159,343,149,340,158,337,37,24,18
153,347,149,340,159,343,43,28,21
146,348,141,358,137,353,32,23,15
149,340,146,348,144,339,53,18,14
146,348,149,340,153,347,65,32,26
112,228,115,223,124,226,46,17,7
115,236,112,228,124,226,27,17,8
112,228,108,220,115,223,47,13,5
103,217,102,228,96,224,22,8,2
108,220,102,228,103,217,32,9,3
96,224,102,228,94,229,41,10,5
112,228,102,228,108,220,42,11,4
102,228,112,228,105,231,45,15,7
105,238,115,236,113,243,10,10,4
105,238,113,243,106,250,9,9,4
92,250,105,238,106,250,13,10,5
87,238,105,238,92,250,17,12,6
168,259,169,249,174,251,40,34,23
162,250,169,249,168,259,26,22,12
172,232,165,229,167,216,104,69,49
180,226,172,232,167,216,106,70,48
179,241,180,226,187,227,76,60,42
179,241,172,232,180,226,103,83,62
179,241,189,228,190,242,77,64,45
179,241,187,227,189,228,77,62,44
172,245,179,241,180,244,49,39,23
163,237,162,250,157,247,29,24,14
181,306,167,309,165,303,21,18,12
181,306,182,308,180,314,18,14,8
170,315,181,306,180,314,16,13,7
167,309,181,306,170,315,17,15,8
196,291,194,295,196,290,30,23,11
194,295,196,291,204,293,30,23,12
192,313,194,295,201,307,26,21,12
207,298,194,295,204,293,31,23,14
194,295,207,298,201,307,25,19,11
194,295,192,313,182,308,25,21,12
181,306,194,295,182,308,26,22,13
169,289,171,282,181,288,38,32,21
171,282,180,281,181,288,42,35,24
171,282,165,290,164,276,29,25,17
165,290,171,282,169,289,30,26,18
180,281,171,282,180,280,48,41,29
177,271,171,282,164,276,32,25,17
171,282,177,271,180,280,41,33,24
194,295,183,289,196,290,38,31,20
183,289,178,296,181,288,31,24,14
202,280,195,274,203,270,40,33,21
177,271,182,274,180,280,54,44,32
182,274,177,271,187,265,54,43,28
193,273,182,274,187,265,64,52,34
244,302,247,308,240,305,24,3,0
241,303,244,302,240,305,27,1,0
247,308,244,302,245,300,48,4,1
244,302,241,303,245,300,76,4,3
247,309,247,308,255,311,7,0,1
247,312,247,309,255,311,5,1,1
169,79,170,85,165,80,62,25,18
170,85,169,79,175,78,27,11,5
175,78,169,79,173,75,48,19,8
169,79,165,80,166,69,61,19,8
173,75,169,79,166,69,66,22,10
609,832,610,824,612,829,46,16,13
607,819,610,824,609,832,37,15,10
610,824,607,819,611,818,21,11,6
612,829,610,824,617,823,35,13,10
610,824,611,818,617,823,34,14,11
127,414,154,433,131,442,3,2,2
154,433,127,414,129,409,3,2,2
127,414,131,442,116,430,30,5,2
115,425,127,414,116,430,41,8,3
127,414,115,425,112,413,48,13,7
129,409,127,414,112,413,43,11,6
109,366,102,362,103,359,9,1,0
102,362,98,358,103,359,11,4,2
102,362,92,361,98,358,15,4,3
93,371,103,369,95,375,15,4,3
92,361,93,371,70,361,2,1,1
102,362,93,371,92,361,15,3,2
70,361,93,371,81,397,1,1,1
93,371,95,375,81,397,2,1,1
374,830,374,825,377,831,22,9,4
371,834,374,830,377,831,19,8,1
374,825,374,830,370,824,19,6,0
364,833,369,832,369,836,36,19,12
369,832,371,834,369,836,26,13,6
369,832,364,833,370,824,25,9,3
374,830,369,832,370,824,19,7,0
369,832,374,830,371,834,20,8,1
405,871,406,872,398,872,33,32,25
405,869,405,871,398,872,43,42,35
406,872,405,871,405,869,49,44,37
420,810,421,811,418,809,60,10,2
422,805,418,803,423,803,55,17,6
418,803,422,805,418,809,70,19,6
422,805,420,810,418,809,74,18,5
389,716,397,712,394,721,72,21,11
389,716,382,730,388,715,9,5,1
389,716,394,721,382,730,15,6,1
401,731,406,733,396,757,4,3,1
406,733,414,735,396,757,5,4,1
347,684,337,690,339,671,45,10,5
337,690,347,684,348,685,12,4,4
349,685,348,683,354,686,32,3,3
348,683,357,674,354,686,67,22,12
348,683,349,685,348,685,16,0,3
347,684,348,683,348,685,14,0,3
348,683,347,684,339,671,61,13,5
349,665,348,683,339,671,71,18,7
357,674,348,683,349,665,72,23,10
660,664,663,668,660,672,11,7,1
664,667,663,668,660,664,11,7,1
663,668,670,666,660,672,5,4,2
663,668,664,667,670,666,5,5,4
646,535,643,537,643,531,12,14,11
642,539,643,537,646,535,18,19,14
643,537,635,533,643,531,13,13,11
643,537,642,539,635,533,11,10,8
616,568,611,574,610,564,35,35,32
617,567,616,568,610,564,47,47,44
611,574,616,568,623,575,18,19,16
623,568,631,571,623,575,11,12,8
631,571,623,568,627,565,10,11,6
616,568,623,568,623,575,16,17,14
623,568,616,568,617,567,25,25,22
627,565,623,568,626,559,27,28,23
623,568,617,567,626,559,32,32,28
628,562,627,565,626,559,20,19,14
628,562,634,563,627,565,13,12,7
641,576,641,572,650,573,100,32,15
639,570,641,572,641,576,60,26,12
641,572,653,569,650,573,89,25,12
641,572,648,559,653,569,87,27,15
602,622,607,626,603,629,10,11,8
607,626,602,622,603,620,9,10,7
593,625,602,622,603,629,14,15,12
599,617,602,622,593,625,13,14,12
602,622,599,617,603,620,11,13,10
612,596,609,614,603,600,78,38,29
609,614,606,613,603,600,61,32,26
621,610,609,614,612,596,66,26,17
609,614,621,610,615,615,15,16,13
606,613,609,614,603,620,15,17,14
609,614,607,626,603,620,13,14,11
612,627,609,614,615,615,10,12,9
607,626,609,614,612,627,10,11,9
598,606,601,611,592,609,31,27,24
600,607,601,611,598,606,32,30,26
606,613,601,611,600,607,26,28,24
621,610,628,609,624,616,9,10,9
629,605,628,609,621,610,15,17,17
628,609,632,618,624,616,6,6,6
632,618,628,609,636,613,6,6,6
628,609,635,608,636,613,5,4,4
628,609,629,605,635,608,14,11,13
603,548,612,556,604,554,23,24,19
616,545,612,556,603,548,26,27,23
612,556,612,560,604,554,35,36,32
612,556,616,545,622,551,19,20,17
612,556,622,551,626,559,25,26,23
612,560,612,556,626,559,35,36,33
591,559,596,556,596,561,117,108,97
589,562,591,559,596,561,132,115,102
596,580,590,577,594,574,194,194,185
590,577,592,573,594,574,183,182,172
592,573,590,577,589,576,151,144,130
590,577,596,580,589,585,172,175,165
589,576,590,577,582,583,161,117,99
590,577,589,585,582,583,157,116,97
600,584,596,580,602,578,127,130,123
600,584,602,578,607,579,88,89,82
600,584,601,587,589,585,104,107,100
596,580,600,584,589,585,144,148,140
609,582,600,584,607,579,80,81,75
656,372,659,367,662,366,52,9,8
657,377,656,372,662,366,69,9,11
643,373,655,383,640,379,32,19,15
643,373,657,377,655,383,25,13,12
643,373,656,372,657,377,19,11,10
656,372,643,373,653,369,16,12,10
643,373,638,370,642,365,119,79,67
653,369,643,373,642,365,29,21,18
659,385,655,391,655,383,163,19,29
655,391,663,401,650,399,169,23,29
655,391,659,385,662,386,172,13,25
655,391,662,386,668,390,160,9,18
663,401,655,391,668,390,176,6,16
639,389,640,393,638,392,96,49,35
638,392,640,393,634,405,126,76,67
640,393,643,396,634,405,101,61,54
493,661,494,664,487,665,7,8,5
486,660,493,661,487,665,7,8,5
493,661,498,657,499,659,15,15,13
493,661,486,660,483,653,11,12,9
498,657,493,661,483,653,12,13,10
493,661,499,663,494,664,13,14,11
499,663,493,661,499,659,14,14,12
455,606,451,611,445,602,71,32,23
451,611,444,603,445,602,44,17,11
451,611,455,606,456,614,65,22,14
451,611,456,614,449,620,16,9,6
444,603,451,611,441,604,34,14,10
438,618,451,611,449,620,11,11,7
451,611,436,609,441,604,28,13,10
451,611,438,618,436,609,15,11,9
476,570,475,571,464,569,50,5,7
478,562,476,570,464,569,47,6,8
459,617,469,615,463,622,54,20,13
469,615,472,616,463,622,84,38,27
461,609,469,615,459,617,124,76,61
469,615,461,609,462,607,129,93,75
465,604,469,615,462,607,102,75,60
475,613,469,615,465,604,78,62,54
472,616,469,615,475,613,165,136,126
480,579,475,575,483,572,20,1,0
476,570,475,575,475,571,43,2,4
475,575,476,570,483,572,36,1,2
475,575,480,579,472,581,13,2,0
475,575,472,581,467,580,20,1,0
475,575,467,580,464,569,35,2,3
475,571,475,575,464,569,45,3,6
487,582,480,579,484,573,10,2,0
494,577,487,582,484,573,9,3,1
487,582,494,577,493,582,9,4,2
477,597,485,585,487,597,11,8,4
485,585,489,589,487,597,12,10,8
485,585,477,597,472,581,10,5,2
480,579,485,585,472,581,8,1,0
487,582,485,585,480,579,8,2,0
581,673,573,670,586,668,126,55,40
547,684,534,687,543,674,83,15,7
534,687,547,684,541,690,75,16,5
556,669,558,663,565,665,148,80,66
564,671,556,669,565,665,98,37,26
558,663,556,669,553,668,123,38,25
556,669,553,670,553,668,56,7,1
559,686,547,684,555,682,13,12,10
541,690,559,686,556,709,11,10,7
547,684,559,686,541,690,22,12,8
596,663,591,666,594,656,23,15,12
591,666,596,663,596,665,49,25,21
596,665,596,663,604,664,47,28,21
604,664,596,663,606,660,19,13,9
596,663,603,653,606,660,11,9,6
596,663,594,656,603,653,10,9,6
599,683,595,675,601,681,16,12,11
595,675,599,683,593,683,15,12,10
595,675,602,680,601,681,18,11,11
602,680,595,675,603,679,19,11,10
595,675,593,669,596,665,111,41,32
595,675,604,664,603,679,79,28,19
595,675,596,665,604,664,99,33,21
534,698,538,700,534,706,37,14,5
538,700,539,713,534,706,19,12,9
527,683,525,680,537,673,16,11,4
534,687,527,683,537,673,26,12,5
527,683,525,688,520,681,13,14,9
525,680,527,683,520,681,12,13,7
532,689,527,683,534,687,32,14,8
570,492,573,496,566,494,164,77,55
552,466,552,464,554,467,95,48,30
552,464,557,462,554,467,64,45,37
557,462,552,464,550,459,66,47,37
552,464,552,466,544,466,142,40,24
543,463,552,464,544,466,132,37,22
552,464,543,463,550,459,127,37,21
582,465,572,469,578,459,69,68,61
572,469,582,465,582,471,69,68,61
582,482,583,479,590,480,67,48,40
578,474,567,477,569,473,89,90,81
578,474,583,479,582,482,49,51,43
572,469,578,474,569,473,86,86,78
578,474,572,469,582,471,69,70,62
545,611,541,613,542,608,17,18,13
541,613,545,611,544,616,15,16,11
544,616,545,611,550,608,29,29,25
680,352,673,348,682,345,41,1,2
673,348,672,347,682,345,39,2,2
673,348,680,352,676,359,49,0,2
660,358,673,348,676,359,48,3,4
672,347,673,348,660,358,45,4,4
668,333,663,342,659,337,16,11,6
672,347,663,342,668,333,25,5,3
596,401,586,400,596,397,108,34,20
584,406,586,400,596,401,141,50,29
586,400,592,389,596,397,106,38,24
581,405,586,400,584,406,78,44,28
586,428,578,424,586,421,28,27,22
586,440,591,441,592,447,77,32,24
591,441,596,437,596,447,137,34,16
592,447,591,441,596,447,134,35,15
587,436,586,440,581,433,52,49,46
586,428,587,436,581,433,39,35,32
587,436,586,428,589,430,54,23,21
571,442,566,445,564,435,44,46,41
573,435,571,442,564,435,42,43,38
566,445,571,442,569,448,58,61,56
571,442,573,435,586,440,45,47,41
571,442,581,456,569,448,42,45,39
571,442,586,440,581,456,43,45,40
591,457,590,453,593,450,78,32,21
593,450,590,453,592,447,82,28,14
590,453,586,440,592,447,64,31,23
586,440,590,453,581,456,46,39,34
594,267,595,273,593,268,8,9,6
594,267,590,261,595,266,22,23,18
594,267,595,266,600,272,9,10,6
595,273,594,267,600,272,11,11,7
544,291,541,293,539,288,84,62,53
541,295,541,293,544,291,107,44,31
541,293,537,294,539,288,116,98,88
541,293,541,295,537,294,134,79,70
558,316,558,318,549,313,82,84,74
558,316,561,315,558,318,57,59,50
561,315,558,316,557,310,57,58,51
546,311,553,309,549,313,67,68,59
553,309,546,311,547,303,77,79,69
553,309,558,316,549,313,70,72,63
558,316,553,309,557,310,83,84,75
550,301,553,309,547,303,77,79,69
560,304,550,301,550,299,66,68,59
560,304,553,309,550,301,67,70,62
576,339,584,342,573,349,64,45,36
584,342,585,347,573,349,78,55,45
584,338,584,342,576,339,70,40,30
585,347,584,342,588,345,169,85,65
584,342,584,338,588,345,171,94,74
603,335,600,327,603,332,15,16,13
600,327,603,335,584,338,59,38,31
606,328,600,327,607,321,41,41,38
606,334,612,336,611,340,20,20,18
603,335,606,334,611,340,20,20,18
606,334,603,335,603,332,11,12,9
609,331,612,326,613,329,17,18,13
609,331,606,328,612,326,28,29,25
612,336,609,331,613,329,12,13,9
606,334,609,331,612,336,12,12,10
584,328,590,320,592,323,100,67,58
584,328,584,338,578,333,103,47,35
590,320,584,328,578,319,118,69,57
600,327,584,328,592,323,73,55,49
584,328,600,327,584,338,67,42,34
571,326,584,328,578,333,81,51,42
578,319,584,328,571,326,81,51,41
617,308,613,307,614,306,19,19,17
618,308,617,308,614,306,19,19,17
617,308,616,315,613,307,11,11,9
617,308,618,308,616,315,9,9,7
642,271,641,269,647,267,102,48,31
641,269,638,263,641,261,35,20,15
647,267,641,269,641,261,101,47,31
641,269,639,270,638,263,33,19,14
641,269,642,271,639,270,61,35,27
650,285,647,284,651,282,48,29,21
647,284,650,285,647,288,43,18,12
647,288,650,285,657,294,22,14,6
650,285,663,290,657,294,15,15,10
650,285,651,282,657,279,33,34,26
663,290,650,285,657,279,24,24,19
630,281,643,287,627,289,61,32,20
624,286,630,281,627,289,72,27,13
625,280,630,281,624,286,48,23,14
630,281,645,277,643,287,63,40,31
536,455,542,458,536,457,61,14,11
547,446,536,455,536,444,113,35,20
542,458,536,455,547,446,109,32,19
536,455,524,448,536,444,48,8,5
524,448,536,455,524,452,44,7,5
524,452,536,455,526,460,42,4,2
536,455,536,457,526,460,39,3,1
655,319,650,314,656,316,29,18,13
673,319,669,311,677,310,17,5,4
669,311,672,306,677,310,16,8,7
668,313,669,311,673,319,14,7,5
644,317,634,318,641,310,76,54,43
644,317,645,327,634,318,88,61,50
638,374,635,378,638,370,141,112,101
643,373,638,374,638,370,111,72,60
453,377,454,377,451,384,196,16,23
450,374,453,377,451,384,189,13,19
453,377,450,374,454,377,153,4,7
479,369,480,370,475,375,28,30,25
480,370,486,372,475,375,40,42,37
566,415,568,423,563,416,134,76,58
567,414,566,415,563,416,74,35,19
568,423,566,415,573,420,125,73,58
566,415,567,414,573,420,146,82,66
586,421,587,418,594,420,127,33,16
587,418,588,417,594,420,136,32,14
568,423,577,425,569,432,36,36,29
577,425,573,435,569,432,34,35,29
577,425,568,423,573,420,58,47,37
578,424,577,425,573,420,41,39,31
573,435,577,425,581,433,27,29,22
623,500,616,501,619,490,84,37,25
616,501,614,507,612,501,46,24,15
616,501,623,500,614,507,83,37,25
629,487,619,486,625,479,73,28,18
619,486,629,487,619,490,66,24,16
625,479,619,486,621,477,100,46,31
619,486,616,485,621,477,120,53,37
630,481,630,480,632,484,186,114,105
629,487,630,481,632,484,165,99,91
630,480,630,481,625,479,45,11,7
630,481,629,487,625,479,50,17,13
628,495,623,500,619,490,68,25,16
629,487,628,495,619,490,69,26,17
628,495,629,487,633,496,189,122,110
631,505,628,495,633,496,215,148,135
623,500,628,495,631,505,105,63,55
609,483,615,488,604,487,75,31,19
616,485,615,488,609,483,82,31,20
615,488,604,498,604,487,40,34,29
604,498,615,488,612,501,37,34,29
592,493,585,495,590,487,113,82,71
585,495,582,482,590,487,134,88,75
573,496,585,495,581,501,98,68,55
514,351,515,340,526,341,124,125,115
523,337,515,340,521,336,121,123,112
515,340,523,337,526,341,101,103,92
510,346,515,340,514,351,157,150,140
515,340,510,346,505,343,153,135,125
506,330,515,340,505,343,180,173,160
515,340,517,326,521,336,163,164,154
517,326,515,340,506,330,174,174,162
525,335,523,337,521,336,175,178,165
525,335,523,327,526,334,190,193,179
523,327,525,335,521,336,194,197,183
523,337,525,335,526,341,129,131,119
533,345,528,355,526,341,149,151,141
569,287,561,289,566,281,130,40,23
569,280,569,287,566,281,144,39,18
569,287,573,291,569,296,51,38,32
561,289,569,287,569,296,75,41,31
573,291,569,287,579,286,108,61,52
569,287,579,283,579,286,146,47,29
569,287,569,280,579,283,155,45,22
558,292,569,296,566,300,46,40,31
558,292,561,289,569,296,72,45,34
560,304,558,292,566,300,55,50,42
558,292,560,304,550,299,85,61,53
561,289,558,292,552,284,128,46,27
547,287,558,292,550,299,115,51,38
552,284,558,292,547,287,115,52,35
510,295,514,283,519,289,170,172,162
510,295,506,288,514,283,166,168,159
510,295,512,300,503,297,104,108,98
510,295,503,297,502,290,149,153,143
506,288,510,295,502,290,165,169,158
508,319,505,321,506,316,141,108,98
505,321,502,320,506,316,157,118,109
530,356,530,360,529,358,179,181,171
530,356,538,357,530,360,88,90,80
528,355,530,356,529,358,162,163,154
533,345,530,356,528,355,172,173,164
524,401,519,398,528,397,126,65,48
525,402,524,401,528,397,138,75,61
524,401,523,404,519,398,107,42,24
524,401,525,402,523,404,157,57,38
453,780,452,777,457,781,6,6,4
452,777,454,774,457,781,6,6,4
452,777,449,778,445,771,5,5,4
454,774,452,777,445,771,5,5,4
451,767,451,763,459,771,18,6,3
454,774,451,767,459,771,6,6,4
451,763,451,767,445,771,7,5,4
451,767,454,774,445,771,5,5,4
449,751,449,750,459,748,21,15,7
449,750,449,747,459,748,13,9,3
451,760,446,757,449,751,82,33,21
446,757,451,760,451,763,38,9,5
451,760,449,751,459,748,76,46,35
468,762,451,760,459,748,54,29,23
451,760,468,762,463,768,66,24,18
451,763,451,760,463,768,54,15,11
436,737,443,741,439,744,25,11,5
448,733,443,741,436,737,7,5,3
443,741,448,733,456,737,6,6,4
422,715,420,721,413,715,3,4,2
424,723,420,721,422,715,5,6,3
438,701,444,704,444,719,4,5,2
520,796,513,808,513,799,13,9,7
518,791,520,796,513,799,55,16,12
520,796,534,805,513,808,21,11,9
520,796,525,794,534,805,46,21,17
523,790,520,796,518,791,105,41,31
525,794,520,796,523,790,124,61,49
581,786,585,794,578,793,32,18,10
581,786,576,783,583,780,14,15,12
581,786,578,793,575,790,21,15,9
574,785,581,786,575,790,10,11,6
581,786,574,785,576,783,12,13,9
586,798,582,806,581,802,51,14,6
577,796,586,798,581,802,93,28,12
585,794,586,798,577,796,114,41,18
586,798,594,813,582,806,24,10,7
594,813,586,798,600,809,17,10,8
607,793,607,810,600,809,16,8,4
607,810,607,793,616,803,9,6,4
607,793,618,792,616,803,9,6,4
618,792,607,793,612,789,25,9,4
519,852,519,860,511,861,69,19,6
507,849,519,852,511,861,57,17,6
519,852,507,849,522,847,21,11,4
526,855,519,852,522,847,28,10,4
519,852,526,855,519,860,66,20,7
529,865,533,864,532,866,20,8,6
533,864,529,865,534,862,35,11,5
532,866,533,864,536,870,19,10,6
533,864,534,862,536,870,27,11,6
531,885,532,876,544,880,32,22,19
532,890,531,885,544,880,40,24,22
532,876,531,885,518,882,13,13,10
526,894,532,890,530,897,56,23,19
526,894,516,897,523,892,35,20,12
516,897,526,894,530,897,44,20,13
507,895,516,897,506,896,49,22,16
516,897,507,895,513,893,47,21,15
507,895,505,888,513,893,40,14,11
507,895,506,896,504,889,39,12,9
505,888,507,895,504,889,37,11,8
512,906,516,897,529,913,58,22,14
509,908,512,906,510,912,54,24,14
512,906,509,908,504,902,43,20,12
512,906,529,913,521,921,53,20,11
510,912,512,906,521,921,65,24,14
506,896,512,906,504,902,48,22,15
516,897,512,906,506,896,55,23,17
438,853,438,852,441,852,28,9,2
438,852,438,853,430,848,19,8,2
488,466,489,465,490,470,60,59,52
489,465,488,466,489,464,43,46,37
489,465,499,467,490,470,68,16,17
489,465,489,464,499,467,82,11,16
489,166,490,167,487,168,21,21,20
487,164,489,166,487,168,22,22,20
490,167,489,166,492,160,17,16,10
489,166,487,164,492,160,22,19,13
517,394,516,396,514,393,68,53,43
516,396,517,394,519,398,69,35,22
516,396,508,401,514,393,79,78,71
516,396,519,398,508,401,77,73,64
527,379,527,381,526,378,112,113,105
527,381,527,379,533,381,64,65,58
527,379,526,378,535,377,94,95,88
533,381,527,379,535,377,74,75,68
454,273,455,274,449,275,100,101,94
454,271,454,273,449,275,105,106,99
454,273,454,271,455,274,42,43,36
456,269,454,271,454,265,44,45,37
456,269,456,264,459,267,54,55,46
456,264,456,269,454,265,48,49,42
461,271,456,269,459,267,67,69,59
456,269,461,271,455,274,63,64,55
454,271,456,269,455,274,44,45,38
268,175,268,170,271,168,127,71,49
268,175,270,179,263,177,101,57,36
268,170,268,175,263,177,103,71,49
275,183,275,176,284,182,120,98,70
270,179,275,176,275,183,110,75,52
275,176,268,175,271,168,117,67,42
268,175,275,176,270,179,110,66,44
293,181,290,165,303,173,93,77,53
290,165,294,160,303,173,99,84,61
281,164,284,163,285,164,77,61,44
271,165,281,164,280,167,87,48,28
267,159,271,165,268,163,73,51,27
282,153,271,165,267,159,83,47,29
281,164,271,165,282,153,92,49,32
285,155,284,157,282,153,79,59,44
284,157,281,164,282,153,74,54,38
420,182,416,180,417,177,101,28,16
423,181,420,182,417,177,118,31,17
416,180,420,182,414,186,55,27,19
422,188,437,187,423,196,131,44,18
437,187,422,188,433,181,122,39,17
420,182,422,188,414,186,56,31,23
414,186,422,188,412,193,37,28,21
418,198,422,188,423,196,64,31,15
422,188,418,198,412,193,38,24,16
425,227,431,231,424,232,35,36,33
431,231,434,233,432,241,36,37,34
424,232,431,231,432,241,35,35,33
431,231,435,229,434,233,37,38,35
431,231,435,228,435,229,33,33,31
435,228,431,231,426,224,34,35,32
431,231,425,227,426,224,38,39,36
565,127,570,124,566,129,7,6,4
570,124,570,130,566,129,8,7,5
570,130,570,124,571,123,12,12,9
570,124,565,127,569,120,6,6,4
571,123,570,124,569,120,7,7,5
290,329,291,325,293,330,17,3,4
291,325,290,329,284,328,17,2,2
290,329,276,347,284,328,29,1,1
308,342,301,337,315,334,19,2,0
309,343,308,342,315,334,17,2,1
308,342,309,343,307,354,23,2,2
190,116,189,115,194,110,12,11,4
189,115,190,116,184,114,15,14,7
189,115,192,105,194,110,13,13,6
189,115,184,114,192,105,14,14,6
461,352,465,352,465,358,111,48,33
465,352,467,360,465,358,128,45,18
465,352,461,352,464,346,124,114,105
468,349,465,352,464,346,119,84,69
467,360,465,352,471,361,114,54,33
465,352,468,349,471,361,119,59,39
294,154,291,149,294,147,47,39,28
300,148,294,154,294,147,35,29,17
294,154,285,155,291,149,55,47,34
294,154,300,148,302,155,36,29,16
295,158,294,154,302,155,45,35,17
285,155,294,154,294,160,57,44,29
294,154,295,158,294,160,73,61,45
129,344,134,345,131,352,66,55,42
135,341,134,345,129,344,52,42,33
131,352,134,345,137,353,64,54,41
134,345,146,348,137,353,30,21,14
184,376,185,372,190,373,80,44,28
185,372,184,376,180,377,94,46,28
184,363,178,365,179,361,9,8,4
183,366,178,365,184,363,10,9,5
178,365,174,358,179,361,11,10,6
171,370,178,365,180,377,60,29,17
185,372,178,365,183,366,27,18,10
178,365,185,372,180,377,55,29,17
162,354,174,358,162,359,21,20,16
181,342,162,354,167,336,14,12,8
174,358,162,354,181,342,16,14,10
146,348,149,356,141,358,28,11,5
153,367,149,356,162,359,45,25,17
149,356,153,347,157,349,50,28,21
149,356,146,348,153,347,60,27,22
162,354,149,356,157,349,35,21,14
149,356,162,354,162,359,36,20,14
213,412,186,410,213,408,3,3,1
189,420,186,410,213,412,5,4,2
141,358,138,360,137,353,60,49,36
138,360,132,355,137,353,59,48,35
103,377,118,385,106,387,21,3,2
117,368,109,366,118,364,19,4,2
117,368,103,377,109,366,16,3,1
117,368,118,385,103,377,18,3,2
118,385,117,368,123,378,10,2,1
139,400,154,433,129,409,3,2,2
139,400,131,400,135,395,10,3,3
276,347,274,349,272,348,22,4,1
276,350,274,349,276,347,22,4,1
274,349,270,356,272,348,20,10,6
274,349,276,350,270,356,24,14,10
110,232,112,228,115,236,32,17,11
112,228,110,232,105,231,41,15,7
105,238,110,232,115,236,22,16,10
172,238,163,237,164,236,73,60,46
172,238,179,241,172,245,61,51,31
179,241,172,238,172,232,116,96,72
180,244,180,243,190,242,87,75,56
180,243,179,241,190,242,82,71,51
179,241,180,243,180,244,90,79,60
160,237,154,240,155,231,69,60,47
160,237,155,231,162,230,69,58,44
154,240,160,237,157,247,43,36,26
160,237,163,237,157,247,33,27,17
164,236,160,237,162,230,38,28,17
163,237,160,237,164,236,35,27,16
171,246,169,249,162,250,25,22,11
163,237,171,246,162,250,31,25,14
171,246,172,245,174,251,42,33,23
169,249,171,246,174,251,40,33,23
171,246,172,238,172,245,46,38,23
172,238,171,246,163,237,36,29,17
180,298,194,295,181,306,27,22,13
178,296,180,298,165,303,24,21,12
180,298,181,306,165,303,23,20,12
183,289,180,298,178,296,30,24,14
180,298,183,289,194,295,36,29,19
195,274,195,272,203,270,44,37,24
195,272,195,274,193,273,36,27,10
195,272,188,263,203,270,56,46,31
188,263,195,272,187,265,68,56,39
195,272,193,273,187,265,65,53,36
189,278,186,279,182,274,63,52,34
183,289,186,279,196,290,45,35,23
186,279,189,278,196,290,44,34,22
192,275,182,274,193,273,62,50,32
192,275,189,278,182,274,63,51,34
195,274,192,275,193,273,34,25,8
243,310,247,309,247,312,21,1,1
243,310,247,312,245,318,46,3,7
247,308,243,310,240,305,15,3,0
247,309,243,310,247,308,11,3,0
240,305,243,310,233,304,28,2,1
243,310,228,323,233,304,47,1,2
228,323,243,310,245,318,49,1,2
103,369,103,367,109,366,8,1,0
103,367,102,362,109,366,9,1,0
93,371,103,367,103,369,16,4,3
103,367,93,371,102,362,15,3,2
424,806,426,804,427,808,39,10,6
421,811,424,806,427,808,69,19,7
426,804,424,806,423,803,28,5,4
424,806,422,805,423,803,38,10,3
420,810,424,806,421,811,75,19,7
422,805,424,806,420,810,72,20,7
391,709,389,715,388,715,89,22,12
389,715,389,716,388,715,56,7,0
397,712,389,715,391,709,69,22,14
389,716,389,715,397,712,84,29,17
427,743,436,745,424,748,56,20,10
421,742,424,748,396,757,4,4,1
414,735,421,742,396,757,7,4,1
426,734,424,723,434,736,15,8,4
641,555,637,547,645,553,38,26,18
641,555,637,557,637,547,61,31,22
637,557,631,552,637,547,93,37,20
622,551,631,552,626,559,39,34,30
631,552,622,551,629,543,52,28,16
637,547,631,552,629,543,86,35,19
628,562,635,561,634,563,24,19,12
635,561,631,552,637,557,80,32,16
635,561,628,562,626,559,34,26,17
631,552,635,561,626,559,55,32,23
601,613,599,617,592,609,18,18,16
601,611,601,613,592,609,18,17,16
601,613,601,611,606,613,25,28,25
601,613,606,613,603,620,19,21,18
599,617,601,613,603,620,15,17,14
591,559,590,558,596,556,121,107,96
590,558,588,557,595,549,156,116,104
596,556,590,558,595,549,127,104,94
590,558,589,562,588,557,202,148,132
590,558,591,559,589,562,146,111,94
601,587,601,586,609,582,69,70,63
601,586,600,584,609,582,72,73,66
600,584,601,586,601,587,91,92,85
656,372,657,368,659,367,21,5,0
657,368,656,372,653,369,10,8,4
657,368,657,360,659,367,10,5,0
657,368,653,369,657,360,19,19,16
643,396,646,395,650,399,19,6,6
646,395,655,391,650,399,86,28,28
640,393,646,395,643,396,34,20,17
646,395,640,393,639,389,44,25,19
646,395,639,389,655,383,49,22,18
655,391,646,395,655,383,47,16,16
476,570,485,568,483,572,44,2,4
483,572,485,568,484,573,33,2,3
485,568,478,562,486,567,55,6,7
485,568,476,570,478,562,54,6,8
485,568,490,566,484,573,32,2,2
490,566,485,568,486,567,46,2,4
491,587,487,582,493,582,24,22,18
489,589,491,587,493,592,27,27,23
485,585,491,587,489,589,20,18,14
491,587,485,585,487,582,16,13,10
500,584,491,587,493,582,25,24,20
491,587,500,584,493,592,21,22,18
547,684,552,680,555,682,14,12,8
553,672,556,669,564,671,36,9,3
553,670,553,672,551,675,27,10,3
556,669,553,672,553,670,33,8,3
585,674,581,673,586,668,125,59,43
593,669,585,674,586,668,129,53,38
595,675,585,674,593,669,107,36,23
585,674,595,675,593,683,18,11,9
585,674,572,692,581,673,15,11,7
538,700,539,697,556,709,10,10,7
539,697,541,690,556,709,12,10,7
539,697,538,700,534,698,60,18,5
527,690,528,693,525,688,15,11,8
527,683,527,690,525,688,13,13,9
532,689,527,690,527,683,24,14,8
534,691,534,698,528,693,101,21,9
534,691,539,697,534,698,95,20,7
539,697,534,691,541,690,84,18,6
534,691,534,687,541,690,108,19,7
534,691,532,689,534,687,85,20,8
574,484,578,474,582,482,72,73,64
582,471,587,463,591,466,42,39,33
582,465,587,463,582,471,49,49,42
587,463,590,464,591,466,32,25,20
582,473,578,474,582,471,56,58,51
578,474,582,473,583,479,51,54,47
583,479,582,473,590,480,44,43,36
590,480,582,473,591,466,44,42,35
582,473,582,471,591,466,41,39,33
545,609,545,610,542,608,16,17,12
545,610,545,611,542,608,16,17,12
545,611,545,610,550,608,33,33,29
545,610,547,607,550,608,34,35,31
545,610,545,609,547,607,33,33,29
662,345,652,339,659,337,27,26,24
663,342,662,345,659,337,18,17,13
652,339,662,345,655,349,23,22,20
655,349,662,345,660,358,13,11,9
662,345,672,347,660,358,42,4,4
662,345,663,342,672,347,29,4,4
579,407,571,410,574,403,50,31,19
581,405,579,407,574,403,34,22,12
579,407,581,405,584,406,103,48,33
588,417,579,407,584,406,120,45,34
587,418,579,407,588,417,112,42,31
585,384,584,398,574,389,40,36,30
584,398,585,384,592,389,122,47,30
586,400,584,398,592,389,117,42,24
586,428,592,427,589,430,92,22,13
592,427,586,421,593,424,110,28,12
592,427,586,428,586,421,101,26,12
592,427,607,429,596,437,75,36,28
607,429,592,427,593,424,65,33,24
588,438,591,441,586,440,95,54,49
587,436,588,438,586,440,92,75,75
590,434,587,436,589,430,61,14,10
590,434,592,427,596,437,141,36,20
592,427,590,434,589,430,119,23,8
590,434,588,438,587,436,77,35,31
591,441,590,434,596,437,137,34,18
588,438,590,434,591,441,80,21,13
590,453,586,458,581,456,49,47,41
586,458,590,453,591,457,50,41,34
586,458,591,457,591,460,51,42,36
581,456,586,458,578,459,54,56,49
586,458,582,465,578,459,60,61,54
571,308,564,306,566,300,46,47,41
564,306,560,304,566,300,57,59,53
566,315,564,306,571,308,53,54,48
561,315,564,306,566,315,69,70,65
564,306,561,315,557,310,59,60,55
600,327,603,331,603,332,16,17,14
603,331,600,327,606,328,28,29,26
603,331,606,334,603,332,12,12,10
600,327,597,324,607,321,43,44,40
597,324,607,316,607,321,38,39,36
597,324,592,322,607,316,34,34,32
592,322,597,324,592,323,33,34,32
597,324,600,327,592,323,38,39,37
630,276,630,281,625,280,32,28,25
630,275,630,276,623,279,35,34,32
630,276,625,280,623,279,36,35,32
630,281,630,276,645,277,65,44,36
645,277,630,276,639,270,54,33,27
630,276,630,275,631,273,40,38,37
639,270,630,276,631,273,26,23,21
660,321,655,319,656,316,52,30,14
663,312,660,321,656,316,79,30,15
668,313,660,321,663,312,63,23,12
660,321,673,319,667,326,52,19,12
660,321,668,313,673,319,47,18,10
645,327,648,323,652,328,36,23,20
644,317,648,323,645,327,71,41,33
672,306,668,309,667,304,22,22,19
669,311,668,309,672,306,16,15,13
668,309,668,313,663,312,19,17,9
668,313,668,309,669,311,16,17,13
650,314,646,315,641,310,83,51,38
646,315,644,317,641,310,124,83,64
635,378,639,375,640,379,142,101,86
638,374,639,375,635,378,149,114,100
639,375,643,373,640,379,85,46,33
639,375,638,374,643,373,108,71,59
486,372,483,367,487,363,125,127,119
480,370,483,367,486,372,76,77,70
483,367,480,370,479,369,67,68,63
487,363,483,367,476,359,122,123,115
483,367,479,369,476,359,98,100,93
578,419,578,424,573,420,45,40,32
578,419,579,407,587,418,105,44,33
578,424,578,419,586,421,34,34,27
578,419,587,418,586,421,38,32,25
571,410,578,419,573,420,115,57,44
579,407,578,419,571,410,106,51,38
616,489,619,486,619,490,75,30,22
616,501,616,489,619,490,68,33,21
616,489,616,501,612,501,42,36,30
615,488,616,489,612,501,43,36,30
585,499,585,500,581,501,49,50,39
585,495,585,499,581,501,73,69,55
585,499,585,495,592,493,57,54,44
585,499,593,502,585,500,53,53,46
585,499,592,493,593,502,54,52,43
531,339,533,345,526,341,76,78,68
534,333,531,339,526,334,98,100,88
531,339,525,335,526,334,64,67,55
525,335,531,339,526,341,52,54,43
542,343,542,342,544,347,169,171,161
542,343,533,345,542,342,149,150,141
548,353,539,352,544,347,132,133,124
538,357,539,352,548,353,80,82,72
539,352,542,343,544,347,160,162,152
542,343,539,352,533,345,182,183,174
530,356,539,352,538,357,126,128,118
539,352,530,356,533,345,167,169,159
513,296,510,295,519,289,140,141,132
510,295,513,296,512,300,51,53,43
505,322,509,324,509,325,58,51,40
506,328,505,322,509,325,88,83,71
509,324,505,322,508,319,68,52,41
505,322,505,321,508,319,83,60,49
502,320,505,322,506,328,119,93,83
505,321,505,322,502,320,115,81,71
449,750,446,749,449,747,61,37,30
446,749,442,755,439,744,81,35,23
446,749,449,750,449,751,85,52,40
420,721,411,726,413,715,13,8,4
411,726,403,718,413,715,48,22,14
450,708,456,706,452,711,6,6,4
450,708,452,711,444,719,5,5,3
444,704,450,708,444,719,4,5,2
442,698,444,704,438,701,6,7,4
442,698,444,686,447,688,11,5,3
444,686,442,698,440,683,15,4,3
442,698,438,701,440,683,10,4,4
581,786,593,789,585,794,43,20,8
594,778,593,789,583,780,12,11,7
593,789,581,786,583,780,12,13,9
601,778,593,789,594,778,24,12,6
593,789,586,798,585,794,83,26,9
586,798,593,789,600,809,48,17,8
593,789,607,793,600,809,39,13,7
608,791,601,778,612,789,60,19,10
607,793,608,791,612,789,40,14,4
608,791,593,789,601,778,45,17,8
593,789,608,791,607,793,91,25,9
529,887,531,885,532,890,41,23,23
529,887,526,894,523,892,35,21,16
526,894,529,887,532,890,46,22,20
518,882,529,887,523,892,22,18,14
531,885,529,887,518,882,18,17,14
435,858,422,863,423,856,91,88,77
435,858,427,869,422,863,91,91,81
425,853,435,858,423,856,51,42,33
435,858,425,853,430,848,37,27,20
438,853,435,858,430,848,40,27,20
275,176,283,172,284,182,119,96,69
283,172,290,182,284,182,111,95,67
283,172,280,167,285,164,83,63,48
290,165,283,172,285,164,117,99,75
290,182,283,172,293,181,95,79,54
283,172,290,165,293,181,109,92,66
285,161,284,163,281,164,75,60,43
284,157,285,161,281,164,76,58,42
284,163,285,161,285,164,92,76,59
285,161,290,165,285,164,65,48,35
290,165,285,161,294,160,83,66,50
285,161,285,155,294,160,58,44,30
285,161,284,157,285,155,90,74,58
422,183,423,181,433,181,100,28,13
422,188,422,183,433,181,119,34,13
422,183,420,182,423,181,129,42,25
422,183,422,188,420,182,93,41,31
308,342,296,346,301,337,24,2,0
296,346,300,336,301,337,25,3,0
296,346,307,354,295,354,25,3,1
296,346,308,342,307,354,25,2,1
284,352,296,346,295,354,27,3,1
300,336,296,346,293,330,24,2,1
296,346,290,329,293,330,26,2,2
276,347,296,346,284,352,28,3,2
290,329,296,346,276,347,28,1,1
171,364,178,365,171,370,19,12,6
178,365,171,364,174,358,12,11,7
162,369,171,364,171,370,29,16,7
159,346,159,343,167,336,16,14,10
162,354,159,346,167,336,13,12,7
159,346,162,354,157,349,9,10,4
153,347,159,346,157,349,20,18,9
159,346,153,347,159,343,22,19,12
162,369,165,380,153,375,60,21,12
165,380,162,369,171,370,65,21,11
165,380,180,377,167,384,42,17,9
165,380,171,370,180,377,75,29,17
139,400,151,384,156,389,5,3,1
145,381,151,384,135,395,3,4,1
151,384,139,400,135,395,3,3,1
159,368,153,367,162,359,45,29,20
159,368,153,375,153,367,66,29,20
159,368,162,369,153,375,65,24,15
213,403,191,396,212,385,3,2,0
191,396,211,384,212,385,4,2,0
191,396,213,403,213,408,2,2,0
186,410,191,396,213,408,3,2,0
191,396,186,410,180,406,8,7,3
186,410,183,411,180,406,6,5,1
126,373,131,365,132,377,30,6,4
131,365,126,373,130,365,26,6,2
119,388,119,396,106,387,26,4,3
118,385,119,388,106,387,22,3,2
119,388,118,385,123,378,8,4,0
127,378,126,373,132,377,34,5,6
126,373,127,378,123,378,24,2,6
127,378,119,388,123,378,8,3,1
117,368,122,372,123,378,11,1,1
122,372,126,373,123,378,20,1,4
131,403,139,400,129,409,10,2,2
139,400,131,403,131,400,8,2,2
131,403,129,409,119,396,26,2,1
131,400,131,403,119,396,24,3,2
110,232,104,235,105,231,30,16,9
104,235,110,232,105,238,23,15,9
102,228,104,235,94,229,47,12,7
104,235,102,228,105,231,40,13,7
104,235,92,230,94,229,48,12,8
92,230,104,235,87,238,43,14,8
104,235,105,238,87,238,34,15,9
171,235,172,238,164,236,79,65,51
172,238,171,235,172,232,122,101,78
171,235,164,236,165,229,83,65,52
172,232,171,235,165,229,93,73,58
183,279,180,281,180,280,66,57,40
182,274,183,279,180,280,65,54,38
186,279,183,279,182,274,66,55,36
183,279,186,279,183,289,47,37,24
180,281,183,279,181,288,46,37,24
183,279,183,289,181,288,45,36,23
192,275,198,285,189,278,45,35,22
189,278,198,285,196,290,43,33,22
198,285,195,274,202,280,38,30,19
198,285,192,275,195,274,43,34,22
203,289,198,285,202,280,27,19,10
436,745,427,740,434,736,68,27,14
427,743,427,740,436,745,84,35,20
427,740,426,734,434,736,51,19,8
426,734,427,740,422,738,87,24,13
422,738,420,740,414,735,53,10,3
420,740,421,742,414,735,39,7,2
421,742,420,740,422,738,48,5,1
424,743,427,743,424,748,20,5,1
421,742,424,743,424,748,12,4,2
424,743,427,740,427,743,69,16,8
424,743,421,742,422,738,56,9,3
427,740,424,743,422,738,71,15,8
422,725,420,721,424,723,7,7,5
422,725,411,726,420,721,20,11,7
416,732,422,738,414,735,74,21,11
416,732,426,734,422,738,79,23,11
641,555,643,558,637,557,70,25,16
643,558,635,561,637,557,87,28,16
648,559,643,558,645,553,33,18,9
643,558,641,555,645,553,26,15,9
635,561,638,566,634,563,53,21,9
634,563,638,566,636,569,34,17,7
638,566,639,570,636,569,41,20,8
643,558,638,566,635,561,85,29,15
638,566,643,558,648,559,85,28,17
641,572,638,566,648,559,94,29,17
638,566,641,572,639,570,71,25,13
552,680,547,677,551,675,29,11,2
547,677,552,680,547,684,17,10,4
551,675,547,677,543,674,90,16,8
547,677,547,684,543,674,98,19,11
581,673,574,672,573,670,91,24,10
572,692,574,672,581,673,17,11,7
574,672,564,671,573,670,65,15,7
582,701,595,690,596,693,9,10,7
597,695,582,701,596,693,9,9,7
582,701,597,695,596,703,10,11,8
568,705,556,710,556,709,9,9,7
570,719,568,705,571,718,10,11,8
556,710,568,705,570,719,9,10,7
574,694,585,674,593,683,13,11,7
585,674,574,694,572,692,13,11,8
595,690,574,694,593,683,10,11,8
582,701,574,694,595,690,10,11,8
574,694,568,705,572,692,12,12,10
527,690,528,692,528,693,24,13,10
528,692,527,690,532,689,44,13,7
528,692,534,691,528,693,82,19,9
534,691,528,692,532,689,67,16,7
570,483,570,492,566,494,103,69,54
570,483,565,480,567,477,68,67,59
558,490,570,483,566,494,122,62,48
565,480,570,483,558,490,109,65,52
578,474,570,483,567,477,75,76,67
574,484,570,483,578,474,77,79,70
570,396,581,399,574,403,42,43,39
581,399,581,405,574,403,31,32,25
581,399,570,396,574,389,39,40,36
584,398,581,399,574,389,41,39,35
581,399,586,400,581,405,65,39,23
581,399,584,398,586,400,58,40,31
587,461,587,463,582,465,56,56,49
586,458,587,461,582,465,63,64,57
587,461,586,458,591,460,50,41,35
590,464,587,461,591,460,39,30,25
587,463,587,461,590,464,33,26,22
560,305,564,306,557,310,52,53,49
564,306,560,305,560,304,59,61,55
553,309,560,305,557,310,75,77,70
560,304,560,305,553,309,78,80,74
660,321,658,322,655,319,45,35,20
658,322,660,325,652,328,31,28,24
655,319,658,322,652,328,32,31,26
655,319,650,320,650,314,27,20,17
650,320,646,315,650,314,41,25,25
650,320,655,319,652,328,27,27,25
648,323,650,320,652,328,27,23,23
650,320,648,323,644,317,60,35,31
646,315,650,320,644,317,58,31,28
668,309,665,308,667,304,32,33,30
665,308,668,309,663,312,20,19,12
667,304,665,308,658,301,38,33,27
665,308,663,312,658,301,44,30,21
542,342,534,338,534,333,84,85,75
534,338,531,339,534,333,145,147,136
533,345,534,338,542,342,120,121,112
531,339,534,338,533,345,132,133,124
523,291,514,298,519,289,112,114,106
514,298,513,296,519,289,150,151,142
521,305,514,298,523,291,125,121,111
516,304,514,298,521,305,157,151,140
512,300,514,298,516,304,138,139,128
513,296,514,298,512,300,69,71,61
446,749,447,746,449,747,44,25,20
449,747,447,746,456,737,6,6,3
447,746,443,741,456,737,8,6,4
403,718,405,728,401,727,79,29,20
411,726,405,728,403,718,71,30,20
405,728,401,731,401,727,27,4,3
456,706,452,700,458,703,7,6,5
450,708,452,700,456,706,7,7,5
452,700,450,708,444,704,5,5,3
460,701,452,700,456,694,17,6,1
452,700,460,701,458,703,8,5,4
442,698,452,700,444,704,5,6,4
456,694,452,700,447,688,29,10,6
452,700,442,698,447,688,11,5,3
427,869,441,862,442,872,70,72,65
435,858,441,862,427,869,94,94,85
441,862,445,865,442,872,50,49,43
441,862,441,852,449,855,62,43,39
445,865,441,862,449,855,66,55,50
441,862,438,853,441,852,78,65,58
441,862,435,858,438,853,85,73,65
283,172,279,169,280,167,60,40,31
279,169,283,172,275,176,94,72,49
279,169,275,176,271,168,103,69,44
271,165,279,169,271,168,92,52,29
279,169,271,165,280,167,87,49,28
144,380,147,375,145,381,29,19,14
165,380,152,379,153,375,53,20,10
152,379,165,380,156,389,49,26,17
147,375,152,379,145,381,34,23,18
163,362,159,368,162,359,23,19,9
159,368,163,362,162,369,27,18,9
163,362,171,364,162,369,23,16,7
174,358,163,362,162,359,21,20,14
171,364,163,362,174,358,19,18,12
191,396,190,387,211,384,4,2,0
211,384,190,387,194,371,12,5,3
190,387,190,373,194,371,29,17,13
175,409,177,405,180,406,11,9,5
183,411,175,409,180,406,8,6,2
166,388,162,391,156,389,62,30,22
165,380,166,388,156,389,58,33,22
166,388,165,380,167,384,21,19,7
180,377,179,387,167,384,34,15,8
154,433,168,421,169,429,6,3,1
179,425,182,419,189,420,13,12,8
132,363,131,365,130,365,9,4,1
132,355,132,363,125,357,14,10,2
132,363,130,365,125,357,9,7,1
138,360,132,363,132,355,49,38,25
134,390,127,378,132,377,14,3,3
144,380,134,390,132,377,6,4,1
127,378,134,390,119,388,10,3,1
134,390,145,381,135,395,3,4,0
134,390,144,380,145,381,3,4,0
119,388,134,390,119,396,17,3,2
134,390,131,400,119,396,19,3,2
131,400,134,390,135,395,16,3,4
126,373,125,370,130,365,22,4,2
122,372,125,370,126,373,17,1,4
196,290,198,287,203,289,29,21,11
198,287,198,285,203,289,25,17,7
198,285,198,287,196,290,34,25,14
416,732,422,726,426,734,44,20,13
426,734,422,726,424,723,20,8,4
422,726,422,725,424,723,6,6,4
422,725,422,726,411,726,32,17,12
422,726,416,732,411,726,65,31,24
574,672,563,685,564,671,17,11,7
563,685,574,672,572,692,13,11,8
583,704,596,703,583,719,10,11,8
583,704,582,701,596,703,12,13,10
570,483,573,486,570,492,87,71,60
573,486,570,483,574,484,50,52,41
570,492,573,486,573,496,128,82,67
573,486,585,495,573,496,148,102,89
585,495,573,486,582,482,130,94,82
573,486,574,484,582,482,81,74,63
658,322,660,322,660,325,51,43,33
660,322,658,322,660,321,59,48,31
660,325,660,322,667,326,69,29,18
660,322,660,321,667,326,72,30,18
443,741,443,742,439,744,24,11,5
447,746,443,742,443,741,16,8,4
443,742,446,749,439,744,64,33,23
443,742,447,746,446,749,51,32,25
406,733,407,730,414,735,43,12,6
407,730,416,732,414,735,56,18,11
416,732,407,730,411,726,83,34,25
153,375,150,374,153,367,58,19,8
152,379,150,374,153,375,38,22,14
150,374,152,379,147,375,42,27,21
141,366,132,363,138,360,40,27,15
132,363,141,366,131,365,36,23,12
131,365,141,366,132,377,49,16,8
141,366,138,360,141,358,52,39,25
149,356,141,366,141,358,40,21,12
141,366,149,356,153,367,52,26,17
151,384,151,382,156,389,16,6,2
151,382,152,379,156,389,22,10,5
151,382,151,384,145,381,9,10,4
152,379,151,382,145,381,19,15,10
186,381,184,376,190,373,68,32,17
162,391,167,398,162,395,72,43,33
166,388,167,398,162,391,65,40,30
175,409,170,404,177,405,25,15,9
170,404,173,397,177,405,16,15,8
173,397,170,404,169,401,13,11,5
170,404,175,409,170,417,40,24,17
174,392,166,388,167,384,12,9,5
179,387,174,392,167,384,10,8,4
173,397,174,392,175,393,6,7,3
174,392,179,390,175,393,12,10,7
179,390,174,392,179,387,9,6,4
172,422,179,425,176,426,60,37,26
169,429,172,422,176,426,68,33,24
168,421,172,422,169,429,52,17,12
182,419,184,417,189,420,14,12,8
184,417,186,410,189,420,14,13,9
184,417,183,411,186,410,13,12,8
178,416,182,419,179,425,18,15,11
172,422,178,416,179,425,45,28,19
125,369,117,368,118,364,6,2,1
125,370,125,369,130,365,15,3,1
125,369,122,372,117,368,10,2,2
125,369,125,370,122,372,12,1,3
125,357,125,369,118,364,5,2,1
130,365,125,369,125,357,9,5,1
563,685,560,683,564,671,13,11,9
553,672,560,683,555,682,9,10,7
560,683,553,672,564,671,11,10,7
560,683,559,686,555,682,10,12,9
560,683,563,685,559,686,12,14,11
566,691,563,685,572,692,11,13,10
568,705,566,691,572,692,12,12,10
566,691,568,705,556,709,9,10,7
571,718,578,703,583,719,10,10,8
578,703,583,704,583,719,11,11,9
568,705,578,703,571,718,9,10,7
578,703,574,694,582,701,11,11,9
574,694,578,703,568,705,11,11,9
406,729,405,728,411,726,88,29,20
407,730,406,729,411,726,86,28,19
406,729,407,730,406,733,31,1,5
406,729,406,733,401,731,18,2,3
405,728,406,729,401,731,26,3,5
141,366,143,376,132,377,54,17,9
143,376,144,380,132,377,13,5,2
143,376,147,375,144,380,30,19,14
150,374,147,371,153,367,62,20,9
147,371,141,366,153,367,75,27,16
147,371,150,374,147,375,56,26,14
143,376,147,371,147,375,57,27,17
147,371,143,376,141,366,68,29,18
190,387,187,383,190,373,43,21,10
187,383,186,381,190,373,58,28,14
184,376,184,380,180,377,71,22,10
186,381,184,380,184,376,63,21,9
187,383,184,380,186,381,33,12,3
173,397,178,398,177,405,17,18,11
178,398,173,397,175,393,10,11,6
177,405,178,398,180,406,13,12,7
167,398,170,398,169,401,20,15,7
170,398,173,397,169,401,8,10,4
170,398,174,392,173,397,6,7,3
170,398,167,398,166,388,13,10,4
174,392,170,398,166,388,10,8,4
160,402,170,404,170,417,51,22,18
162,395,160,402,156,389,46,16,11
160,402,139,400,156,389,9,3,2
168,421,160,402,170,417,46,19,15
139,400,160,402,154,433,3,2,1
160,402,168,421,154,433,17,7,5
172,418,168,421,170,417,89,38,32
172,418,172,422,168,421,83,34,28
172,418,178,416,172,422,41,26,16
175,409,172,418,170,417,51,30,23
178,416,172,418,175,409,21,13,8
180,415,175,409,183,411,6,5,1
180,415,178,416,175,409,6,5,1
184,417,180,415,183,411,10,9,5
180,415,184,417,182,419,14,12,8
178,416,180,415,182,419,15,13,9
559,686,562,688,556,709,9,10,7
562,688,566,691,556,709,9,9,7
563,685,562,688,559,686,11,13,10
566,691,562,688,563,685,11,12,10
583,704,582,702,582,701,12,12,10
582,702,578,703,582,701,15,15,13
578,703,582,702,583,704,14,15,12
180,386,179,387,180,377,35,14,5
184,380,180,386,180,377,38,14,5
180,386,184,380,187,383,24,11,3
182,394,190,387,191,396,11,9,6
182,394,191,396,180,406,10,8,5
178,398,182,394,180,406,16,15,10
179,390,182,394,175,393,12,11,7
182,394,178,398,175,393,17,17,12
170,404,165,399,169,401,56,35,27
160,402,165,399,170,404,57,28,22
165,399,167,398,169,401,50,34,25
183,388,187,383,190,387,12,9,4
183,388,180,386,187,383,13,9,4
182,394,183,388,190,387,12,10,6
183,388,182,394,179,390,10,8,4
183,388,179,390,179,387,6,5,1
180,386,183,388,179,387,6,5,1
164,398,160,402,162,395,74,31,25
164,398,165,399,160,402,72,32,26
167,398,164,398,162,395,75,44,34
165,399,164,398,167,398,80,56,44
378,490,377,487,378,486,152,150,146
380,490,378,490,378,486,166,165,161
290,892,275,895,289,891,72,32,20
275,895,290,892,286,906,77,32,20
268,925,272,929,268,926,71,41,31
272,929,268,925,271,922,79,45,35
239,905,232,912,237,902,41,43,39
232,912,229,910,237,902,33,34,30
72,4,70,0,103,0,2,2,2
101,4,72,4,103,0,2,2,2
314,55,304,64,300,60,21,15,8
309,50,314,55,300,60,16,13,8
470,32,470,31,477,25,21,14,7
480,37,470,32,477,25,20,13,7
373,937,371,940,361,935,17,14,10
361,935,371,940,365,941,18,15,11
284,599,283,606,283,601,6,6,4
283,606,284,599,284,608,6,6,4
181,817,182,815,185,821,27,18,10
182,815,184,814,185,821,28,19,9
502,202,497,188,502,186,24,25,23
497,188,502,202,497,200,22,23,21
436,152,437,145,437,151,12,10,10
437,145,436,152,428,148,11,9,6
353,498,348,495,359,495,165,163,158
359,495,348,495,347,492,170,168,163
327,87,323,82,328,78,96,41,29
328,78,323,82,327,78,99,42,29
345,46,351,49,346,50,42,18,10
351,49,345,46,348,44,27,13,4
403,896,407,899,399,898,64,29,15
399,898,407,899,403,905,77,31,20
279,679,278,678,284,675,51,16,10
278,678,282,673,284,675,49,14,8
8,634,20,652,1,643,1,1,1
20,652,8,634,23,643,1,1,1
285,701,276,699,285,700,20,4,1
276,699,285,701,276,702,21,4,1
711,396,711,388,717,400,2,3,0
711,388,714,385,717,400,2,3,0
541,262,545,269,540,263,49,52,46
545,269,541,262,547,267,53,56,50
434,522,444,519,444,523,146,147,142
444,519,434,522,434,520,150,151,146
330,419,326,418,331,415,175,171,166
326,418,327,414,331,415,177,173,168
316,130,316,146,305,139,25,22,14
316,130,305,139,305,137,25,22,14
240,15,240,19,239,16,69,30,28
240,19,240,15,242,19,60,29,25
165,533,166,541,163,535,20,5,5
166,541,165,533,170,534,19,5,5
341,861,340,860,346,859,46,48,42
346,859,340,860,342,855,66,68,62
324,713,330,722,322,723,6,5,3
330,722,324,713,331,717,6,5,3
394,557,396,554,396,555,78,70,66
396,554,394,557,394,552,86,79,75
371,559,364,580,363,579,9,2,1
364,580,371,559,381,563,9,1,1
536,599,537,600,532,600,11,12,8
537,600,536,604,532,600,10,11,8
568,541,567,538,579,530,53,53,46
579,530,567,538,567,536,48,47,41
643,260,640,260,643,259,86,42,30
640,260,643,260,641,261,83,41,29
453,245,456,243,456,248,58,30,20
453,245,456,248,453,246,57,38,27
395,391,399,392,401,397,19,5,2
401,397,399,392,400,393,22,4,1
292,257,293,252,299,258,35,30,26
293,252,300,256,299,258,31,27,22
195,908,194,911,191,905,16,7,2
194,911,188,909,191,905,13,6,2
205,708,202,709,207,706,24,10,6
207,706,202,709,195,702,29,9,7
297,840,297,841,292,843,32,11,1
292,838,297,840,292,843,26,10,2
338,657,336,662,324,650,43,14,9
336,662,335,663,324,650,33,9,5
489,335,488,333,491,336,111,86,72
491,336,488,333,491,329,159,124,113
449,291,448,292,449,285,61,63,55
448,292,445,293,449,285,79,80,74
495,383,505,389,497,397,53,54,47
494,396,495,383,497,397,36,36,29
434,204,429,202,441,190,104,33,15
441,201,434,204,441,190,93,35,19
538,115,543,119,534,120,17,16,12
543,119,538,124,534,120,18,14,9
402,360,401,360,408,346,148,1,4
408,346,401,360,396,358,140,1,3
335,440,326,437,338,433,171,165,160
338,433,326,437,326,432,177,172,167
234,198,235,202,232,199,92,78,58
235,202,234,198,236,200,105,91,70
440,104,443,105,444,107,5,7,2
440,104,444,107,444,108,5,7,2
630,801,630,800,647,800,4,3,1
647,800,630,800,632,795,4,4,1
240,569,243,566,255,572,6,5,2
239,574,240,569,255,572,6,5,3
236,757,233,754,243,746,32,26,17
236,757,243,746,244,747,37,29,20
266,771,265,770,273,762,53,26,14
266,771,273,762,275,765,52,26,13
629,758,629,751,630,756,34,21,9
629,751,629,758,621,750,14,11,7
636,613,644,619,640,621,10,10,7
644,619,636,613,645,616,11,11,8
593,532,596,538,593,535,143,112,100
596,538,593,532,599,529,104,85,73
668,425,668,434,666,431,56,1,3
668,434,668,425,676,433,94,86,78
510,637,510,635,518,638,69,64,59
518,638,510,635,518,634,58,54,49
520,428,505,433,515,423,58,5,5
520,428,515,423,517,424,32,11,9
595,266,590,261,601,260,22,23,18
601,260,590,261,595,255,37,38,33
467,832,471,834,468,835,22,8,5
471,834,467,832,470,831,14,5,4
482,471,486,478,485,480,147,149,142
482,471,485,480,479,471,151,152,146
505,374,504,375,499,365,111,109,104
499,365,504,375,497,366,116,115,109
395,308,389,302,401,306,24,25,23
389,302,401,296,401,306,26,28,25
539,151,531,152,535,149,26,18,12
531,152,539,151,531,155,23,19,13
109,345,112,347,110,346,26,4,8
112,347,109,345,118,338,11,4,2
112,347,104,355,110,346,19,4,4
104,355,112,347,113,348,19,4,4
415,873,420,872,415,874,55,26,17
420,872,420,875,415,874,55,25,17
628,768,626,765,628,761,71,26,15
626,765,626,764,628,761,67,26,15
602,570,602,578,594,574,154,155,149
602,570,594,574,599,569,133,134,128
587,603,595,604,588,608,61,33,24
595,604,587,603,594,602,106,40,26
509,731,514,730,514,734,106,12,5
509,731,514,734,509,733,108,12,5
627,436,627,435,631,432,117,80,65
627,435,630,432,631,432,117,80,66
578,319,579,314,579,317,71,28,18
579,314,578,319,578,312,76,32,22
463,474,462,476,459,470,155,156,149
462,476,460,477,459,470,165,166,158
461,271,462,270,468,278,95,92,82
465,279,461,271,468,278,89,88,78
312,211,319,209,319,215,42,34,25
312,213,312,211,319,215,43,35,26
152,311,155,310,154,312,5,5,2
152,311,154,312,153,312,5,4,2
162,250,156,247,157,247,15,12,2
156,247,162,250,150,253,29,25,16
406,872,408,877,396,877,35,30,23
406,872,396,877,398,872,32,31,24
589,276,589,283,584,285,122,38,15
584,274,589,276,584,285,109,35,16
593,502,595,504,584,505,56,55,51
595,504,592,513,584,505,63,53,46
527,362,528,355,529,358,90,91,82
528,355,527,362,521,354,104,106,96
494,427,500,434,491,431,177,29,37
500,434,494,436,491,431,197,48,56
514,388,511,390,513,388,50,46,45
511,390,514,388,514,393,41,40,37
539,713,538,700,545,716,11,11,10
545,716,538,700,556,709,10,11,9
594,267,593,268,587,264,15,15,12
594,267,587,264,590,261,19,19,16
586,428,577,425,578,424,24,24,19
577,425,586,428,581,433,25,25,20
449,778,452,777,450,781,7,7,5
452,777,453,780,450,781,6,6,5
268,170,271,165,271,168,108,59,36
271,165,268,170,268,163,103,59,35
146,348,134,345,144,339,19,8,4
134,345,135,341,144,339,12,4,2
552,680,553,672,555,682,10,11,8
553,672,552,680,551,675,11,9,4
603,331,609,331,606,334,12,12,10
609,331,603,331,606,328,30,30,27
616,489,615,488,616,485,67,31,23
619,486,616,489,616,485,86,32,25
446,749,446,757,442,755,87,34,24
446,757,446,749,449,751,90,37,24
